date,Bitcoin Investment_unscaled,Bitcoin Investment_monthly,isPartial,scale,Bitcoin Investment
2022-01-01,60,,,,
2022-01-02,65,100.0,False,1.0,65.0
2022-01-03,64,100.0,,1.0,64.0
2022-01-04,75,100.0,,1.0,75.0
2022-01-05,80,100.0,,1.0,80.0
2022-01-06,57,100.0,,1.0,57.0
2022-01-07,68,100.0,,1.0,68.0
2022-01-08,62,100.0,,1.0,62.0
2022-01-09,36,67.0,False,0.67,24.12
2022-01-10,40,67.0,,0.67,26.8
2022-01-11,49,67.0,,0.67,32.830000000000005
2022-01-12,46,67.0,,0.67,30.82
2022-01-13,20,67.0,,0.67,13.4
2022-01-14,69,67.0,,0.67,46.230000000000004
2022-01-15,56,67.0,,0.67,37.52
2022-01-16,52,76.0,False,0.76,39.52
2022-01-17,44,76.0,,0.76,33.44
2022-01-18,51,76.0,,0.76,38.76
2022-01-19,52,76.0,,0.76,39.52
2022-01-20,17,76.0,,0.76,12.92
2022-01-21,68,76.0,,0.76,51.68
2022-01-22,31,76.0,,0.76,23.56
2022-01-23,65,92.0,False,0.92,59.800000000000004
2022-01-24,100,92.0,,0.92,92.0
2022-01-25,55,92.0,,0.92,50.6
2022-01-26,28,92.0,,0.92,25.76
2022-01-27,43,92.0,,0.92,39.56
2022-01-28,66,92.0,,0.92,60.720000000000006
2022-01-29,89,92.0,,0.92,81.88000000000001
2022-01-30,0,84.0,False,0.84,0.0
2022-01-31,56,84.0,,0.84,47.04
2022-02-01,43,84.0,,0.84,36.12
2022-02-02,64,84.0,,0.84,53.76
2022-02-03,76,84.0,,0.84,63.839999999999996
2022-02-04,100,84.0,,0.84,84.0
2022-02-05,74,84.0,,0.84,62.16
2022-02-06,83,96.0,False,0.96,79.67999999999999
2022-02-07,77,96.0,,0.96,73.92
2022-02-08,61,96.0,,0.96,58.559999999999995
2022-02-09,88,96.0,,0.96,84.47999999999999
2022-02-10,80,96.0,,0.96,76.8
2022-02-11,43,96.0,,0.96,41.28
2022-02-12,69,96.0,,0.96,66.24
2022-02-13,30,75.0,False,0.75,22.5
2022-02-14,26,75.0,,0.75,19.5
2022-02-15,41,75.0,,0.75,30.75
2022-02-16,47,75.0,,0.75,35.25
2022-02-17,97,75.0,,0.75,72.75
2022-02-18,45,75.0,,0.75,33.75
2022-02-19,98,75.0,,0.75,73.5
2022-02-20,77,57.0,False,0.57,43.88999999999999
2022-02-21,42,57.0,,0.57,23.939999999999998
2022-02-22,30,57.0,,0.57,17.099999999999998
2022-02-23,41,57.0,,0.57,23.369999999999997
2022-02-24,58,57.0,,0.57,33.059999999999995
2022-02-25,29,57.0,,0.57,16.529999999999998
2022-02-26,24,57.0,,0.57,13.68
2022-02-27,43,76.0,False,0.76,32.68
2022-02-28,54,76.0,,0.76,41.04
2022-03-01,52,76.0,,0.76,39.52
2022-03-02,100,76.0,,0.76,76.0
2022-03-03,84,76.0,,0.76,63.84
2022-03-04,49,76.0,,0.76,37.24
2022-03-05,81,76.0,,0.76,61.56
2022-03-06,33,60.0,False,0.6,19.8
2022-03-07,70,60.0,,0.6,42.0
2022-03-08,71,60.0,,0.6,42.6
2022-03-09,62,60.0,,0.6,37.199999999999996
2022-03-10,32,60.0,,0.6,19.2
2022-03-11,61,60.0,,0.6,36.6
2022-03-12,47,60.0,,0.6,28.2
2022-03-13,42,59.0,False,0.59,24.779999999999998
2022-03-14,41,59.0,,0.59,24.189999999999998
2022-03-15,56,59.0,,0.59,33.04
2022-03-16,60,59.0,,0.59,35.4
2022-03-17,47,59.0,,0.59,27.729999999999997
2022-03-18,60,59.0,,0.59,35.4
2022-03-19,41,59.0,,0.59,24.189999999999998
2022-03-20,31,49.0,False,0.49,15.19
2022-03-21,59,49.0,,0.49,28.91
2022-03-22,45,49.0,,0.49,22.05
2022-03-23,48,49.0,,0.49,23.52
2022-03-24,60,49.0,,0.49,29.4
2022-03-25,37,49.0,,0.49,18.13
2022-03-26,51,49.0,,0.49,24.99
2022-03-27,58,69.0,False,0.69,40.019999999999996
2022-03-28,87,69.0,,0.69,60.029999999999994
2022-03-29,77,69.0,,0.69,53.129999999999995
2022-03-30,64,69.0,,0.69,44.16
2022-03-31,83,69.0,,0.69,57.269999999999996
2022-04-01,0,69.0,,0.69,0.0
2022-04-02,49,69.0,,0.69,33.809999999999995
2022-04-03,65,65.0,False,0.65,42.25
2022-04-04,41,65.0,,0.65,26.650000000000002
2022-04-05,34,65.0,,0.65,22.1
2022-04-06,49,65.0,,0.65,31.85
2022-04-07,32,65.0,,0.65,20.8
2022-04-08,45,65.0,,0.65,29.25
2022-04-09,66,65.0,,0.65,42.9
2022-04-10,56,62.0,False,0.62,34.72
2022-04-11,65,62.0,,0.62,40.3
2022-04-12,100,62.0,,0.62,62.0
2022-04-13,40,62.0,,0.62,24.8
2022-04-14,73,62.0,,0.62,45.26
2022-04-15,73,62.0,,0.62,45.26
2022-04-16,47,62.0,,0.62,29.14
2022-04-17,40,63.0,False,0.63,25.2
2022-04-18,45,63.0,,0.63,28.35
2022-04-19,39,63.0,,0.63,24.57
2022-04-20,20,63.0,,0.63,12.6
2022-04-21,14,63.0,,0.63,8.82
2022-04-22,53,63.0,,0.63,33.39
2022-04-23,61,63.0,,0.63,38.43
2022-04-24,28,59.0,False,0.59,16.52
2022-04-25,41,59.0,,0.59,24.189999999999998
2022-04-26,40,59.0,,0.59,23.599999999999998
2022-04-27,47,59.0,,0.59,27.729999999999997
2022-04-28,49,59.0,,0.59,28.91
2022-04-29,37,59.0,,0.59,21.83
2022-04-30,58,59.0,,0.59,34.22
2022-05-01,58,52.0,False,0.52,30.16
2022-05-02,34,52.0,,0.52,17.68
2022-05-03,48,52.0,,0.52,24.96
2022-05-04,52,52.0,,0.52,27.04
2022-05-05,11,52.0,,0.52,5.720000000000001
2022-05-06,30,52.0,,0.52,15.600000000000001
2022-05-07,48,52.0,,0.52,24.96
2022-05-08,46,86.0,False,0.86,39.56
2022-05-09,55,86.0,,0.86,47.3
2022-05-10,100,86.0,,0.86,86.0
2022-05-11,62,86.0,,0.86,53.32
2022-05-12,28,86.0,,0.86,24.08
2022-05-13,62,86.0,,0.86,53.32
2022-05-14,63,86.0,,0.86,54.18
2022-05-15,63,59.0,False,0.59,37.169999999999995
2022-05-16,38,59.0,,0.59,22.419999999999998
2022-05-17,35,59.0,,0.59,20.65
2022-05-18,36,59.0,,0.59,21.24
2022-05-19,69,59.0,,0.59,40.71
2022-05-20,43,59.0,,0.59,25.369999999999997
2022-05-21,27,59.0,,0.59,15.93
2022-05-22,28,51.0,False,0.51,14.280000000000001
2022-05-23,27,51.0,,0.51,13.77
2022-05-24,66,51.0,,0.51,33.660000000000004
2022-05-25,29,51.0,,0.51,14.790000000000001
2022-05-26,0,51.0,,0.51,0.0
2022-05-27,23,51.0,,0.51,11.73
2022-05-28,57,51.0,,0.51,29.07
2022-05-29,24,42.0,False,0.42,10.08
2022-05-30,31,42.0,,0.42,13.02
2022-05-31,38,42.0,,0.42,15.959999999999999
2022-06-01,21,42.0,,0.42,8.82
2022-06-02,21,42.0,,0.42,8.82
2022-06-03,31,42.0,,0.42,13.02
2022-06-04,23,42.0,,0.42,9.66
2022-06-05,57,56.0,False,0.56,31.92
2022-06-06,0,56.0,,0.56,0.0
2022-06-07,54,56.0,,0.56,30.240000000000002
2022-06-08,19,56.0,,0.56,10.64
2022-06-09,23,56.0,,0.56,12.88
2022-06-10,32,56.0,,0.56,17.92
2022-06-11,15,56.0,,0.56,8.4
2022-06-12,30,75.0,False,0.75,22.5
2022-06-13,92,75.0,,0.75,69.0
2022-06-14,61,75.0,,0.75,45.75
2022-06-15,20,75.0,,0.75,15.0
2022-06-16,52,75.0,,0.75,39.0
2022-06-17,60,75.0,,0.75,45.0
2022-06-18,100,75.0,,0.75,75.0
2022-06-19,45,66.0,False,0.66,29.700000000000003
2022-06-20,28,66.0,,0.66,18.48
2022-06-21,43,66.0,,0.66,28.380000000000003
2022-06-22,33,66.0,,0.66,21.78
2022-06-23,80,66.0,,0.66,52.800000000000004
2022-06-24,39,66.0,,0.66,25.740000000000002
2022-06-25,43,66.0,,0.66,28.380000000000003
2022-06-26,39,40.0,False,0.4,15.600000000000001
2022-06-27,55,40.0,,0.4,22.0
2022-06-28,16,40.0,,0.4,6.4
2022-06-29,19,40.0,,0.4,7.6000000000000005
2022-06-30,34,40.0,,0.4,13.600000000000001
2022-07-01,47,40.0,,0.4,18.8
2022-07-02,70,40.0,,0.4,28.0
2022-07-03,100,44.0,False,0.44,44.0
2022-07-04,61,44.0,,0.44,26.84
2022-07-05,67,44.0,,0.44,29.48
2022-07-06,70,44.0,,0.44,30.8
2022-07-07,52,44.0,,0.44,22.88
2022-07-08,50,44.0,,0.44,22.0
2022-07-09,46,44.0,,0.44,20.24
2022-07-10,47,45.0,False,0.45,21.150000000000002
2022-07-11,78,45.0,,0.45,35.1
2022-07-12,77,45.0,,0.45,34.65
2022-07-13,23,45.0,,0.45,10.35
2022-07-14,53,45.0,,0.45,23.85
2022-07-15,72,45.0,,0.45,32.4
2022-07-16,97,45.0,,0.45,43.65
2022-07-17,31,48.0,False,0.48,14.879999999999999
2022-07-18,0,48.0,,0.48,0.0
2022-07-19,80,48.0,,0.48,38.4
2022-07-20,46,48.0,,0.48,22.08
2022-07-21,0,48.0,,0.48,0.0
2022-07-22,71,48.0,,0.48,34.08
2022-07-23,56,48.0,,0.48,26.88
2022-07-24,66,48.0,False,0.48,31.68
2022-07-25,59,48.0,,0.48,28.32
2022-07-26,78,48.0,,0.48,37.44
2022-07-27,44,48.0,,0.48,21.119999999999997
2022-07-28,68,48.0,,0.48,32.64
2022-07-29,63,48.0,,0.48,30.24
2022-07-30,34,48.0,,0.48,16.32
2022-07-31,44,28.0,False,0.28,12.32
2022-08-01,24,28.0,,0.28,6.720000000000001
2022-08-02,41,28.0,,0.28,11.48
2022-08-03,52,28.0,,0.28,14.560000000000002
2022-08-04,71,28.0,,0.28,19.880000000000003
2022-08-05,100,28.0,,0.28,28.000000000000004
2022-08-06,0,28.0,,0.28,0.0
2022-08-07,0,36.0,False,0.36,0.0
2022-08-08,53,36.0,,0.36,19.08
2022-08-09,98,36.0,,0.36,35.28
2022-08-10,97,36.0,,0.36,34.92
2022-08-11,95,36.0,,0.36,34.199999999999996
2022-08-12,51,36.0,,0.36,18.36
2022-08-13,77,36.0,,0.36,27.72
2022-08-14,89,40.0,False,0.4,35.6
2022-08-15,22,40.0,,0.4,8.8
2022-08-16,44,40.0,,0.4,17.6
2022-08-17,82,40.0,,0.4,32.800000000000004
2022-08-18,49,40.0,,0.4,19.6
2022-08-19,87,40.0,,0.4,34.800000000000004
2022-08-20,28,40.0,,0.4,11.200000000000001
2022-08-21,72,38.0,False,0.38,27.36
2022-08-22,21,38.0,,0.38,7.98
2022-08-23,91,38.0,,0.38,34.58
2022-08-24,33,38.0,,0.38,12.540000000000001
2022-08-25,22,38.0,,0.38,8.36
2022-08-26,58,38.0,,0.38,22.04
2022-08-27,92,38.0,,0.38,34.96
2022-08-28,50,32.0,False,0.32,16.0
2022-08-29,31,32.0,,0.32,9.92
2022-08-30,72,32.0,,0.32,23.04
2022-08-31,0,32.0,,0.32,0.0
2022-09-01,81,32.0,,0.32,25.92
2022-09-02,25,32.0,,0.32,8.0
2022-09-03,0,32.0,,0.32,0.0
2022-09-04,68,39.0,False,0.39,26.52
2022-09-05,36,39.0,,0.39,14.040000000000001
2022-09-06,0,39.0,,0.39,0.0
2022-09-07,73,39.0,,0.39,28.470000000000002
2022-09-08,58,39.0,,0.39,22.62
2022-09-09,46,39.0,,0.39,17.94
2022-09-10,0,39.0,,0.39,0.0
2022-09-11,42,35.0,False,0.35,14.7
2022-09-12,63,35.0,,0.35,22.049999999999997
2022-09-13,87,35.0,,0.35,30.45
2022-09-14,21,35.0,,0.35,7.35
2022-09-15,51,35.0,,0.35,17.849999999999998
2022-09-16,72,35.0,,0.35,25.2
2022-09-17,0,35.0,,0.35,0.0
2022-09-18,34,41.0,False,0.41,13.94
2022-09-19,100,41.0,,0.41,41.0
2022-09-20,77,41.0,,0.41,31.569999999999997
2022-09-21,48,41.0,,0.41,19.68
2022-09-22,19,41.0,,0.41,7.789999999999999
2022-09-23,70,41.0,,0.41,28.7
2022-09-24,93,41.0,,0.41,38.129999999999995
2022-09-25,56,31.0,False,0.31,17.36
2022-09-26,45,31.0,,0.31,13.95
2022-09-27,0,31.0,,0.31,0.0
2022-09-28,21,31.0,,0.31,6.51
2022-09-29,71,31.0,,0.31,22.01
2022-09-30,53,31.0,,0.31,16.43
2022-10-01,31,31.0,,0.31,9.61
2022-10-02,44,35.0,False,0.35,15.399999999999999
2022-10-03,45,35.0,,0.35,15.749999999999998
2022-10-04,26,35.0,,0.35,9.1
2022-10-05,32,35.0,,0.35,11.2
2022-10-06,45,35.0,,0.35,15.749999999999998
2022-10-07,48,35.0,,0.35,16.799999999999997
2022-10-08,0,35.0,,0.35,0.0
2022-10-09,100,25.0,False,0.25,25.0
2022-10-10,0,25.0,,0.25,0.0
2022-10-11,17,25.0,,0.25,4.25
2022-10-12,31,25.0,,0.25,7.75
2022-10-13,37,25.0,,0.25,9.25
2022-10-14,35,25.0,,0.25,8.75
2022-10-15,0,25.0,,0.25,0.0
2022-10-16,61,29.0,False,0.29,17.689999999999998
2022-10-17,32,29.0,,0.29,9.28
2022-10-18,0,29.0,,0.29,0.0
2022-10-19,35,29.0,,0.29,10.149999999999999
2022-10-20,24,29.0,,0.29,6.959999999999999
2022-10-21,31,29.0,,0.29,8.99
2022-10-22,52,29.0,,0.29,15.079999999999998
2022-10-23,0,27.0,False,0.27,0.0
2022-10-24,55,27.0,,0.27,14.850000000000001
2022-10-25,39,27.0,,0.27,10.530000000000001
2022-10-26,20,27.0,,0.27,5.4
2022-10-27,18,27.0,,0.27,4.86
2022-10-28,0,27.0,,0.27,0.0
2022-10-29,33,27.0,,0.27,8.91
2022-10-30,50,34.0,False,0.34,17.0
2022-10-31,47,34.0,,0.34,15.98
2022-11-01,47,34.0,,0.34,15.98
2022-11-02,31,34.0,,0.34,10.540000000000001
2022-11-03,18,34.0,,0.34,6.12
2022-11-04,71,34.0,,0.34,24.14
2022-11-05,0,34.0,,0.34,0.0
2022-11-06,51,50.0,False,0.5,25.5
2022-11-07,40,50.0,,0.5,20.0
2022-11-08,22,50.0,,0.5,11.0
2022-11-09,52,50.0,,0.5,26.0
2022-11-10,87,50.0,,0.5,43.5
2022-11-11,47,50.0,,0.5,23.5
2022-11-12,81,50.0,,0.5,40.5
2022-11-13,100,54.0,False,0.54,54.0
2022-11-14,44,54.0,,0.54,23.76
2022-11-15,49,54.0,,0.54,26.46
2022-11-16,53,54.0,,0.54,28.62
2022-11-17,99,54.0,,0.54,53.46
2022-11-18,22,54.0,,0.54,11.88
2022-11-19,34,54.0,,0.54,18.36
2022-11-20,0,32.0,False,0.32,0.0
2022-11-21,57,32.0,,0.32,18.240000000000002
2022-11-22,23,32.0,,0.32,7.36
2022-11-23,67,32.0,,0.32,21.44
2022-11-24,38,32.0,,0.32,12.16
2022-11-25,19,32.0,,0.32,6.08
2022-11-26,34,32.0,,0.32,10.88
2022-11-27,28,35.0,False,0.35,9.799999999999999
2022-11-28,43,35.0,,0.35,15.049999999999999
2022-11-29,30,35.0,,0.35,10.5
2022-11-30,26,35.0,,0.35,9.1
2022-12-01,32,35.0,,0.35,11.2
2022-12-02,57,35.0,,0.35,19.95
2022-12-03,42,35.0,,0.35,14.7
2022-12-04,70,30.0,False,0.3,21.0
2022-12-05,51,30.0,,0.3,15.299999999999999
2022-12-06,0,30.0,,0.3,0.0
2022-12-07,28,30.0,,0.3,8.4
2022-12-08,19,30.0,,0.3,5.7
2022-12-09,42,30.0,,0.3,12.6
2022-12-10,0,30.0,,0.3,0.0
2022-12-11,19,44.0,False,0.44,8.36
2022-12-12,24,44.0,,0.44,10.56
2022-12-13,49,44.0,,0.44,21.56
2022-12-14,79,44.0,,0.44,34.76
2022-12-15,80,44.0,,0.44,35.2
2022-12-16,41,44.0,,0.44,18.04
2022-12-17,0,44.0,,0.44,0.0
2022-12-18,47,22.0,False,0.22,10.34
2022-12-19,43,22.0,,0.22,9.46
2022-12-20,0,22.0,,0.22,0.0
2022-12-21,48,22.0,,0.22,10.56
2022-12-22,78,22.0,,0.22,17.16
2022-12-23,78,22.0,,0.22,17.16
2022-12-24,17,22.0,,0.22,3.74
2022-12-25,100,21.0,False,0.21,21.0
2022-12-26,34,21.0,,0.21,7.14
2022-12-27,0,21.0,,0.21,0.0
2022-12-28,55,21.0,,0.21,11.549999999999999
2022-12-29,25,21.0,,0.21,5.25
2022-12-30,42,21.0,,0.21,8.82
2022-12-31,0,21.0,,0.21,0.0
2023-01-01,40,28.0,False,0.28,11.200000000000001
2023-01-02,0,28.0,,0.28,0.0
2023-01-03,100,28.0,,0.28,28.000000000000004
2023-01-04,16,28.0,,0.28,4.48
2023-01-05,34,28.0,,0.28,9.520000000000001
2023-01-06,43,28.0,,0.28,12.040000000000001
2023-01-07,34,28.0,,0.28,9.520000000000001
2023-01-08,63,38.0,False,0.38,23.94
2023-01-09,36,38.0,,0.38,13.68
2023-01-10,21,38.0,,0.38,7.98
2023-01-11,31,38.0,,0.38,11.78
2023-01-12,22,38.0,,0.38,8.36
2023-01-13,0,38.0,,0.38,0.0
2023-01-14,18,38.0,,0.38,6.84
2023-01-15,55,42.0,False,0.42,23.099999999999998
2023-01-16,26,42.0,,0.42,10.92
2023-01-17,59,42.0,,0.42,24.779999999999998
2023-01-18,57,42.0,,0.42,23.939999999999998
2023-01-19,36,42.0,,0.42,15.12
2023-01-20,40,42.0,,0.42,16.8
2023-01-21,0,42.0,,0.42,0.0
2023-01-22,21,40.0,False,0.4,8.4
2023-01-23,51,40.0,,0.4,20.400000000000002
2023-01-24,34,40.0,,0.4,13.600000000000001
2023-01-25,33,40.0,,0.4,13.200000000000001
2023-01-26,17,40.0,,0.4,6.800000000000001
2023-01-27,22,40.0,,0.4,8.8
2023-01-28,61,40.0,,0.4,24.400000000000002
2023-01-29,36,42.0,False,0.42,15.12
2023-01-30,13,42.0,,0.42,5.46
2023-01-31,66,42.0,,0.42,27.72
2023-02-01,70,42.0,,0.42,29.4
2023-02-02,61,42.0,,0.42,25.619999999999997
2023-02-03,60,42.0,,0.42,25.2
2023-02-04,72,42.0,,0.42,30.24
2023-02-05,48,32.0,False,0.32,15.36
2023-02-06,25,32.0,,0.32,8.0
2023-02-07,71,32.0,,0.32,22.72
2023-02-08,0,32.0,,0.32,0.0
2023-02-09,26,32.0,,0.32,8.32
2023-02-10,0,32.0,,0.32,0.0
2023-02-11,60,32.0,,0.32,19.2
2023-02-12,49,37.0,False,0.37,18.13
2023-02-13,75,37.0,,0.37,27.75
2023-02-14,40,37.0,,0.37,14.8
2023-02-15,72,37.0,,0.37,26.64
2023-02-16,54,37.0,,0.37,19.98
2023-02-17,42,37.0,,0.37,15.54
2023-02-18,56,37.0,,0.37,20.72
2023-02-19,37,27.0,False,0.27,9.99
2023-02-20,76,27.0,,0.27,20.520000000000003
2023-02-21,37,27.0,,0.27,9.99
2023-02-22,0,27.0,,0.27,0.0
2023-02-23,49,27.0,,0.27,13.23
2023-02-24,71,27.0,,0.27,19.17
2023-02-25,100,27.0,,0.27,27.0
2023-02-26,76,28.0,False,0.28,21.28
2023-02-27,67,28.0,,0.28,18.76
2023-02-28,43,28.0,,0.28,12.040000000000001
2023-03-01,47,28.0,,0.28,13.160000000000002
2023-03-02,29,28.0,,0.28,8.120000000000001
2023-03-03,12,28.0,,0.28,3.3600000000000003
2023-03-04,18,28.0,,0.28,5.040000000000001
2023-03-05,33,32.0,False,0.32,10.56
2023-03-06,18,32.0,,0.32,5.76
2023-03-07,57,32.0,,0.32,18.240000000000002
2023-03-08,36,32.0,,0.32,11.52
2023-03-09,34,32.0,,0.32,10.88
2023-03-10,29,32.0,,0.32,9.28
2023-03-11,14,32.0,,0.32,4.48
2023-03-12,47,41.0,False,0.41,19.27
2023-03-13,22,41.0,,0.41,9.02
2023-03-14,61,41.0,,0.41,25.009999999999998
2023-03-15,47,41.0,,0.41,19.27
2023-03-16,82,41.0,,0.41,33.62
2023-03-17,0,41.0,,0.41,0.0
2023-03-18,46,41.0,,0.41,18.86
2023-03-19,36,55.0,False,0.55,19.8
2023-03-20,49,55.0,,0.55,26.950000000000003
2023-03-21,37,55.0,,0.55,20.35
2023-03-22,52,55.0,,0.55,28.6
2023-03-23,46,55.0,,0.55,25.3
2023-03-24,57,55.0,,0.55,31.35
2023-03-25,100,55.0,,0.55,55.00000000000001
2023-03-26,53,37.0,False,0.37,19.61
2023-03-27,37,37.0,,0.37,13.69
2023-03-28,0,37.0,,0.37,0.0
2023-03-29,28,37.0,,0.37,10.36
2023-03-30,38,37.0,,0.37,14.06
2023-03-31,32,37.0,,0.37,11.84
2023-04-01,37,37.0,,0.37,13.69
2023-04-02,73,38.0,False,0.38,27.740000000000002
2023-04-03,54,38.0,,0.38,20.52
2023-04-04,39,38.0,,0.38,14.82
2023-04-05,100,38.0,,0.38,38.0
2023-04-06,37,38.0,,0.38,14.06
2023-04-07,59,38.0,,0.38,22.42
2023-04-08,61,38.0,,0.38,23.18
2023-04-09,39,36.0,False,0.36,14.04
2023-04-10,38,36.0,,0.36,13.68
2023-04-11,0,36.0,,0.36,0.0
2023-04-12,67,36.0,,0.36,24.119999999999997
2023-04-13,36,36.0,,0.36,12.959999999999999
2023-04-14,75,36.0,,0.36,27.0
2023-04-15,58,36.0,,0.36,20.88
2023-04-16,51,32.0,False,0.32,16.32
2023-04-17,45,32.0,,0.32,14.4
2023-04-18,23,32.0,,0.32,7.36
2023-04-19,62,32.0,,0.32,19.84
2023-04-20,26,32.0,,0.32,8.32
2023-04-21,45,32.0,,0.32,14.4
2023-04-22,26,32.0,,0.32,8.32
2023-04-23,0,20.0,False,0.2,0.0
2023-04-24,30,20.0,,0.2,6.0
2023-04-25,0,20.0,,0.2,0.0
2023-04-26,41,20.0,,0.2,8.200000000000001
2023-04-27,38,20.0,,0.2,7.6000000000000005
2023-04-28,27,20.0,,0.2,5.4
2023-04-29,33,20.0,,0.2,6.6000000000000005
2023-04-30,45,27.0,False,0.27,12.15
2023-05-01,41,27.0,,0.27,11.07
2023-05-02,12,27.0,,0.27,3.24
2023-05-03,0,27.0,,0.27,0.0
2023-05-04,33,27.0,,0.27,8.91
2023-05-05,68,27.0,,0.27,18.36
2023-05-06,100,27.0,,0.27,27.0
2023-05-07,25,38.0,False,0.38,9.5
2023-05-08,43,38.0,,0.38,16.34
2023-05-09,13,38.0,,0.38,4.94
2023-05-10,15,38.0,,0.38,5.7
2023-05-11,59,38.0,,0.38,22.42
2023-05-12,56,38.0,,0.38,21.28
2023-05-13,37,38.0,,0.38,14.06
2023-05-14,0,28.0,False,0.28,0.0
2023-05-15,49,28.0,,0.28,13.72
2023-05-16,13,28.0,,0.28,3.6400000000000006
2023-05-17,0,28.0,,0.28,0.0
2023-05-18,23,28.0,,0.28,6.44
2023-05-19,31,28.0,,0.28,8.680000000000001
2023-05-20,0,28.0,,0.28,0.0
2023-05-21,15,28.0,False,0.28,4.2
2023-05-22,14,28.0,,0.28,3.9200000000000004
2023-05-23,18,28.0,,0.28,5.040000000000001
2023-05-24,33,28.0,,0.28,9.24
2023-05-25,0,28.0,,0.28,0.0
2023-05-26,14,28.0,,0.28,3.9200000000000004
2023-05-27,48,28.0,,0.28,13.440000000000001
2023-05-28,34,24.0,False,0.24,8.16
2023-05-29,27,24.0,,0.24,6.4799999999999995
2023-05-30,29,24.0,,0.24,6.96
2023-05-31,28,24.0,,0.24,6.72
2023-06-01,30,24.0,,0.24,7.199999999999999
2023-06-02,0,24.0,,0.24,0.0
2023-06-03,0,24.0,,0.24,0.0
2023-06-04,33,40.0,False,0.4,13.200000000000001
2023-06-05,0,40.0,,0.4,0.0
2023-06-06,22,40.0,,0.4,8.8
2023-06-07,23,40.0,,0.4,9.200000000000001
2023-06-08,22,40.0,,0.4,8.8
2023-06-09,37,40.0,,0.4,14.8
2023-06-10,54,40.0,,0.4,21.6
2023-06-11,31,29.0,False,0.29,8.99
2023-06-12,0,29.0,,0.29,0.0
2023-06-13,19,29.0,,0.29,5.51
2023-06-14,34,29.0,,0.29,9.86
2023-06-15,17,29.0,,0.29,4.93
2023-06-16,0,29.0,,0.29,0.0
2023-06-17,18,29.0,,0.29,5.22
2023-06-18,88,37.0,False,0.37,32.56
2023-06-19,32,37.0,,0.37,11.84
2023-06-20,32,37.0,,0.37,11.84
2023-06-21,45,37.0,,0.37,16.65
2023-06-22,48,37.0,,0.37,17.759999999999998
2023-06-23,18,37.0,,0.37,6.66
2023-06-24,49,37.0,,0.37,18.13
2023-06-25,16,35.0,False,0.35,5.6
2023-06-26,100,35.0,,0.35,35.0
2023-06-27,49,35.0,,0.35,17.15
2023-06-28,25,35.0,,0.35,8.75
2023-06-29,55,35.0,,0.35,19.25
2023-06-30,44,35.0,,0.35,15.399999999999999
2023-07-01,34,35.0,,0.35,11.899999999999999
2023-07-02,41,35.0,False,0.35,14.35
2023-07-03,44,35.0,,0.35,15.399999999999999
2023-07-04,48,35.0,,0.35,16.799999999999997
2023-07-05,28,35.0,,0.35,9.799999999999999
2023-07-06,0,35.0,,0.35,0.0
2023-07-07,24,35.0,,0.35,8.399999999999999
2023-07-08,58,35.0,,0.35,20.299999999999997
2023-07-09,56,43.0,False,0.43,24.08
2023-07-10,53,43.0,,0.43,22.79
2023-07-11,41,43.0,,0.43,17.63
2023-07-12,52,43.0,,0.43,22.36
2023-07-13,47,43.0,,0.43,20.21
2023-07-14,92,43.0,,0.43,39.56
2023-07-15,35,43.0,,0.43,15.049999999999999
2023-07-16,25,36.0,False,0.36,9.0
2023-07-17,100,36.0,,0.36,36.0
2023-07-18,24,36.0,,0.36,8.64
2023-07-19,0,36.0,,0.36,0.0
2023-07-20,0,36.0,,0.36,0.0
2023-07-21,61,36.0,,0.36,21.96
2023-07-22,62,36.0,,0.36,22.32
2023-07-23,0,32.0,False,0.32,0.0
2023-07-24,23,32.0,,0.32,7.36
2023-07-25,60,32.0,,0.32,19.2
2023-07-26,37,32.0,,0.32,11.84
2023-07-27,30,32.0,,0.32,9.6
2023-07-28,77,32.0,,0.32,24.64
2023-07-29,48,32.0,,0.32,15.36
2023-07-30,37,28.0,False,0.28,10.360000000000001
2023-07-31,18,28.0,,0.28,5.040000000000001
2023-08-01,60,28.0,,0.28,16.8
2023-08-02,55,28.0,,0.28,15.400000000000002
2023-08-03,0,28.0,,0.28,0.0
2023-08-04,43,28.0,,0.28,12.040000000000001
2023-08-05,61,28.0,,0.28,17.080000000000002
2023-08-06,53,43.0,False,0.43,22.79
2023-08-07,41,43.0,,0.43,17.63
2023-08-08,100,43.0,,0.43,43.0
2023-08-09,38,43.0,,0.43,16.34
2023-08-10,21,43.0,,0.43,9.03
2023-08-11,77,43.0,,0.43,33.11
2023-08-12,45,43.0,,0.43,19.35
2023-08-13,52,33.0,False,0.33,17.16
2023-08-14,35,33.0,,0.33,11.55
2023-08-15,34,33.0,,0.33,11.22
2023-08-16,32,33.0,,0.33,10.56
2023-08-17,28,33.0,,0.33,9.24
2023-08-18,40,33.0,,0.33,13.200000000000001
2023-08-19,68,33.0,,0.33,22.44
2023-08-20,33,30.0,False,0.3,9.9
2023-08-21,31,30.0,,0.3,9.299999999999999
2023-08-22,44,30.0,,0.3,13.2
2023-08-23,62,30.0,,0.3,18.599999999999998
2023-08-24,87,30.0,,0.3,26.099999999999998
2023-08-25,0,30.0,,0.3,0.0
2023-08-26,99,30.0,,0.3,29.7
2023-08-27,21,25.0,False,0.25,5.25
2023-08-28,50,25.0,,0.25,12.5
2023-08-29,49,25.0,,0.25,12.25
2023-08-30,0,25.0,,0.25,0.0
2023-08-31,17,25.0,,0.25,4.25
2023-09-01,54,25.0,,0.25,13.5
2023-09-02,73,25.0,,0.25,18.25
2023-09-03,83,28.0,False,0.28,23.240000000000002
2023-09-04,0,28.0,,0.28,0.0
2023-09-05,76,28.0,,0.28,21.28
2023-09-06,100,28.0,,0.28,28.000000000000004
2023-09-07,25,28.0,,0.28,7.000000000000001
2023-09-08,42,28.0,,0.28,11.760000000000002
2023-09-09,26,28.0,,0.28,7.280000000000001
2023-09-10,0,24.0,False,0.24,0.0
2023-09-11,52,24.0,,0.24,12.48
2023-09-12,45,24.0,,0.24,10.799999999999999
2023-09-13,0,24.0,,0.24,0.0
2023-09-14,64,24.0,,0.24,15.36
2023-09-15,66,24.0,,0.24,15.84
2023-09-16,51,24.0,,0.24,12.24
2023-09-17,0,28.0,False,0.28,0.0
2023-09-18,44,28.0,,0.28,12.32
2023-09-19,0,28.0,,0.28,0.0
2023-09-20,0,28.0,,0.28,0.0
2023-09-21,65,28.0,,0.28,18.200000000000003
2023-09-22,50,28.0,,0.28,14.000000000000002
2023-09-23,0,28.0,,0.28,0.0
2023-09-24,0,20.0,False,0.2,0.0
2023-09-25,0,20.0,,0.2,0.0
2023-09-26,91,20.0,,0.2,18.2
2023-09-27,44,20.0,,0.2,8.8
2023-09-28,64,20.0,,0.2,12.8
2023-09-29,38,20.0,,0.2,7.6000000000000005
2023-09-30,0,20.0,,0.2,0.0
2023-10-01,87,25.0,False,0.25,21.75
2023-10-02,33,25.0,,0.25,8.25
2023-10-03,90,25.0,,0.25,22.5
2023-10-04,100,25.0,,0.25,25.0
2023-10-05,38,25.0,,0.25,9.5
2023-10-06,22,25.0,,0.25,5.5
2023-10-07,59,25.0,,0.25,14.75
2023-10-08,0,40.0,False,0.4,0.0
2023-10-09,28,40.0,,0.4,11.200000000000001
2023-10-10,55,40.0,,0.4,22.0
2023-10-11,27,40.0,,0.4,10.8
2023-10-12,0,40.0,,0.4,0.0
2023-10-13,70,40.0,,0.4,28.0
2023-10-14,42,40.0,,0.4,16.8
2023-10-15,34,40.0,False,0.4,13.600000000000001
2023-10-16,56,40.0,,0.4,22.400000000000002
2023-10-17,42,40.0,,0.4,16.8
2023-10-18,54,40.0,,0.4,21.6
2023-10-19,63,40.0,,0.4,25.200000000000003
2023-10-20,79,40.0,,0.4,31.6
2023-10-21,47,40.0,,0.4,18.8
2023-10-22,56,34.0,False,0.34,19.040000000000003
2023-10-23,62,34.0,,0.34,21.080000000000002
2023-10-24,35,34.0,,0.34,11.9
2023-10-25,75,34.0,,0.34,25.500000000000004
2023-10-26,23,34.0,,0.34,7.82
2023-10-27,24,34.0,,0.34,8.16
2023-10-28,36,34.0,,0.34,12.24
2023-10-29,47,47.0,False,0.47,22.09
2023-10-30,43,47.0,,0.47,20.209999999999997
2023-10-31,88,47.0,,0.47,41.36
2023-11-01,54,47.0,,0.47,25.38
2023-11-02,68,47.0,,0.47,31.959999999999997
2023-11-03,42,47.0,,0.47,19.74
2023-11-04,62,47.0,,0.47,29.139999999999997
2023-11-05,44,33.0,False,0.33,14.520000000000001
2023-11-06,37,33.0,,0.33,12.21
2023-11-07,60,33.0,,0.33,19.8
2023-11-08,62,33.0,,0.33,20.46
2023-11-09,23,33.0,,0.33,7.590000000000001
2023-11-10,30,33.0,,0.33,9.9
2023-11-11,54,33.0,,0.33,17.82
2023-11-12,49,35.0,False,0.35,17.15
2023-11-13,77,35.0,,0.35,26.95
2023-11-14,30,35.0,,0.35,10.5
2023-11-15,24,35.0,,0.35,8.399999999999999
2023-11-16,67,35.0,,0.35,23.45
2023-11-17,100,35.0,,0.35,35.0
2023-11-18,53,35.0,,0.35,18.549999999999997
2023-11-19,0,38.0,False,0.38,0.0
2023-11-20,68,38.0,,0.38,25.84
2023-11-21,0,38.0,,0.38,0.0
2023-11-22,0,38.0,,0.38,0.0
2023-11-23,0,38.0,,0.38,0.0
2023-11-24,33,38.0,,0.38,12.540000000000001
2023-11-25,57,38.0,,0.38,21.66
2023-11-26,57,47.0,False,0.47,26.79
2023-11-27,39,47.0,,0.47,18.33
2023-11-28,90,47.0,,0.47,42.3
2023-11-29,24,47.0,,0.47,11.28
2023-11-30,22,47.0,,0.47,10.34
2023-12-01,31,47.0,,0.47,14.569999999999999
2023-12-02,39,47.0,,0.47,18.33
2023-12-03,31,68.0,False,0.68,21.080000000000002
2023-12-04,45,68.0,,0.68,30.6
2023-12-05,43,68.0,,0.68,29.240000000000002
2023-12-06,78,68.0,,0.68,53.040000000000006
2023-12-07,23,68.0,,0.68,15.64
2023-12-08,70,68.0,,0.68,47.6
2023-12-09,21,68.0,,0.68,14.280000000000001
2023-12-10,19,41.0,False,0.41,7.789999999999999
2023-12-11,29,41.0,,0.41,11.889999999999999
2023-12-12,24,41.0,,0.41,9.84
2023-12-13,0,41.0,,0.41,0.0
2023-12-14,24,41.0,,0.41,9.84
2023-12-15,32,41.0,,0.41,13.12
2023-12-16,30,41.0,,0.41,12.299999999999999
2023-12-17,12,37.0,False,0.37,4.4399999999999995
2023-12-18,15,37.0,,0.37,5.55
2023-12-19,0,37.0,,0.37,0.0
2023-12-20,18,37.0,,0.37,6.66
2023-12-21,40,37.0,,0.37,14.8
2023-12-22,28,37.0,,0.37,10.36
2023-12-23,31,37.0,,0.37,11.47
2023-12-24,0,50.0,False,0.5,0.0
2023-12-25,44,50.0,,0.5,22.0
2023-12-26,27,50.0,,0.5,13.5
2023-12-27,100,50.0,,0.5,50.0
2023-12-28,28,50.0,,0.5,14.0
2023-12-29,50,50.0,,0.5,25.0
2023-12-30,35,50.0,,0.5,17.5
2023-12-31,14,69.0,False,0.69,9.66
2024-01-01,40,69.0,,0.69,27.599999999999998
2024-01-02,53,69.0,,0.69,36.57
2024-01-03,21,69.0,,0.69,14.489999999999998
2024-01-04,100,69.0,,0.69,69.0
2024-01-05,30,69.0,,0.69,20.7
2024-01-06,42,69.0,,0.69,28.979999999999997
2024-01-07,51,80.0,False,0.8,40.800000000000004
2024-01-08,41,80.0,,0.8,32.800000000000004
2024-01-09,44,80.0,,0.8,35.2
2024-01-10,40,80.0,,0.8,32.0
2024-01-11,89,80.0,,0.8,71.2
2024-01-12,72,80.0,,0.8,57.6
2024-01-13,31,80.0,,0.8,24.8
2024-01-14,0,39.0,False,0.39,0.0
2024-01-15,22,39.0,,0.39,8.58
2024-01-16,35,39.0,,0.39,13.65
2024-01-17,0,39.0,,0.39,0.0
2024-01-18,31,39.0,,0.39,12.09
2024-01-19,26,39.0,,0.39,10.14
2024-01-20,15,39.0,,0.39,5.8500000000000005
2024-01-21,0,30.0,False,0.3,0.0
2024-01-22,15,30.0,,0.3,4.5
2024-01-23,17,30.0,,0.3,5.1
2024-01-24,0,30.0,,0.3,0.0
2024-01-25,11,30.0,,0.3,3.3
2024-01-26,35,30.0,,0.3,10.5
2024-01-27,11,30.0,,0.3,3.3
2024-01-28,28,33.0,True,0.33,9.24
2024-01-29,22,33.0,,0.33,7.260000000000001
2024-01-30,15,33.0,,0.33,4.95
2024-01-31,31,33.0,,0.33,10.23
