date,Crypto_unscaled,Crypto_monthly,isPartial,scale,Crypto
2022-01-01,52,,,,
2022-01-02,59,100.0,False,1.0,59.0
2022-01-03,58,100.0,,1.0,58.0
2022-01-04,96,100.0,,1.0,96.0
2022-01-05,87,100.0,,1.0,87.0
2022-01-06,83,100.0,,1.0,83.0
2022-01-07,70,100.0,,1.0,70.0
2022-01-08,63,100.0,,1.0,63.0
2022-01-09,59,85.0,False,0.85,50.15
2022-01-10,58,85.0,,0.85,49.3
2022-01-11,54,85.0,,0.85,45.9
2022-01-12,58,85.0,,0.85,49.3
2022-01-13,61,85.0,,0.85,51.85
2022-01-14,51,85.0,,0.85,43.35
2022-01-15,47,85.0,,0.85,39.949999999999996
2022-01-16,58,93.0,False,0.93,53.940000000000005
2022-01-17,53,93.0,,0.93,49.29
2022-01-18,50,93.0,,0.93,46.5
2022-01-19,48,93.0,,0.93,44.64
2022-01-20,51,93.0,,0.93,47.43
2022-01-21,92,93.0,,0.93,85.56
2022-01-22,100,93.0,,0.93,93.0
2022-01-23,62,92.0,False,0.92,57.04
2022-01-24,93,92.0,,0.92,85.56
2022-01-25,72,92.0,,0.92,66.24000000000001
2022-01-26,62,92.0,,0.92,57.04
2022-01-27,58,92.0,,0.92,53.36
2022-01-28,61,92.0,,0.92,56.120000000000005
2022-01-29,50,92.0,,0.92,46.0
2022-01-30,43,68.0,False,0.68,29.240000000000002
2022-01-31,45,68.0,,0.68,30.6
2022-02-01,94,68.0,,0.68,63.92
2022-02-02,78,68.0,,0.68,53.040000000000006
2022-02-03,77,68.0,,0.68,52.36000000000001
2022-02-04,82,68.0,,0.68,55.760000000000005
2022-02-05,73,68.0,,0.68,49.64
2022-02-06,69,81.0,False,0.81,55.89
2022-02-07,97,81.0,,0.81,78.57000000000001
2022-02-08,100,81.0,,0.81,81.0
2022-02-09,97,81.0,,0.81,78.57000000000001
2022-02-10,93,81.0,,0.81,75.33
2022-02-11,81,81.0,,0.81,65.61
2022-02-12,68,81.0,,0.81,55.080000000000005
2022-02-13,66,84.0,False,0.84,55.44
2022-02-14,94,84.0,,0.84,78.96
2022-02-15,94,84.0,,0.84,78.96
2022-02-16,92,84.0,,0.84,77.28
2022-02-17,91,84.0,,0.84,76.44
2022-02-18,89,84.0,,0.84,74.75999999999999
2022-02-19,76,84.0,,0.84,63.839999999999996
2022-02-20,81,66.0,False,0.66,53.46
2022-02-21,76,66.0,,0.66,50.160000000000004
2022-02-22,85,66.0,,0.66,56.1
2022-02-23,73,66.0,,0.66,48.18
2022-02-24,86,66.0,,0.66,56.760000000000005
2022-02-25,64,66.0,,0.66,42.24
2022-02-26,62,66.0,,0.66,40.92
2022-02-27,60,57.0,False,0.57,34.199999999999996
2022-02-28,68,57.0,,0.57,38.76
2022-03-01,74,57.0,,0.57,42.18
2022-03-02,64,57.0,,0.57,36.48
2022-03-03,60,57.0,,0.57,34.199999999999996
2022-03-04,57,57.0,,0.57,32.489999999999995
2022-03-05,55,57.0,,0.57,31.349999999999998
2022-03-06,55,69.0,False,0.69,37.949999999999996
2022-03-07,58,69.0,,0.69,40.019999999999996
2022-03-08,70,69.0,,0.69,48.3
2022-03-09,100,69.0,,0.69,69.0
2022-03-10,96,69.0,,0.69,66.24
2022-03-11,69,69.0,,0.69,47.61
2022-03-12,65,69.0,,0.69,44.849999999999994
2022-03-13,48,56.0,False,0.56,26.880000000000003
2022-03-14,55,56.0,,0.56,30.800000000000004
2022-03-15,52,56.0,,0.56,29.120000000000005
2022-03-16,55,56.0,,0.56,30.800000000000004
2022-03-17,55,56.0,,0.56,30.800000000000004
2022-03-18,58,56.0,,0.56,32.480000000000004
2022-03-19,54,56.0,,0.56,30.240000000000002
2022-03-20,53,60.0,False,0.6,31.799999999999997
2022-03-21,52,60.0,,0.6,31.2
2022-03-22,60,60.0,,0.6,36.0
2022-03-23,64,60.0,,0.6,38.4
2022-03-24,70,60.0,,0.6,42.0
2022-03-25,58,60.0,,0.6,34.8
2022-03-26,55,60.0,,0.6,33.0
2022-03-27,64,65.0,False,0.65,41.6
2022-03-28,75,65.0,,0.65,48.75
2022-03-29,70,65.0,,0.65,45.5
2022-03-30,74,65.0,,0.65,48.1
2022-03-31,72,65.0,,0.65,46.800000000000004
2022-04-01,92,65.0,,0.65,59.800000000000004
2022-04-02,88,65.0,,0.65,57.2
2022-04-03,88,61.0,False,0.61,53.68
2022-04-04,87,61.0,,0.61,53.07
2022-04-05,87,61.0,,0.61,53.07
2022-04-06,95,61.0,,0.61,57.949999999999996
2022-04-07,87,61.0,,0.61,53.07
2022-04-08,86,61.0,,0.61,52.46
2022-04-09,81,61.0,,0.61,49.41
2022-04-10,89,61.0,False,0.61,54.29
2022-04-11,96,61.0,,0.61,58.56
2022-04-12,98,61.0,,0.61,59.78
2022-04-13,83,61.0,,0.61,50.629999999999995
2022-04-14,84,61.0,,0.61,51.24
2022-04-15,85,61.0,,0.61,51.85
2022-04-16,77,61.0,,0.61,46.97
2022-04-17,82,55.0,False,0.55,45.1
2022-04-18,100,55.0,,0.55,55.00000000000001
2022-04-19,84,55.0,,0.55,46.2
2022-04-20,70,55.0,,0.55,38.5
2022-04-21,69,55.0,,0.55,37.95
2022-04-22,66,55.0,,0.55,36.300000000000004
2022-04-23,64,55.0,,0.55,35.2
2022-04-24,58,47.0,False,0.47,27.259999999999998
2022-04-25,68,47.0,,0.47,31.959999999999997
2022-04-26,81,47.0,,0.47,38.07
2022-04-27,65,47.0,,0.47,30.549999999999997
2022-04-28,67,47.0,,0.47,31.49
2022-04-29,71,47.0,,0.47,33.37
2022-04-30,63,47.0,,0.47,29.61
2022-05-01,26,48.0,False,0.48,12.48
2022-05-02,26,48.0,,0.48,12.48
2022-05-03,24,48.0,,0.48,11.52
2022-05-04,24,48.0,,0.48,11.52
2022-05-05,28,48.0,,0.48,13.44
2022-05-06,25,48.0,,0.48,12.0
2022-05-07,23,48.0,,0.48,11.04
2022-05-08,25,100.0,False,1.0,25.0
2022-05-09,44,100.0,,1.0,44.0
2022-05-10,42,100.0,,1.0,42.0
2022-05-11,70,100.0,,1.0,70.0
2022-05-12,100,100.0,,1.0,100.0
2022-05-13,83,100.0,,1.0,83.0
2022-05-14,62,100.0,,1.0,62.0
2022-05-15,52,62.0,False,0.62,32.24
2022-05-16,45,62.0,,0.62,27.9
2022-05-17,36,62.0,,0.62,22.32
2022-05-18,32,62.0,,0.62,19.84
2022-05-19,30,62.0,,0.62,18.6
2022-05-20,26,62.0,,0.62,16.12
2022-05-21,25,62.0,,0.62,15.5
2022-05-22,23,46.0,False,0.46,10.58
2022-05-23,26,46.0,,0.46,11.96
2022-05-24,27,46.0,,0.46,12.42
2022-05-25,26,46.0,,0.46,11.96
2022-05-26,25,46.0,,0.46,11.5
2022-05-27,26,46.0,,0.46,11.96
2022-05-28,25,46.0,,0.46,11.5
2022-05-29,22,39.0,False,0.39,8.58
2022-05-30,23,39.0,,0.39,8.97
2022-05-31,22,39.0,,0.39,8.58
2022-06-01,39,39.0,,0.39,15.21
2022-06-02,36,39.0,,0.39,14.040000000000001
2022-06-03,36,39.0,,0.39,14.040000000000001
2022-06-04,34,39.0,,0.39,13.26
2022-06-05,33,39.0,False,0.39,12.870000000000001
2022-06-06,34,39.0,,0.39,13.26
2022-06-07,39,39.0,,0.39,15.21
2022-06-08,38,39.0,,0.39,14.82
2022-06-09,33,39.0,,0.39,12.870000000000001
2022-06-10,35,39.0,,0.39,13.65
2022-06-11,37,39.0,,0.39,14.43
2022-06-12,44,71.0,False,0.71,31.24
2022-06-13,100,71.0,,0.71,71.0
2022-06-14,85,71.0,,0.71,60.349999999999994
2022-06-15,68,71.0,,0.71,48.28
2022-06-16,49,71.0,,0.71,34.79
2022-06-17,50,71.0,,0.71,35.5
2022-06-18,63,71.0,,0.71,44.73
2022-06-19,52,45.0,False,0.45,23.400000000000002
2022-06-20,41,45.0,,0.45,18.45
2022-06-21,42,45.0,,0.45,18.900000000000002
2022-06-22,40,45.0,,0.45,18.0
2022-06-23,38,45.0,,0.45,17.1
2022-06-24,37,45.0,,0.45,16.650000000000002
2022-06-25,35,45.0,,0.45,15.75
2022-06-26,35,41.0,False,0.41,14.35
2022-06-27,37,41.0,,0.41,15.17
2022-06-28,38,41.0,,0.41,15.579999999999998
2022-06-29,37,41.0,,0.41,15.17
2022-06-30,38,41.0,,0.41,15.579999999999998
2022-07-01,98,41.0,,0.41,40.18
2022-07-02,100,41.0,,0.41,41.0
2022-07-03,91,39.0,False,0.39,35.49
2022-07-04,85,39.0,,0.39,33.15
2022-07-05,87,39.0,,0.39,33.93
2022-07-06,91,39.0,,0.39,35.49
2022-07-07,89,39.0,,0.39,34.71
2022-07-08,93,39.0,,0.39,36.27
2022-07-09,85,39.0,,0.39,33.15
2022-07-10,82,36.0,False,0.36,29.52
2022-07-11,86,36.0,,0.36,30.959999999999997
2022-07-12,82,36.0,,0.36,29.52
2022-07-13,87,36.0,,0.36,31.32
2022-07-14,95,36.0,,0.36,34.199999999999996
2022-07-15,85,36.0,,0.36,30.599999999999998
2022-07-16,89,36.0,,0.36,32.04
2022-07-17,88,39.0,False,0.39,34.32
2022-07-18,93,39.0,,0.39,36.27
2022-07-19,98,39.0,,0.39,38.22
2022-07-20,95,39.0,,0.39,37.050000000000004
2022-07-21,85,39.0,,0.39,33.15
2022-07-22,86,39.0,,0.39,33.54
2022-07-23,75,39.0,,0.39,29.25
2022-07-24,76,37.0,False,0.37,28.12
2022-07-25,88,37.0,,0.37,32.56
2022-07-26,85,37.0,,0.37,31.45
2022-07-27,84,37.0,,0.37,31.08
2022-07-28,83,37.0,,0.37,30.71
2022-07-29,88,37.0,,0.37,32.56
2022-07-30,80,37.0,,0.37,29.6
2022-07-31,79,36.0,False,0.36,28.439999999999998
2022-08-01,83,36.0,,0.36,29.88
2022-08-02,91,36.0,,0.36,32.76
2022-08-03,88,36.0,,0.36,31.68
2022-08-04,87,36.0,,0.36,31.32
2022-08-05,89,36.0,,0.36,32.04
2022-08-06,80,36.0,,0.36,28.799999999999997
2022-08-07,79,33.0,False,0.33,26.07
2022-08-08,94,33.0,,0.33,31.020000000000003
2022-08-09,89,33.0,,0.33,29.37
2022-08-10,81,33.0,,0.33,26.73
2022-08-11,88,33.0,,0.33,29.040000000000003
2022-08-12,79,33.0,,0.33,26.07
2022-08-13,78,33.0,,0.33,25.740000000000002
2022-08-14,87,36.0,False,0.36,31.32
2022-08-15,90,36.0,,0.36,32.4
2022-08-16,85,36.0,,0.36,30.599999999999998
2022-08-17,87,36.0,,0.36,31.32
2022-08-18,86,36.0,,0.36,30.959999999999997
2022-08-19,100,36.0,,0.36,36.0
2022-08-20,83,36.0,,0.36,29.88
2022-08-21,80,33.0,False,0.33,26.400000000000002
2022-08-22,89,33.0,,0.33,29.37
2022-08-23,78,33.0,,0.33,25.740000000000002
2022-08-24,84,33.0,,0.33,27.720000000000002
2022-08-25,83,33.0,,0.33,27.39
2022-08-26,87,33.0,,0.33,28.71
2022-08-27,76,33.0,,0.33,25.080000000000002
2022-08-28,79,32.0,False,0.32,25.28
2022-08-29,80,32.0,,0.32,25.6
2022-08-30,82,32.0,,0.32,26.240000000000002
2022-08-31,78,32.0,,0.32,24.96
2022-09-01,73,32.0,,0.32,23.36
2022-09-02,100,32.0,,0.32,32.0
2022-09-03,61,32.0,,0.32,19.52
2022-09-04,67,31.0,False,0.31,20.77
2022-09-05,70,31.0,,0.31,21.7
2022-09-06,77,31.0,,0.31,23.87
2022-09-07,79,31.0,,0.31,24.49
2022-09-08,76,31.0,,0.31,23.56
2022-09-09,72,31.0,,0.31,22.32
2022-09-10,68,31.0,,0.31,21.08
2022-09-11,67,31.0,False,0.31,20.77
2022-09-12,73,31.0,,0.31,22.63
2022-09-13,76,31.0,,0.31,23.56
2022-09-14,74,31.0,,0.31,22.94
2022-09-15,82,31.0,,0.31,25.419999999999998
2022-09-16,77,31.0,,0.31,23.87
2022-09-17,72,31.0,,0.31,22.32
2022-09-18,64,30.0,False,0.3,19.2
2022-09-19,75,30.0,,0.3,22.5
2022-09-20,76,30.0,,0.3,22.8
2022-09-21,77,30.0,,0.3,23.099999999999998
2022-09-22,76,30.0,,0.3,22.8
2022-09-23,76,30.0,,0.3,22.8
2022-09-24,64,30.0,,0.3,19.2
2022-09-25,65,27.0,False,0.27,17.55
2022-09-26,70,27.0,,0.27,18.900000000000002
2022-09-27,71,27.0,,0.27,19.17
2022-09-28,69,27.0,,0.27,18.630000000000003
2022-09-29,65,27.0,,0.27,17.55
2022-09-30,63,27.0,,0.27,17.01
2022-10-01,78,27.0,,0.27,21.060000000000002
2022-10-02,72,27.0,False,0.27,19.44
2022-10-03,100,27.0,,0.27,27.0
2022-10-04,96,27.0,,0.27,25.92
2022-10-05,89,27.0,,0.27,24.03
2022-10-06,87,27.0,,0.27,23.490000000000002
2022-10-07,82,27.0,,0.27,22.14
2022-10-08,84,27.0,,0.27,22.68
2022-10-09,84,27.0,False,0.27,22.68
2022-10-10,90,27.0,,0.27,24.3
2022-10-11,94,27.0,,0.27,25.380000000000003
2022-10-12,94,27.0,,0.27,25.380000000000003
2022-10-13,94,27.0,,0.27,25.380000000000003
2022-10-14,84,27.0,,0.27,22.68
2022-10-15,80,27.0,,0.27,21.6
2022-10-16,75,27.0,False,0.27,20.25
2022-10-17,87,27.0,,0.27,23.490000000000002
2022-10-18,90,27.0,,0.27,24.3
2022-10-19,91,27.0,,0.27,24.57
2022-10-20,92,27.0,,0.27,24.840000000000003
2022-10-21,84,27.0,,0.27,22.68
2022-10-22,79,27.0,,0.27,21.330000000000002
2022-10-23,80,29.0,False,0.29,23.2
2022-10-24,84,29.0,,0.29,24.36
2022-10-25,94,29.0,,0.29,27.259999999999998
2022-10-26,98,29.0,,0.29,28.419999999999998
2022-10-27,87,29.0,,0.29,25.229999999999997
2022-10-28,81,29.0,,0.29,23.49
2022-10-29,93,29.0,,0.29,26.97
2022-10-30,86,28.0,False,0.28,24.080000000000002
2022-10-31,83,28.0,,0.28,23.240000000000002
2022-11-01,33,28.0,,0.28,9.24
2022-11-02,34,28.0,,0.28,9.520000000000001
2022-11-03,33,28.0,,0.28,9.24
2022-11-04,35,28.0,,0.28,9.8
2022-11-05,33,28.0,,0.28,9.24
2022-11-06,30,60.0,False,0.6,18.0
2022-11-07,33,60.0,,0.6,19.8
2022-11-08,53,60.0,,0.6,31.799999999999997
2022-11-09,89,60.0,,0.6,53.4
2022-11-10,94,60.0,,0.6,56.4
2022-11-11,92,60.0,,0.6,55.199999999999996
2022-11-12,100,60.0,,0.6,60.0
2022-11-13,98,61.0,False,0.61,59.78
2022-11-14,83,61.0,,0.61,50.629999999999995
2022-11-15,76,61.0,,0.61,46.36
2022-11-16,76,61.0,,0.61,46.36
2022-11-17,76,61.0,,0.61,46.36
2022-11-18,59,61.0,,0.61,35.99
2022-11-19,46,61.0,,0.61,28.06
2022-11-20,46,39.0,False,0.39,17.94
2022-11-21,51,39.0,,0.39,19.89
2022-11-22,48,39.0,,0.39,18.72
2022-11-23,44,39.0,,0.39,17.16
2022-11-24,40,39.0,,0.39,15.600000000000001
2022-11-25,37,39.0,,0.39,14.43
2022-11-26,34,39.0,,0.39,13.26
2022-11-27,36,37.0,False,0.37,13.32
2022-11-28,41,37.0,,0.37,15.17
2022-11-29,45,37.0,,0.37,16.65
2022-11-30,45,37.0,,0.37,16.65
2022-12-01,88,37.0,,0.37,32.56
2022-12-02,77,37.0,,0.37,28.49
2022-12-03,66,37.0,,0.37,24.419999999999998
2022-12-04,71,34.0,False,0.34,24.14
2022-12-05,84,34.0,,0.34,28.560000000000002
2022-12-06,86,34.0,,0.34,29.240000000000002
2022-12-07,78,34.0,,0.34,26.520000000000003
2022-12-08,73,34.0,,0.34,24.82
2022-12-09,75,34.0,,0.34,25.500000000000004
2022-12-10,67,34.0,,0.34,22.78
2022-12-11,62,37.0,False,0.37,22.94
2022-12-12,65,37.0,,0.37,24.05
2022-12-13,100,37.0,,0.37,37.0
2022-12-14,89,37.0,,0.37,32.93
2022-12-15,87,37.0,,0.37,32.19
2022-12-16,86,37.0,,0.37,31.82
2022-12-17,80,37.0,,0.37,29.6
2022-12-18,63,29.0,False,0.29,18.27
2022-12-19,68,29.0,,0.29,19.72
2022-12-20,69,29.0,,0.29,20.009999999999998
2022-12-21,72,29.0,,0.29,20.88
2022-12-22,74,29.0,,0.29,21.459999999999997
2022-12-23,69,29.0,,0.29,20.009999999999998
2022-12-24,66,29.0,,0.29,19.139999999999997
2022-12-25,56,26.0,False,0.26,14.56
2022-12-26,60,26.0,,0.26,15.600000000000001
2022-12-27,69,26.0,,0.26,17.94
2022-12-28,63,26.0,,0.26,16.38
2022-12-29,65,26.0,,0.26,16.900000000000002
2022-12-30,63,26.0,,0.26,16.38
2022-12-31,60,26.0,,0.26,15.600000000000001
2023-01-01,60,29.0,False,0.29,17.4
2023-01-02,69,29.0,,0.29,20.009999999999998
2023-01-03,72,29.0,,0.29,20.88
2023-01-04,85,29.0,,0.29,24.65
2023-01-05,82,29.0,,0.29,23.779999999999998
2023-01-06,83,29.0,,0.29,24.069999999999997
2023-01-07,73,29.0,,0.29,21.169999999999998
2023-01-08,69,32.0,False,0.32,22.080000000000002
2023-01-09,79,32.0,,0.32,25.28
2023-01-10,83,32.0,,0.32,26.560000000000002
2023-01-11,81,32.0,,0.32,25.92
2023-01-12,83,32.0,,0.32,26.560000000000002
2023-01-13,83,32.0,,0.32,26.560000000000002
2023-01-14,100,32.0,,0.32,32.0
2023-01-15,82,33.0,False,0.33,27.060000000000002
2023-01-16,80,33.0,,0.33,26.400000000000002
2023-01-17,83,33.0,,0.33,27.39
2023-01-18,98,33.0,,0.33,32.34
2023-01-19,90,33.0,,0.33,29.700000000000003
2023-01-20,92,33.0,,0.33,30.360000000000003
2023-01-21,94,33.0,,0.33,31.020000000000003
2023-01-22,76,32.0,False,0.32,24.32
2023-01-23,85,32.0,,0.32,27.2
2023-01-24,84,32.0,,0.32,26.88
2023-01-25,80,32.0,,0.32,25.6
2023-01-26,78,32.0,,0.32,24.96
2023-01-27,77,32.0,,0.32,24.64
2023-01-28,73,32.0,,0.32,23.36
2023-01-29,80,29.0,False,0.29,23.2
2023-01-30,72,29.0,,0.29,20.88
2023-01-31,81,29.0,,0.29,23.49
2023-02-01,91,29.0,,0.29,26.389999999999997
2023-02-02,93,29.0,,0.29,26.97
2023-02-03,85,29.0,,0.29,24.65
2023-02-04,85,29.0,,0.29,24.65
2023-02-05,84,33.0,False,0.33,27.720000000000002
2023-02-06,89,33.0,,0.33,29.37
2023-02-07,92,33.0,,0.33,30.360000000000003
2023-02-08,87,33.0,,0.33,28.71
2023-02-09,93,33.0,,0.33,30.69
2023-02-10,89,33.0,,0.33,29.37
2023-02-11,83,33.0,,0.33,27.39
2023-02-12,78,29.0,False,0.29,22.619999999999997
2023-02-13,75,29.0,,0.29,21.75
2023-02-14,80,29.0,,0.29,23.2
2023-02-15,95,29.0,,0.29,27.549999999999997
2023-02-16,100,29.0,,0.29,28.999999999999996
2023-02-17,84,29.0,,0.29,24.36
2023-02-18,83,29.0,,0.29,24.069999999999997
2023-02-19,82,27.0,False,0.27,22.14
2023-02-20,84,27.0,,0.27,22.68
2023-02-21,86,27.0,,0.27,23.220000000000002
2023-02-22,82,27.0,,0.27,22.14
2023-02-23,83,27.0,,0.27,22.41
2023-02-24,84,27.0,,0.27,22.68
2023-02-25,84,27.0,,0.27,22.68
2023-02-26,85,27.0,False,0.27,22.950000000000003
2023-02-27,81,27.0,,0.27,21.87
2023-02-28,75,27.0,,0.27,20.25
2023-03-01,76,27.0,,0.27,20.520000000000003
2023-03-02,72,27.0,,0.27,19.44
2023-03-03,83,27.0,,0.27,22.41
2023-03-04,70,27.0,,0.27,18.900000000000002
2023-03-05,74,28.0,False,0.28,20.720000000000002
2023-03-06,70,28.0,,0.28,19.6
2023-03-07,66,28.0,,0.28,18.48
2023-03-08,75,28.0,,0.28,21.000000000000004
2023-03-09,77,28.0,,0.28,21.560000000000002
2023-03-10,95,28.0,,0.28,26.6
2023-03-11,87,28.0,,0.28,24.360000000000003
2023-03-12,89,37.0,False,0.37,32.93
2023-03-13,100,37.0,,0.37,37.0
2023-03-14,96,37.0,,0.37,35.519999999999996
2023-03-15,94,37.0,,0.37,34.78
2023-03-16,83,37.0,,0.37,30.71
2023-03-17,82,37.0,,0.37,30.34
2023-03-18,92,37.0,,0.37,34.04
2023-03-19,81,31.0,False,0.31,25.11
2023-03-20,82,31.0,,0.31,25.419999999999998
2023-03-21,82,31.0,,0.31,25.419999999999998
2023-03-22,85,31.0,,0.31,26.35
2023-03-23,82,31.0,,0.31,25.419999999999998
2023-03-24,81,31.0,,0.31,25.11
2023-03-25,74,31.0,,0.31,22.94
2023-03-26,73,29.0,False,0.29,21.169999999999998
2023-03-27,81,29.0,,0.29,23.49
2023-03-28,78,29.0,,0.29,22.619999999999997
2023-03-29,85,29.0,,0.29,24.65
2023-03-30,76,29.0,,0.29,22.04
2023-03-31,76,29.0,,0.29,22.04
2023-04-01,79,29.0,,0.29,22.91
2023-04-02,80,28.0,False,0.28,22.400000000000002
2023-04-03,80,28.0,,0.28,22.400000000000002
2023-04-04,83,28.0,,0.28,23.240000000000002
2023-04-05,87,28.0,,0.28,24.360000000000003
2023-04-06,85,28.0,,0.28,23.8
2023-04-07,81,28.0,,0.28,22.680000000000003
2023-04-08,77,28.0,,0.28,21.560000000000002
2023-04-09,71,29.0,False,0.29,20.59
2023-04-10,82,29.0,,0.29,23.779999999999998
2023-04-11,91,29.0,,0.29,26.389999999999997
2023-04-12,88,29.0,,0.29,25.52
2023-04-13,90,29.0,,0.29,26.099999999999998
2023-04-14,100,29.0,,0.29,28.999999999999996
2023-04-15,82,29.0,,0.29,23.779999999999998
2023-04-16,82,28.0,False,0.28,22.96
2023-04-17,85,28.0,,0.28,23.8
2023-04-18,89,28.0,,0.28,24.92
2023-04-19,87,28.0,,0.28,24.360000000000003
2023-04-20,80,28.0,,0.28,22.400000000000002
2023-04-21,81,28.0,,0.28,22.680000000000003
2023-04-22,77,28.0,,0.28,21.560000000000002
2023-04-23,67,26.0,False,0.26,17.42
2023-04-24,73,26.0,,0.26,18.98
2023-04-25,76,26.0,,0.26,19.76
2023-04-26,81,26.0,,0.26,21.060000000000002
2023-04-27,76,26.0,,0.26,19.76
2023-04-28,71,26.0,,0.26,18.46
2023-04-29,71,26.0,,0.26,18.46
2023-04-30,70,26.0,False,0.26,18.2
2023-05-01,84,26.0,,0.26,21.84
2023-05-02,91,26.0,,0.26,23.66
2023-05-03,90,26.0,,0.26,23.400000000000002
2023-05-04,89,26.0,,0.26,23.14
2023-05-05,93,26.0,,0.26,24.18
2023-05-06,98,26.0,,0.26,25.48
2023-05-07,90,27.0,False,0.27,24.3
2023-05-08,100,27.0,,0.27,27.0
2023-05-09,97,27.0,,0.27,26.19
2023-05-10,92,27.0,,0.27,24.840000000000003
2023-05-11,84,27.0,,0.27,22.68
2023-05-12,87,27.0,,0.27,23.490000000000002
2023-05-13,85,27.0,,0.27,22.950000000000003
2023-05-14,78,25.0,False,0.25,19.5
2023-05-15,77,25.0,,0.25,19.25
2023-05-16,87,25.0,,0.25,21.75
2023-05-17,86,25.0,,0.25,21.5
2023-05-18,86,25.0,,0.25,21.5
2023-05-19,75,25.0,,0.25,18.75
2023-05-20,79,25.0,,0.25,19.75
2023-05-21,68,24.0,False,0.24,16.32
2023-05-22,78,24.0,,0.24,18.72
2023-05-23,81,24.0,,0.24,19.439999999999998
2023-05-24,84,24.0,,0.24,20.16
2023-05-25,80,24.0,,0.24,19.2
2023-05-26,76,24.0,,0.24,18.24
2023-05-27,66,24.0,,0.24,15.84
2023-05-28,62,22.0,False,0.22,13.64
2023-05-29,76,22.0,,0.22,16.72
2023-05-30,79,22.0,,0.22,17.38
2023-05-31,80,22.0,,0.22,17.6
2023-06-01,57,22.0,,0.22,12.540000000000001
2023-06-02,56,22.0,,0.22,12.32
2023-06-03,49,22.0,,0.22,10.78
2023-06-04,51,29.0,False,0.29,14.79
2023-06-05,68,29.0,,0.29,19.72
2023-06-06,73,29.0,,0.29,21.169999999999998
2023-06-07,67,29.0,,0.29,19.43
2023-06-08,65,29.0,,0.29,18.849999999999998
2023-06-09,74,29.0,,0.29,21.459999999999997
2023-06-10,100,29.0,,0.29,28.999999999999996
2023-06-11,67,28.0,False,0.28,18.76
2023-06-12,64,28.0,,0.28,17.92
2023-06-13,63,28.0,,0.28,17.64
2023-06-14,62,28.0,,0.28,17.360000000000003
2023-06-15,66,28.0,,0.28,18.48
2023-06-16,59,28.0,,0.28,16.520000000000003
2023-06-17,56,28.0,,0.28,15.680000000000001
2023-06-18,50,23.0,False,0.23,11.5
2023-06-19,52,23.0,,0.23,11.96
2023-06-20,63,23.0,,0.23,14.49
2023-06-21,72,23.0,,0.23,16.560000000000002
2023-06-22,66,23.0,,0.23,15.180000000000001
2023-06-23,62,23.0,,0.23,14.26
2023-06-24,60,23.0,,0.23,13.8
2023-06-25,57,23.0,False,0.23,13.110000000000001
2023-06-26,61,23.0,,0.23,14.030000000000001
2023-06-27,66,23.0,,0.23,15.180000000000001
2023-06-28,62,23.0,,0.23,14.26
2023-06-29,58,23.0,,0.23,13.34
2023-06-30,58,23.0,,0.23,13.34
2023-07-01,58,23.0,,0.23,13.34
2023-07-02,56,23.0,False,0.23,12.88
2023-07-03,62,23.0,,0.23,14.26
2023-07-04,60,23.0,,0.23,13.8
2023-07-05,65,23.0,,0.23,14.950000000000001
2023-07-06,67,23.0,,0.23,15.41
2023-07-07,64,23.0,,0.23,14.72
2023-07-08,54,23.0,,0.23,12.42
2023-07-09,56,28.0,False,0.28,15.680000000000001
2023-07-10,63,28.0,,0.28,17.64
2023-07-11,61,28.0,,0.28,17.080000000000002
2023-07-12,67,28.0,,0.28,18.76
2023-07-13,100,28.0,,0.28,28.000000000000004
2023-07-14,99,28.0,,0.28,27.720000000000002
2023-07-15,69,28.0,,0.28,19.32
2023-07-16,75,25.0,False,0.25,18.75
2023-07-17,76,25.0,,0.25,19.0
2023-07-18,73,25.0,,0.25,18.25
2023-07-19,82,25.0,,0.25,20.5
2023-07-20,74,25.0,,0.25,18.5
2023-07-21,70,25.0,,0.25,17.5
2023-07-22,72,25.0,,0.25,18.0
2023-07-23,70,25.0,False,0.25,17.5
2023-07-24,68,25.0,,0.25,17.0
2023-07-25,75,25.0,,0.25,18.75
2023-07-26,77,25.0,,0.25,19.25
2023-07-27,79,25.0,,0.25,19.75
2023-07-28,69,25.0,,0.25,17.25
2023-07-29,68,25.0,,0.25,17.0
2023-07-30,66,24.0,False,0.24,15.84
2023-07-31,72,24.0,,0.24,17.28
2023-08-01,82,24.0,,0.24,19.68
2023-08-02,79,24.0,,0.24,18.96
2023-08-03,78,24.0,,0.24,18.72
2023-08-04,75,24.0,,0.24,18.0
2023-08-05,81,24.0,,0.24,19.439999999999998
2023-08-06,76,22.0,False,0.22,16.72
2023-08-07,73,22.0,,0.22,16.06
2023-08-08,82,22.0,,0.22,18.04
2023-08-09,75,22.0,,0.22,16.5
2023-08-10,79,22.0,,0.22,17.38
2023-08-11,78,22.0,,0.22,17.16
2023-08-12,67,22.0,,0.22,14.74
2023-08-13,68,26.0,False,0.26,17.68
2023-08-14,77,26.0,,0.26,20.02
2023-08-15,81,26.0,,0.26,21.060000000000002
2023-08-16,86,26.0,,0.26,22.36
2023-08-17,100,26.0,,0.26,26.0
2023-08-18,92,26.0,,0.26,23.92
2023-08-19,75,26.0,,0.26,19.5
2023-08-20,72,24.0,False,0.24,17.28
2023-08-21,78,24.0,,0.24,18.72
2023-08-22,91,24.0,,0.24,21.84
2023-08-23,86,24.0,,0.24,20.64
2023-08-24,80,24.0,,0.24,19.2
2023-08-25,73,24.0,,0.24,17.52
2023-08-26,76,24.0,,0.24,18.24
2023-08-27,67,23.0,False,0.23,15.41
2023-08-28,77,23.0,,0.23,17.71
2023-08-29,88,23.0,,0.23,20.240000000000002
2023-08-30,76,23.0,,0.23,17.48
2023-08-31,81,23.0,,0.23,18.630000000000003
2023-09-01,86,23.0,,0.23,19.78
2023-09-02,77,23.0,,0.23,17.71
2023-09-03,75,20.0,False,0.2,15.0
2023-09-04,73,20.0,,0.2,14.600000000000001
2023-09-05,74,20.0,,0.2,14.8
2023-09-06,88,20.0,,0.2,17.6
2023-09-07,87,20.0,,0.2,17.400000000000002
2023-09-08,85,20.0,,0.2,17.0
2023-09-09,72,20.0,,0.2,14.4
2023-09-10,73,19.0,False,0.19,13.870000000000001
2023-09-11,79,19.0,,0.19,15.01
2023-09-12,84,19.0,,0.19,15.96
2023-09-13,73,19.0,,0.19,13.870000000000001
2023-09-14,83,19.0,,0.19,15.77
2023-09-15,75,19.0,,0.19,14.25
2023-09-16,70,19.0,,0.19,13.3
2023-09-17,69,20.0,False,0.2,13.8
2023-09-18,76,20.0,,0.2,15.200000000000001
2023-09-19,84,20.0,,0.2,16.8
2023-09-20,84,20.0,,0.2,16.8
2023-09-21,73,20.0,,0.2,14.600000000000001
2023-09-22,79,20.0,,0.2,15.8
2023-09-23,73,20.0,,0.2,14.600000000000001
2023-09-24,67,20.0,False,0.2,13.4
2023-09-25,76,20.0,,0.2,15.200000000000001
2023-09-26,100,20.0,,0.2,20.0
2023-09-27,99,20.0,,0.2,19.8
2023-09-28,86,20.0,,0.2,17.2
2023-09-29,78,20.0,,0.2,15.600000000000001
2023-09-30,70,20.0,,0.2,14.0
2023-10-01,58,18.0,False,0.18,10.44
2023-10-02,73,18.0,,0.18,13.139999999999999
2023-10-03,69,18.0,,0.18,12.42
2023-10-04,65,18.0,,0.18,11.7
2023-10-05,65,18.0,,0.18,11.7
2023-10-06,65,18.0,,0.18,11.7
2023-10-07,61,18.0,,0.18,10.98
2023-10-08,52,21.0,False,0.21,10.92
2023-10-09,68,21.0,,0.21,14.28
2023-10-10,74,21.0,,0.21,15.54
2023-10-11,65,21.0,,0.21,13.65
2023-10-12,68,21.0,,0.21,14.28
2023-10-13,66,21.0,,0.21,13.86
2023-10-14,60,21.0,,0.21,12.6
2023-10-15,54,21.0,False,0.21,11.34
2023-10-16,67,21.0,,0.21,14.07
2023-10-17,76,21.0,,0.21,15.959999999999999
2023-10-18,73,21.0,,0.21,15.33
2023-10-19,68,21.0,,0.21,14.28
2023-10-20,77,21.0,,0.21,16.169999999999998
2023-10-21,73,21.0,,0.21,15.33
2023-10-22,69,25.0,False,0.25,17.25
2023-10-23,85,25.0,,0.25,21.25
2023-10-24,100,25.0,,0.25,25.0
2023-10-25,98,25.0,,0.25,24.5
2023-10-26,88,25.0,,0.25,22.0
2023-10-27,78,25.0,,0.25,19.5
2023-10-28,65,25.0,,0.25,16.25
2023-10-29,65,35.0,False,0.35,22.75
2023-10-30,73,35.0,,0.35,25.549999999999997
2023-10-31,80,35.0,,0.35,28.0
2023-11-01,60,35.0,,0.35,21.0
2023-11-02,100,35.0,,0.35,35.0
2023-11-03,79,35.0,,0.35,27.65
2023-11-04,76,35.0,,0.35,26.599999999999998
2023-11-05,65,32.0,False,0.32,20.8
2023-11-06,57,32.0,,0.32,18.240000000000002
2023-11-07,59,32.0,,0.32,18.88
2023-11-08,55,32.0,,0.32,17.6
2023-11-09,65,32.0,,0.32,20.8
2023-11-10,61,32.0,,0.32,19.52
2023-11-11,63,32.0,,0.32,20.16
2023-11-12,61,29.0,False,0.29,17.689999999999998
2023-11-13,56,29.0,,0.29,16.24
2023-11-14,59,29.0,,0.29,17.11
2023-11-15,62,29.0,,0.29,17.98
2023-11-16,60,29.0,,0.29,17.4
2023-11-17,53,29.0,,0.29,15.37
2023-11-18,54,29.0,,0.29,15.659999999999998
2023-11-19,51,26.0,False,0.26,13.26
2023-11-20,57,26.0,,0.26,14.82
2023-11-21,63,26.0,,0.26,16.38
2023-11-22,62,26.0,,0.26,16.12
2023-11-23,54,26.0,,0.26,14.040000000000001
2023-11-24,53,26.0,,0.26,13.780000000000001
2023-11-25,57,26.0,,0.26,14.82
2023-11-26,53,27.0,False,0.27,14.31
2023-11-27,55,27.0,,0.27,14.850000000000001
2023-11-28,55,27.0,,0.27,14.850000000000001
2023-11-29,56,27.0,,0.27,15.120000000000001
2023-11-30,53,27.0,,0.27,14.31
2023-12-01,70,27.0,,0.27,18.900000000000002
2023-12-02,75,27.0,,0.27,20.25
2023-12-03,68,39.0,False,0.39,26.52
2023-12-04,86,39.0,,0.39,33.54
2023-12-05,88,39.0,,0.39,34.32
2023-12-06,100,39.0,,0.39,39.0
2023-12-07,88,39.0,,0.39,34.32
2023-12-08,90,39.0,,0.39,35.1
2023-12-09,96,39.0,,0.39,37.44
2023-12-10,81,37.0,False,0.37,29.97
2023-12-11,81,37.0,,0.37,29.97
2023-12-12,84,37.0,,0.37,31.08
2023-12-13,85,37.0,,0.37,31.45
2023-12-14,88,37.0,,0.37,32.56
2023-12-15,96,37.0,,0.37,35.519999999999996
2023-12-16,90,37.0,,0.37,33.3
2023-12-17,80,35.0,False,0.35,28.0
2023-12-18,78,35.0,,0.35,27.299999999999997
2023-12-19,81,35.0,,0.35,28.349999999999998
2023-12-20,90,35.0,,0.35,31.499999999999996
2023-12-21,99,35.0,,0.35,34.65
2023-12-22,90,35.0,,0.35,31.499999999999996
2023-12-23,92,35.0,,0.35,32.199999999999996
2023-12-24,98,36.0,False,0.36,35.28
2023-12-25,89,36.0,,0.36,32.04
2023-12-26,94,36.0,,0.36,33.839999999999996
2023-12-27,95,36.0,,0.36,34.199999999999996
2023-12-28,94,36.0,,0.36,33.839999999999996
2023-12-29,92,36.0,,0.36,33.12
2023-12-30,82,36.0,,0.36,29.52
2023-12-31,80,38.0,False,0.38,30.4
2024-01-01,73,38.0,,0.38,27.740000000000002
2024-01-02,84,38.0,,0.38,31.92
2024-01-03,96,38.0,,0.38,36.480000000000004
2024-01-04,91,38.0,,0.38,34.58
2024-01-05,85,38.0,,0.38,32.3
2024-01-06,82,38.0,,0.38,31.16
2024-01-07,72,39.0,False,0.39,28.080000000000002
2024-01-08,79,39.0,,0.39,30.810000000000002
2024-01-09,81,39.0,,0.39,31.59
2024-01-10,100,39.0,,0.39,39.0
2024-01-11,97,39.0,,0.39,37.83
2024-01-12,86,39.0,,0.39,33.54
2024-01-13,77,39.0,,0.39,30.03
2024-01-14,72,33.0,False,0.33,23.76
2024-01-15,71,33.0,,0.33,23.43
2024-01-16,70,33.0,,0.33,23.1
2024-01-17,77,33.0,,0.33,25.41
2024-01-18,75,33.0,,0.33,24.75
2024-01-19,71,33.0,,0.33,23.43
2024-01-20,70,33.0,,0.33,23.1
2024-01-21,66,29.0,False,0.29,19.139999999999997
2024-01-22,71,29.0,,0.29,20.59
2024-01-23,77,29.0,,0.29,22.33
2024-01-24,74,29.0,,0.29,21.459999999999997
2024-01-25,70,29.0,,0.29,20.299999999999997
2024-01-26,64,29.0,,0.29,18.56
2024-01-27,62,29.0,,0.29,17.98
2024-01-28,63,26.0,True,0.26,16.38
2024-01-29,63,26.0,,0.26,16.38
2024-01-30,70,26.0,,0.26,18.2
2024-01-31,70,26.0,,0.26,18.2
