date,/m/01ld0_unscaled,/m/01ld0_monthly,isPartial,scale,/m/01ld0
2022-01-01,27,,,,
2022-01-02,26,53.0,False,0.53,13.780000000000001
2022-01-03,58,53.0,,0.53,30.740000000000002
2022-01-04,63,53.0,,0.53,33.39
2022-01-05,70,53.0,,0.53,37.1
2022-01-06,50,53.0,,0.53,26.5
2022-01-07,58,53.0,,0.53,30.740000000000002
2022-01-08,36,53.0,,0.53,19.080000000000002
2022-01-09,34,61.0,False,0.61,20.74
2022-01-10,47,61.0,,0.61,28.669999999999998
2022-01-11,69,61.0,,0.61,42.089999999999996
2022-01-12,69,61.0,,0.61,42.089999999999996
2022-01-13,89,61.0,,0.61,54.29
2022-01-14,54,61.0,,0.61,32.94
2022-01-15,40,61.0,,0.61,24.4
2022-01-16,33,65.0,False,0.65,21.45
2022-01-17,74,65.0,,0.65,48.1
2022-01-18,80,65.0,,0.65,52.0
2022-01-19,68,65.0,,0.65,44.2
2022-01-20,78,65.0,,0.65,50.7
2022-01-21,64,65.0,,0.65,41.6
2022-01-22,43,65.0,,0.65,27.95
2022-01-23,42,70.0,False,0.7,29.4
2022-01-24,99,70.0,,0.7,69.3
2022-01-25,100,70.0,,0.7,70.0
2022-01-26,72,70.0,,0.7,50.4
2022-01-27,78,70.0,,0.7,54.599999999999994
2022-01-28,68,70.0,,0.7,47.599999999999994
2022-01-29,51,70.0,,0.7,35.699999999999996
2022-01-30,45,66.0,False,0.66,29.700000000000003
2022-01-31,72,66.0,,0.66,47.52
2022-02-01,68,66.0,,0.66,44.88
2022-02-02,80,66.0,,0.66,52.800000000000004
2022-02-03,74,66.0,,0.66,48.84
2022-02-04,65,66.0,,0.66,42.9
2022-02-05,40,66.0,,0.66,26.400000000000002
2022-02-06,57,77.0,False,0.77,43.89
2022-02-07,86,77.0,,0.77,66.22
2022-02-08,93,77.0,,0.77,71.61
2022-02-09,94,77.0,,0.77,72.38
2022-02-10,100,77.0,,0.77,77.0
2022-02-11,68,77.0,,0.77,52.36
2022-02-12,58,77.0,,0.77,44.660000000000004
2022-02-13,54,74.0,False,0.74,39.96
2022-02-14,84,74.0,,0.74,62.16
2022-02-15,89,74.0,,0.74,65.86
2022-02-16,77,74.0,,0.74,56.98
2022-02-17,94,74.0,,0.74,69.56
2022-02-18,76,74.0,,0.74,56.24
2022-02-19,47,74.0,,0.74,34.78
2022-02-20,60,68.0,False,0.68,40.800000000000004
2022-02-21,70,68.0,,0.68,47.6
2022-02-22,74,68.0,,0.68,50.32
2022-02-23,91,68.0,,0.68,61.88
2022-02-24,84,68.0,,0.68,57.120000000000005
2022-02-25,60,68.0,,0.68,40.800000000000004
2022-02-26,55,68.0,,0.68,37.400000000000006
2022-02-27,56,73.0,False,0.73,40.879999999999995
2022-02-28,91,73.0,,0.73,66.42999999999999
2022-03-01,94,73.0,,0.73,68.62
2022-03-02,82,73.0,,0.73,59.86
2022-03-03,90,73.0,,0.73,65.7
2022-03-04,72,73.0,,0.73,52.56
2022-03-05,61,73.0,,0.73,44.53
2022-03-06,67,73.0,False,0.73,48.91
2022-03-07,90,73.0,,0.73,65.7
2022-03-08,79,73.0,,0.73,57.67
2022-03-09,93,73.0,,0.73,67.89
2022-03-10,94,73.0,,0.73,68.62
2022-03-11,81,73.0,,0.73,59.129999999999995
2022-03-12,70,73.0,,0.73,51.1
2022-03-13,74,73.0,False,0.73,54.019999999999996
2022-03-14,99,73.0,,0.73,72.27
2022-03-15,100,73.0,,0.73,73.0
2022-03-16,85,73.0,,0.73,62.05
2022-03-17,83,73.0,,0.73,60.589999999999996
2022-03-18,81,73.0,,0.73,59.129999999999995
2022-03-19,66,73.0,,0.73,48.18
2022-03-20,61,72.0,False,0.72,43.92
2022-03-21,97,72.0,,0.72,69.84
2022-03-22,86,72.0,,0.72,61.919999999999995
2022-03-23,83,72.0,,0.72,59.76
2022-03-24,84,72.0,,0.72,60.48
2022-03-25,91,72.0,,0.72,65.52
2022-03-26,42,72.0,,0.72,30.24
2022-03-27,68,74.0,False,0.74,50.32
2022-03-28,84,74.0,,0.74,62.16
2022-03-29,99,74.0,,0.74,73.26
2022-03-30,92,74.0,,0.74,68.08
2022-03-31,94,74.0,,0.74,69.56
2022-04-01,68,74.0,,0.74,50.32
2022-04-02,47,74.0,,0.74,34.78
2022-04-03,51,73.0,False,0.73,37.23
2022-04-04,90,73.0,,0.73,65.7
2022-04-05,83,73.0,,0.73,60.589999999999996
2022-04-06,87,73.0,,0.73,63.51
2022-04-07,72,73.0,,0.73,52.56
2022-04-08,78,73.0,,0.73,56.94
2022-04-09,45,73.0,,0.73,32.85
2022-04-10,72,75.0,False,0.75,54.0
2022-04-11,76,75.0,,0.75,57.0
2022-04-12,77,75.0,,0.75,57.75
2022-04-13,75,75.0,,0.75,56.25
2022-04-14,78,75.0,,0.75,58.5
2022-04-15,72,75.0,,0.75,54.0
2022-04-16,57,75.0,,0.75,42.75
2022-04-17,46,74.0,False,0.74,34.04
2022-04-18,70,74.0,,0.74,51.8
2022-04-19,86,74.0,,0.74,63.64
2022-04-20,100,74.0,,0.74,74.0
2022-04-21,78,74.0,,0.74,57.72
2022-04-22,83,74.0,,0.74,61.42
2022-04-23,57,74.0,,0.74,42.18
2022-04-24,50,74.0,False,0.74,37.0
2022-04-25,76,74.0,,0.74,56.24
2022-04-26,90,74.0,,0.74,66.6
2022-04-27,77,74.0,,0.74,56.98
2022-04-28,94,74.0,,0.74,69.56
2022-04-29,69,74.0,,0.74,51.06
2022-04-30,58,74.0,,0.74,42.92
2022-05-01,56,87.0,False,0.87,48.72
2022-05-02,80,87.0,,0.87,69.6
2022-05-03,99,87.0,,0.87,86.13
2022-05-04,100,87.0,,0.87,87.0
2022-05-05,96,87.0,,0.87,83.52
2022-05-06,81,87.0,,0.87,70.47
2022-05-07,58,87.0,,0.87,50.46
2022-05-08,55,68.0,False,0.68,37.400000000000006
2022-05-09,75,68.0,,0.68,51.00000000000001
2022-05-10,77,68.0,,0.68,52.36000000000001
2022-05-11,78,68.0,,0.68,53.040000000000006
2022-05-12,79,68.0,,0.68,53.720000000000006
2022-05-13,65,68.0,,0.68,44.2
2022-05-14,33,68.0,,0.68,22.44
2022-05-15,34,59.0,False,0.59,20.06
2022-05-16,54,59.0,,0.59,31.86
2022-05-17,72,59.0,,0.59,42.48
2022-05-18,63,59.0,,0.59,37.169999999999995
2022-05-19,59,59.0,,0.59,34.809999999999995
2022-05-20,61,59.0,,0.59,35.989999999999995
2022-05-21,36,59.0,,0.59,21.24
2022-05-22,30,55.0,False,0.55,16.5
2022-05-23,70,55.0,,0.55,38.5
2022-05-24,66,55.0,,0.55,36.300000000000004
2022-05-25,73,55.0,,0.55,40.150000000000006
2022-05-26,60,55.0,,0.55,33.0
2022-05-27,36,55.0,,0.55,19.8
2022-05-28,28,55.0,,0.55,15.400000000000002
2022-05-29,28,51.0,False,0.51,14.280000000000001
2022-05-30,37,51.0,,0.51,18.87
2022-05-31,63,51.0,,0.51,32.13
2022-06-01,91,51.0,,0.51,46.410000000000004
2022-06-02,65,51.0,,0.51,33.15
2022-06-03,72,51.0,,0.51,36.72
2022-06-04,47,51.0,,0.51,23.97
2022-06-05,48,56.0,False,0.56,26.880000000000003
2022-06-06,77,56.0,,0.56,43.120000000000005
2022-06-07,95,56.0,,0.56,53.2
2022-06-08,76,56.0,,0.56,42.56
2022-06-09,82,56.0,,0.56,45.92
2022-06-10,74,56.0,,0.56,41.440000000000005
2022-06-11,31,56.0,,0.56,17.360000000000003
2022-06-12,56,54.0,False,0.54,30.240000000000002
2022-06-13,77,54.0,,0.54,41.580000000000005
2022-06-14,97,54.0,,0.54,52.38
2022-06-15,89,54.0,,0.54,48.06
2022-06-16,65,54.0,,0.54,35.1
2022-06-17,79,54.0,,0.54,42.660000000000004
2022-06-18,53,54.0,,0.54,28.62
2022-06-19,84,53.0,False,0.53,44.52
2022-06-20,51,53.0,,0.53,27.03
2022-06-21,100,53.0,,0.53,53.0
2022-06-22,79,53.0,,0.53,41.870000000000005
2022-06-23,57,53.0,,0.53,30.21
2022-06-24,76,53.0,,0.53,40.28
2022-06-25,33,53.0,,0.53,17.490000000000002
2022-06-26,56,50.0,False,0.5,28.0
2022-06-27,68,50.0,,0.5,34.0
2022-06-28,86,50.0,,0.5,43.0
2022-06-29,77,50.0,,0.5,38.5
2022-06-30,60,50.0,,0.5,30.0
2022-07-01,57,50.0,,0.5,28.5
2022-07-02,40,50.0,,0.5,20.0
2022-07-03,62,54.0,False,0.54,33.480000000000004
2022-07-04,39,54.0,,0.54,21.060000000000002
2022-07-05,100,54.0,,0.54,54.0
2022-07-06,80,54.0,,0.54,43.2
2022-07-07,85,54.0,,0.54,45.900000000000006
2022-07-08,81,54.0,,0.54,43.74
2022-07-09,58,54.0,,0.54,31.32
2022-07-10,47,51.0,False,0.51,23.97
2022-07-11,77,51.0,,0.51,39.27
2022-07-12,74,51.0,,0.51,37.74
2022-07-13,78,51.0,,0.51,39.78
2022-07-14,63,51.0,,0.51,32.13
2022-07-15,71,51.0,,0.51,36.21
2022-07-16,59,51.0,,0.51,30.09
2022-07-17,74,56.0,False,0.56,41.440000000000005
2022-07-18,78,56.0,,0.56,43.68000000000001
2022-07-19,80,56.0,,0.56,44.800000000000004
2022-07-20,86,56.0,,0.56,48.160000000000004
2022-07-21,77,56.0,,0.56,43.120000000000005
2022-07-22,65,56.0,,0.56,36.400000000000006
2022-07-23,32,56.0,,0.56,17.92
2022-07-24,39,63.0,False,0.63,24.57
2022-07-25,99,63.0,,0.63,62.37
2022-07-26,98,63.0,,0.63,61.74
2022-07-27,82,63.0,,0.63,51.660000000000004
2022-07-28,91,63.0,,0.63,57.33
2022-07-29,79,63.0,,0.63,49.77
2022-07-30,78,63.0,,0.63,49.14
2022-07-31,46,55.0,False,0.55,25.3
2022-08-01,98,55.0,,0.55,53.900000000000006
2022-08-02,89,55.0,,0.55,48.95
2022-08-03,98,55.0,,0.55,53.900000000000006
2022-08-04,78,55.0,,0.55,42.900000000000006
2022-08-05,80,55.0,,0.55,44.0
2022-08-06,45,55.0,,0.55,24.750000000000004
2022-08-07,49,54.0,False,0.54,26.46
2022-08-08,100,54.0,,0.54,54.0
2022-08-09,71,54.0,,0.54,38.34
2022-08-10,59,54.0,,0.54,31.860000000000003
2022-08-11,79,54.0,,0.54,42.660000000000004
2022-08-12,68,54.0,,0.54,36.72
2022-08-13,40,54.0,,0.54,21.6
2022-08-14,52,54.0,False,0.54,28.080000000000002
2022-08-15,75,54.0,,0.54,40.5
2022-08-16,86,54.0,,0.54,46.440000000000005
2022-08-17,87,54.0,,0.54,46.980000000000004
2022-08-18,89,54.0,,0.54,48.06
2022-08-19,67,54.0,,0.54,36.18
2022-08-20,51,54.0,,0.54,27.540000000000003
2022-08-21,49,52.0,False,0.52,25.48
2022-08-22,80,52.0,,0.52,41.6
2022-08-23,82,52.0,,0.52,42.64
2022-08-24,84,52.0,,0.52,43.68
2022-08-25,90,52.0,,0.52,46.800000000000004
2022-08-26,74,52.0,,0.52,38.480000000000004
2022-08-27,38,52.0,,0.52,19.76
2022-08-28,46,53.0,False,0.53,24.380000000000003
2022-08-29,72,53.0,,0.53,38.160000000000004
2022-08-30,97,53.0,,0.53,51.410000000000004
2022-08-31,77,53.0,,0.53,40.81
2022-09-01,78,53.0,,0.53,41.34
2022-09-02,64,53.0,,0.53,33.92
2022-09-03,42,53.0,,0.53,22.26
2022-09-04,54,59.0,False,0.59,31.86
2022-09-05,47,59.0,,0.59,27.729999999999997
2022-09-06,86,59.0,,0.59,50.739999999999995
2022-09-07,90,59.0,,0.59,53.099999999999994
2022-09-08,94,59.0,,0.59,55.459999999999994
2022-09-09,74,59.0,,0.59,43.66
2022-09-10,52,59.0,,0.59,30.68
2022-09-11,82,65.0,False,0.65,53.300000000000004
2022-09-12,90,65.0,,0.65,58.5
2022-09-13,78,65.0,,0.65,50.7
2022-09-14,93,65.0,,0.65,60.45
2022-09-15,86,65.0,,0.65,55.9
2022-09-16,75,65.0,,0.65,48.75
2022-09-17,64,65.0,,0.65,41.6
2022-09-18,64,67.0,False,0.67,42.88
2022-09-19,96,67.0,,0.67,64.32000000000001
2022-09-20,97,67.0,,0.67,64.99000000000001
2022-09-21,89,67.0,,0.67,59.63
2022-09-22,98,67.0,,0.67,65.66000000000001
2022-09-23,83,67.0,,0.67,55.61000000000001
2022-09-24,51,67.0,,0.67,34.17
2022-09-25,41,63.0,False,0.63,25.830000000000002
2022-09-26,78,63.0,,0.63,49.14
2022-09-27,96,63.0,,0.63,60.480000000000004
2022-09-28,79,63.0,,0.63,49.77
2022-09-29,100,63.0,,0.63,63.0
2022-09-30,78,63.0,,0.63,49.14
2022-10-01,42,63.0,,0.63,26.46
2022-10-02,42,72.0,False,0.72,30.24
2022-10-03,85,72.0,,0.72,61.199999999999996
2022-10-04,83,72.0,,0.72,59.76
2022-10-05,61,72.0,,0.72,43.92
2022-10-06,80,72.0,,0.72,57.599999999999994
2022-10-07,66,72.0,,0.72,47.519999999999996
2022-10-08,38,72.0,,0.72,27.36
2022-10-09,46,66.0,False,0.66,30.360000000000003
2022-10-10,81,66.0,,0.66,53.46
2022-10-11,77,66.0,,0.66,50.82
2022-10-12,83,66.0,,0.66,54.78
2022-10-13,76,66.0,,0.66,50.160000000000004
2022-10-14,49,66.0,,0.66,32.34
2022-10-15,32,66.0,,0.66,21.12
2022-10-16,53,67.0,False,0.67,35.510000000000005
2022-10-17,66,67.0,,0.67,44.220000000000006
2022-10-18,98,67.0,,0.67,65.66000000000001
2022-10-19,72,67.0,,0.67,48.24
2022-10-20,65,67.0,,0.67,43.550000000000004
2022-10-21,61,67.0,,0.67,40.870000000000005
2022-10-22,51,67.0,,0.67,34.17
2022-10-23,39,77.0,False,0.77,30.03
2022-10-24,79,77.0,,0.77,60.83
2022-10-25,88,77.0,,0.77,67.76
2022-10-26,100,77.0,,0.77,77.0
2022-10-27,91,77.0,,0.77,70.07000000000001
2022-10-28,71,77.0,,0.77,54.67
2022-10-29,36,77.0,,0.77,27.72
2022-10-30,43,73.0,False,0.73,31.39
2022-10-31,83,73.0,,0.73,60.589999999999996
2022-11-01,71,73.0,,0.73,51.83
2022-11-02,81,73.0,,0.73,59.129999999999995
2022-11-03,75,73.0,,0.73,54.75
2022-11-04,82,73.0,,0.73,59.86
2022-11-05,43,73.0,,0.73,31.39
2022-11-06,40,66.0,False,0.66,26.400000000000002
2022-11-07,58,66.0,,0.66,38.28
2022-11-08,73,66.0,,0.66,48.18
2022-11-09,63,66.0,,0.66,41.580000000000005
2022-11-10,67,66.0,,0.66,44.22
2022-11-11,73,66.0,,0.66,48.18
2022-11-12,68,66.0,,0.66,44.88
2022-11-13,53,69.0,False,0.69,36.57
2022-11-14,56,69.0,,0.69,38.64
2022-11-15,67,69.0,,0.69,46.23
2022-11-16,84,69.0,,0.69,57.959999999999994
2022-11-17,100,69.0,,0.69,69.0
2022-11-18,62,69.0,,0.69,42.779999999999994
2022-11-19,33,69.0,,0.69,22.77
2022-11-20,30,47.0,False,0.47,14.1
2022-11-21,71,47.0,,0.47,33.37
2022-11-22,62,47.0,,0.47,29.139999999999997
2022-11-23,50,47.0,,0.47,23.5
2022-11-24,30,47.0,,0.47,14.1
2022-11-25,29,47.0,,0.47,13.629999999999999
2022-11-26,32,47.0,,0.47,15.04
2022-11-27,54,68.0,False,0.68,36.720000000000006
2022-11-28,56,68.0,,0.68,38.080000000000005
2022-11-29,68,68.0,,0.68,46.24
2022-11-30,66,68.0,,0.68,44.88
2022-12-01,69,68.0,,0.68,46.92
2022-12-02,60,68.0,,0.68,40.800000000000004
2022-12-03,35,68.0,,0.68,23.8
2022-12-04,35,71.0,False,0.71,24.849999999999998
2022-12-05,71,71.0,,0.71,50.41
2022-12-06,70,71.0,,0.71,49.699999999999996
2022-12-07,66,71.0,,0.71,46.86
2022-12-08,77,71.0,,0.71,54.669999999999995
2022-12-09,63,71.0,,0.71,44.73
2022-12-10,38,71.0,,0.71,26.979999999999997
2022-12-11,35,76.0,False,0.76,26.6
2022-12-12,66,76.0,,0.76,50.160000000000004
2022-12-13,65,76.0,,0.76,49.4
2022-12-14,75,76.0,,0.76,57.0
2022-12-15,100,76.0,,0.76,76.0
2022-12-16,61,76.0,,0.76,46.36
2022-12-17,28,76.0,,0.76,21.28
2022-12-18,37,55.0,False,0.55,20.35
2022-12-19,59,55.0,,0.55,32.45
2022-12-20,46,55.0,,0.55,25.3
2022-12-21,45,55.0,,0.55,24.750000000000004
2022-12-22,46,55.0,,0.55,25.3
2022-12-23,29,55.0,,0.55,15.950000000000001
2022-12-24,29,55.0,,0.55,15.950000000000001
2022-12-25,17,37.0,False,0.37,6.29
2022-12-26,19,37.0,,0.37,7.03
2022-12-27,45,37.0,,0.37,16.65
2022-12-28,26,37.0,,0.37,9.62
2022-12-29,31,37.0,,0.37,11.47
2022-12-30,33,37.0,,0.37,12.209999999999999
2022-12-31,27,37.0,,0.37,9.99
2023-01-01,22,55.0,False,0.55,12.100000000000001
2023-01-02,32,55.0,,0.55,17.6
2023-01-03,72,55.0,,0.55,39.6
2023-01-04,88,55.0,,0.55,48.400000000000006
2023-01-05,84,55.0,,0.55,46.2
2023-01-06,92,55.0,,0.55,50.6
2023-01-07,60,55.0,,0.55,33.0
2023-01-08,56,58.0,False,0.58,32.48
2023-01-09,69,58.0,,0.58,40.019999999999996
2023-01-10,73,58.0,,0.58,42.339999999999996
2023-01-11,94,58.0,,0.58,54.519999999999996
2023-01-12,79,58.0,,0.58,45.82
2023-01-13,72,58.0,,0.58,41.76
2023-01-14,40,58.0,,0.58,23.2
2023-01-15,50,57.0,False,0.57,28.499999999999996
2023-01-16,72,57.0,,0.57,41.04
2023-01-17,75,57.0,,0.57,42.74999999999999
2023-01-18,71,57.0,,0.57,40.47
2023-01-19,100,57.0,,0.57,56.99999999999999
2023-01-20,71,57.0,,0.57,40.47
2023-01-21,51,57.0,,0.57,29.069999999999997
2023-01-22,44,56.0,False,0.56,24.64
2023-01-23,70,56.0,,0.56,39.2
2023-01-24,82,56.0,,0.56,45.92
2023-01-25,81,56.0,,0.56,45.36000000000001
2023-01-26,72,56.0,,0.56,40.32000000000001
2023-01-27,77,56.0,,0.56,43.120000000000005
2023-01-28,58,56.0,,0.56,32.480000000000004
2023-01-29,41,65.0,False,0.65,26.650000000000002
2023-01-30,86,65.0,,0.65,55.9
2023-01-31,92,65.0,,0.65,59.800000000000004
2023-02-01,77,65.0,,0.65,50.050000000000004
2023-02-02,81,65.0,,0.65,52.65
2023-02-03,78,65.0,,0.65,50.7
2023-02-04,56,65.0,,0.65,36.4
2023-02-05,55,68.0,False,0.68,37.400000000000006
2023-02-06,72,68.0,,0.68,48.96
2023-02-07,100,68.0,,0.68,68.0
2023-02-08,76,68.0,,0.68,51.68000000000001
2023-02-09,74,68.0,,0.68,50.32
2023-02-10,60,68.0,,0.68,40.800000000000004
2023-02-11,47,68.0,,0.68,31.96
2023-02-12,64,68.0,False,0.68,43.52
2023-02-13,77,68.0,,0.68,52.36000000000001
2023-02-14,75,68.0,,0.68,51.00000000000001
2023-02-15,90,68.0,,0.68,61.2
2023-02-16,78,68.0,,0.68,53.040000000000006
2023-02-17,70,68.0,,0.68,47.6
2023-02-18,42,68.0,,0.68,28.560000000000002
2023-02-19,59,61.0,False,0.61,35.99
2023-02-20,67,61.0,,0.61,40.87
2023-02-21,79,61.0,,0.61,48.19
2023-02-22,80,61.0,,0.61,48.8
2023-02-23,81,61.0,,0.61,49.41
2023-02-24,66,61.0,,0.61,40.26
2023-02-25,51,61.0,,0.61,31.11
2023-02-26,52,74.0,False,0.74,38.48
2023-02-27,92,74.0,,0.74,68.08
2023-02-28,97,74.0,,0.74,71.78
2023-03-01,95,74.0,,0.74,70.3
2023-03-02,91,74.0,,0.74,67.34
2023-03-03,81,74.0,,0.74,59.94
2023-03-04,43,74.0,,0.74,31.82
2023-03-05,58,70.0,False,0.7,40.599999999999994
2023-03-06,100,70.0,,0.7,70.0
2023-03-07,79,70.0,,0.7,55.3
2023-03-08,85,70.0,,0.7,59.49999999999999
2023-03-09,81,70.0,,0.7,56.699999999999996
2023-03-10,71,70.0,,0.7,49.699999999999996
2023-03-11,47,70.0,,0.7,32.9
2023-03-12,54,66.0,False,0.66,35.64
2023-03-13,81,66.0,,0.66,53.46
2023-03-14,68,66.0,,0.66,44.88
2023-03-15,72,66.0,,0.66,47.52
2023-03-16,66,66.0,,0.66,43.56
2023-03-17,84,66.0,,0.66,55.440000000000005
2023-03-18,56,66.0,,0.66,36.96
2023-03-19,41,63.0,False,0.63,25.830000000000002
2023-03-20,80,63.0,,0.63,50.4
2023-03-21,77,63.0,,0.63,48.51
2023-03-22,69,63.0,,0.63,43.47
2023-03-23,71,63.0,,0.63,44.73
2023-03-24,69,63.0,,0.63,43.47
2023-03-25,49,63.0,,0.63,30.87
2023-03-26,35,64.0,False,0.64,22.400000000000002
2023-03-27,84,64.0,,0.64,53.76
2023-03-28,64,64.0,,0.64,40.96
2023-03-29,73,64.0,,0.64,46.72
2023-03-30,82,64.0,,0.64,52.480000000000004
2023-03-31,72,64.0,,0.64,46.08
2023-04-01,60,64.0,,0.64,38.4
2023-04-02,52,65.0,False,0.65,33.800000000000004
2023-04-03,90,65.0,,0.65,58.5
2023-04-04,95,65.0,,0.65,61.75
2023-04-05,87,65.0,,0.65,56.550000000000004
2023-04-06,94,65.0,,0.65,61.1
2023-04-07,78,65.0,,0.65,50.7
2023-04-08,33,65.0,,0.65,21.45
2023-04-09,42,62.0,False,0.62,26.04
2023-04-10,75,62.0,,0.62,46.5
2023-04-11,92,62.0,,0.62,57.04
2023-04-12,98,62.0,,0.62,60.76
2023-04-13,86,62.0,,0.62,53.32
2023-04-14,76,62.0,,0.62,47.12
2023-04-15,44,62.0,,0.62,27.28
2023-04-16,40,62.0,False,0.62,24.8
2023-04-17,96,62.0,,0.62,59.519999999999996
2023-04-18,98,62.0,,0.62,60.76
2023-04-19,100,62.0,,0.62,62.0
2023-04-20,77,62.0,,0.62,47.74
2023-04-21,83,62.0,,0.62,51.46
2023-04-22,49,62.0,,0.62,30.38
2023-04-23,55,64.0,False,0.64,35.2
2023-04-24,91,64.0,,0.64,58.24
2023-04-25,78,64.0,,0.64,49.92
2023-04-26,84,64.0,,0.64,53.76
2023-04-27,97,64.0,,0.64,62.08
2023-04-28,79,64.0,,0.64,50.56
2023-04-29,58,64.0,,0.64,37.12
2023-04-30,37,61.0,False,0.61,22.57
2023-05-01,96,61.0,,0.61,58.56
2023-05-02,90,61.0,,0.61,54.9
2023-05-03,81,61.0,,0.61,49.41
2023-05-04,91,61.0,,0.61,55.51
2023-05-05,80,61.0,,0.61,48.8
2023-05-06,57,61.0,,0.61,34.769999999999996
2023-05-07,50,57.0,False,0.57,28.499999999999996
2023-05-08,91,57.0,,0.57,51.87
2023-05-09,92,57.0,,0.57,52.44
2023-05-10,82,57.0,,0.57,46.739999999999995
2023-05-11,75,57.0,,0.57,42.74999999999999
2023-05-12,93,57.0,,0.57,53.01
2023-05-13,32,57.0,,0.57,18.24
2023-05-14,37,59.0,False,0.59,21.83
2023-05-15,95,59.0,,0.59,56.05
2023-05-16,81,59.0,,0.59,47.79
2023-05-17,93,59.0,,0.59,54.87
2023-05-18,95,59.0,,0.59,56.05
2023-05-19,72,59.0,,0.59,42.48
2023-05-20,41,59.0,,0.59,24.189999999999998
2023-05-21,34,54.0,False,0.54,18.36
2023-05-22,92,54.0,,0.54,49.68000000000001
2023-05-23,76,54.0,,0.54,41.040000000000006
2023-05-24,100,54.0,,0.54,54.0
2023-05-25,88,54.0,,0.54,47.52
2023-05-26,65,54.0,,0.54,35.1
2023-05-27,42,54.0,,0.54,22.68
2023-05-28,37,45.0,False,0.45,16.650000000000002
2023-05-29,50,45.0,,0.45,22.5
2023-05-30,76,45.0,,0.45,34.2
2023-05-31,77,45.0,,0.45,34.65
2023-06-01,12,45.0,,0.45,5.4
2023-06-02,11,45.0,,0.45,4.95
2023-06-03,9,45.0,,0.45,4.05
2023-06-04,10,60.0,False,0.6,6.0
2023-06-05,19,60.0,,0.6,11.4
2023-06-06,16,60.0,,0.6,9.6
2023-06-07,19,60.0,,0.6,11.4
2023-06-08,18,60.0,,0.6,10.799999999999999
2023-06-09,16,60.0,,0.6,9.6
2023-06-10,11,60.0,,0.6,6.6
2023-06-11,11,56.0,False,0.56,6.16
2023-06-12,16,56.0,,0.56,8.96
2023-06-13,19,56.0,,0.56,10.64
2023-06-14,17,56.0,,0.56,9.520000000000001
2023-06-15,18,56.0,,0.56,10.080000000000002
2023-06-16,13,56.0,,0.56,7.280000000000001
2023-06-17,8,56.0,,0.56,4.48
2023-06-18,7,100.0,False,1.0,7.0
2023-06-19,100,100.0,,1.0,100.0
2023-06-20,33,100.0,,1.0,33.0
2023-06-21,16,100.0,,1.0,16.0
2023-06-22,14,100.0,,1.0,14.0
2023-06-23,13,100.0,,1.0,13.0
2023-06-24,8,100.0,,1.0,8.0
2023-06-25,9,53.0,False,0.53,4.7700000000000005
2023-06-26,14,53.0,,0.53,7.42
2023-06-27,16,53.0,,0.53,8.48
2023-06-28,19,53.0,,0.53,10.07
2023-06-29,18,53.0,,0.53,9.540000000000001
2023-06-30,14,53.0,,0.53,7.42
2023-07-01,45,53.0,,0.53,23.85
2023-07-02,41,44.0,False,0.44,18.04
2023-07-03,57,44.0,,0.44,25.080000000000002
2023-07-04,38,44.0,,0.44,16.72
2023-07-05,79,44.0,,0.44,34.76
2023-07-06,78,44.0,,0.44,34.32
2023-07-07,82,44.0,,0.44,36.08
2023-07-08,39,44.0,,0.44,17.16
2023-07-09,59,54.0,False,0.54,31.860000000000003
2023-07-10,89,54.0,,0.54,48.06
2023-07-11,72,54.0,,0.54,38.88
2023-07-12,78,54.0,,0.54,42.120000000000005
2023-07-13,75,54.0,,0.54,40.5
2023-07-14,61,54.0,,0.54,32.940000000000005
2023-07-15,48,54.0,,0.54,25.92
2023-07-16,52,52.0,False,0.52,27.04
2023-07-17,83,52.0,,0.52,43.160000000000004
2023-07-18,73,52.0,,0.52,37.96
2023-07-19,83,52.0,,0.52,43.160000000000004
2023-07-20,84,52.0,,0.52,43.68
2023-07-21,87,52.0,,0.52,45.24
2023-07-22,53,52.0,,0.52,27.560000000000002
2023-07-23,45,53.0,False,0.53,23.85
2023-07-24,62,53.0,,0.53,32.86
2023-07-25,93,53.0,,0.53,49.29
2023-07-26,94,53.0,,0.53,49.82
2023-07-27,86,53.0,,0.53,45.580000000000005
2023-07-28,85,53.0,,0.53,45.050000000000004
2023-07-29,38,53.0,,0.53,20.14
2023-07-30,43,52.0,False,0.52,22.36
2023-07-31,100,52.0,,0.52,52.0
2023-08-01,83,52.0,,0.52,43.160000000000004
2023-08-02,93,52.0,,0.52,48.36
2023-08-03,60,52.0,,0.52,31.200000000000003
2023-08-04,42,52.0,,0.52,21.84
2023-08-05,41,52.0,,0.52,21.32
2023-08-06,52,51.0,False,0.51,26.52
2023-08-07,68,51.0,,0.51,34.68
2023-08-08,67,51.0,,0.51,34.17
2023-08-09,83,51.0,,0.51,42.33
2023-08-10,68,51.0,,0.51,34.68
2023-08-11,77,51.0,,0.51,39.27
2023-08-12,35,51.0,,0.51,17.85
2023-08-13,36,52.0,False,0.52,18.72
2023-08-14,72,52.0,,0.52,37.44
2023-08-15,77,52.0,,0.52,40.04
2023-08-16,88,52.0,,0.52,45.760000000000005
2023-08-17,75,52.0,,0.52,39.0
2023-08-18,90,52.0,,0.52,46.800000000000004
2023-08-19,45,52.0,,0.52,23.400000000000002
2023-08-20,46,57.0,False,0.57,26.22
2023-08-21,88,57.0,,0.57,50.16
2023-08-22,98,57.0,,0.57,55.85999999999999
2023-08-23,91,57.0,,0.57,51.87
2023-08-24,94,57.0,,0.57,53.58
2023-08-25,79,57.0,,0.57,45.029999999999994
2023-08-26,50,57.0,,0.57,28.499999999999996
2023-08-27,54,54.0,False,0.54,29.160000000000004
2023-08-28,85,54.0,,0.54,45.900000000000006
2023-08-29,100,54.0,,0.54,54.0
2023-08-30,72,54.0,,0.54,38.88
2023-08-31,74,54.0,,0.54,39.96
2023-09-01,50,54.0,,0.54,27.0
2023-09-02,41,54.0,,0.54,22.14
2023-09-03,65,54.0,False,0.54,35.1
2023-09-04,47,54.0,,0.54,25.380000000000003
2023-09-05,70,54.0,,0.54,37.800000000000004
2023-09-06,71,54.0,,0.54,38.34
2023-09-07,77,54.0,,0.54,41.580000000000005
2023-09-08,57,54.0,,0.54,30.78
2023-09-09,48,54.0,,0.54,25.92
2023-09-10,35,66.0,False,0.66,23.1
2023-09-11,92,66.0,,0.66,60.720000000000006
2023-09-12,80,66.0,,0.66,52.800000000000004
2023-09-13,73,66.0,,0.66,48.18
2023-09-14,90,66.0,,0.66,59.400000000000006
2023-09-15,83,66.0,,0.66,54.78
2023-09-16,58,66.0,,0.66,38.28
2023-09-17,49,62.0,False,0.62,30.38
2023-09-18,71,62.0,,0.62,44.02
2023-09-19,91,62.0,,0.62,56.42
2023-09-20,99,62.0,,0.62,61.38
2023-09-21,59,62.0,,0.62,36.58
2023-09-22,79,62.0,,0.62,48.98
2023-09-23,50,62.0,,0.62,31.0
2023-09-24,41,68.0,False,0.68,27.880000000000003
2023-09-25,82,68.0,,0.68,55.760000000000005
2023-09-26,100,68.0,,0.68,68.0
2023-09-27,97,68.0,,0.68,65.96000000000001
2023-09-28,90,68.0,,0.68,61.2
2023-09-29,78,68.0,,0.68,53.040000000000006
2023-09-30,52,68.0,,0.68,35.36
2023-10-01,50,61.0,False,0.61,30.5
2023-10-02,87,61.0,,0.61,53.07
2023-10-03,84,61.0,,0.61,51.24
2023-10-04,69,61.0,,0.61,42.089999999999996
2023-10-05,74,61.0,,0.61,45.14
2023-10-06,68,61.0,,0.61,41.48
2023-10-07,44,61.0,,0.61,26.84
2023-10-08,45,69.0,False,0.69,31.049999999999997
2023-10-09,86,69.0,,0.69,59.339999999999996
2023-10-10,94,69.0,,0.69,64.86
2023-10-11,89,69.0,,0.69,61.41
2023-10-12,82,69.0,,0.69,56.58
2023-10-13,79,69.0,,0.69,54.51
2023-10-14,45,69.0,,0.69,31.049999999999997
2023-10-15,37,70.0,False,0.7,25.9
2023-10-16,82,70.0,,0.7,57.4
2023-10-17,98,70.0,,0.7,68.6
2023-10-18,95,70.0,,0.7,66.5
2023-10-19,84,70.0,,0.7,58.8
2023-10-20,76,70.0,,0.7,53.199999999999996
2023-10-21,55,70.0,,0.7,38.5
2023-10-22,51,60.0,False,0.6,30.599999999999998
2023-10-23,83,60.0,,0.6,49.8
2023-10-24,72,60.0,,0.6,43.199999999999996
2023-10-25,100,60.0,,0.6,60.0
2023-10-26,85,60.0,,0.6,51.0
2023-10-27,74,60.0,,0.6,44.4
2023-10-28,59,60.0,,0.6,35.4
2023-10-29,72,69.0,False,0.69,49.67999999999999
2023-10-30,94,69.0,,0.69,64.86
2023-10-31,100,69.0,,0.69,69.0
2023-11-01,86,69.0,,0.69,59.339999999999996
2023-11-02,92,69.0,,0.69,63.48
2023-11-03,78,69.0,,0.69,53.81999999999999
2023-11-04,51,69.0,,0.69,35.19
2023-11-05,58,62.0,False,0.62,35.96
2023-11-06,87,62.0,,0.62,53.94
2023-11-07,64,62.0,,0.62,39.68
2023-11-08,89,62.0,,0.62,55.18
2023-11-09,78,62.0,,0.62,48.36
2023-11-10,80,62.0,,0.62,49.6
2023-11-11,49,62.0,,0.62,30.38
2023-11-12,58,60.0,False,0.6,34.8
2023-11-13,74,60.0,,0.6,44.4
2023-11-14,83,60.0,,0.6,49.8
2023-11-15,93,60.0,,0.6,55.8
2023-11-16,66,60.0,,0.6,39.6
2023-11-17,85,60.0,,0.6,51.0
2023-11-18,39,60.0,,0.6,23.4
2023-11-19,53,48.0,False,0.48,25.439999999999998
2023-11-20,70,48.0,,0.48,33.6
2023-11-21,83,48.0,,0.48,39.839999999999996
2023-11-22,69,48.0,,0.48,33.12
2023-11-23,29,48.0,,0.48,13.92
2023-11-24,46,48.0,,0.48,22.08
2023-11-25,47,48.0,,0.48,22.56
2023-11-26,34,72.0,False,0.72,24.48
2023-11-27,92,72.0,,0.72,66.24
2023-11-28,96,72.0,,0.72,69.12
2023-11-29,100,72.0,,0.72,72.0
2023-11-30,95,72.0,,0.72,68.39999999999999
2023-12-01,63,72.0,,0.72,45.36
2023-12-02,62,72.0,,0.72,44.64
2023-12-03,45,71.0,False,0.71,31.95
2023-12-04,100,71.0,,0.71,71.0
2023-12-05,84,71.0,,0.71,59.64
2023-12-06,69,71.0,,0.71,48.989999999999995
2023-12-07,85,71.0,,0.71,60.349999999999994
2023-12-08,84,71.0,,0.71,59.64
2023-12-09,49,71.0,,0.71,34.79
2023-12-10,52,73.0,False,0.73,37.96
2023-12-11,85,73.0,,0.73,62.05
2023-12-12,81,73.0,,0.73,59.129999999999995
2023-12-13,87,73.0,,0.73,63.51
2023-12-14,72,73.0,,0.73,52.56
2023-12-15,72,73.0,,0.73,52.56
2023-12-16,15,73.0,,0.73,10.95
2023-12-17,38,46.0,False,0.46,17.48
2023-12-18,46,46.0,,0.46,21.16
2023-12-19,53,46.0,,0.46,24.380000000000003
2023-12-20,50,46.0,,0.46,23.0
2023-12-21,53,46.0,,0.46,24.380000000000003
2023-12-22,45,46.0,,0.46,20.7
2023-12-23,27,46.0,,0.46,12.42
2023-12-24,18,35.0,False,0.35,6.3
2023-12-25,43,35.0,,0.35,15.049999999999999
2023-12-26,43,35.0,,0.35,15.049999999999999
2023-12-27,40,35.0,,0.35,14.0
2023-12-28,32,35.0,,0.35,11.2
2023-12-29,17,35.0,,0.35,5.949999999999999
2023-12-30,32,35.0,,0.35,11.2
2023-12-31,22,44.0,False,0.44,9.68
2024-01-01,26,44.0,,0.44,11.44
2024-01-02,44,44.0,,0.44,19.36
2024-01-03,61,44.0,,0.44,26.84
2024-01-04,55,44.0,,0.44,24.2
2024-01-05,46,44.0,,0.44,20.24
2024-01-06,34,44.0,,0.44,14.96
2024-01-07,26,54.0,False,0.54,14.040000000000001
2024-01-08,56,54.0,,0.54,30.240000000000002
2024-01-09,47,54.0,,0.54,25.380000000000003
2024-01-10,82,54.0,,0.54,44.28
2024-01-11,69,54.0,,0.54,37.260000000000005
2024-01-12,53,54.0,,0.54,28.62
2024-01-13,40,54.0,,0.54,21.6
2024-01-14,42,53.0,False,0.53,22.26
2024-01-15,47,53.0,,0.53,24.91
2024-01-16,57,53.0,,0.53,30.21
2024-01-17,77,53.0,,0.53,40.81
2024-01-18,67,53.0,,0.53,35.510000000000005
2024-01-19,58,53.0,,0.53,30.740000000000002
2024-01-20,32,53.0,,0.53,16.96
2024-01-21,43,64.0,False,0.64,27.52
2024-01-22,72,64.0,,0.64,46.08
2024-01-23,64,64.0,,0.64,40.96
2024-01-24,86,64.0,,0.64,55.04
2024-01-25,90,64.0,,0.64,57.6
2024-01-26,50,64.0,,0.64,32.0
2024-01-27,43,64.0,,0.64,27.52
2024-01-28,35,77.0,True,0.77,26.95
2024-01-29,86,77.0,,0.77,66.22
2024-01-30,89,77.0,,0.77,68.53
2024-01-31,100,77.0,,0.77,77.0
