date,/m/0vpj4_b_unscaled,/m/0vpj4_b_monthly,isPartial,scale,/m/0vpj4_b
2022-01-01,52,,,,
2022-01-02,50,100.0,False,1.0,50.0
2022-01-03,53,100.0,,1.0,53.0
2022-01-04,85,100.0,,1.0,85.0
2022-01-05,82,100.0,,1.0,82.0
2022-01-06,70,100.0,,1.0,70.0
2022-01-07,65,100.0,,1.0,65.0
2022-01-08,63,100.0,,1.0,63.0
2022-01-09,62,87.0,False,0.87,53.94
2022-01-10,56,87.0,,0.87,48.72
2022-01-11,52,87.0,,0.87,45.24
2022-01-12,52,87.0,,0.87,45.24
2022-01-13,54,87.0,,0.87,46.98
2022-01-14,54,87.0,,0.87,46.98
2022-01-15,45,87.0,,0.87,39.15
2022-01-16,54,91.0,False,0.91,49.14
2022-01-17,55,91.0,,0.91,50.050000000000004
2022-01-18,48,91.0,,0.91,43.68
2022-01-19,49,91.0,,0.91,44.59
2022-01-20,48,91.0,,0.91,43.68
2022-01-21,85,91.0,,0.91,77.35000000000001
2022-01-22,100,91.0,,0.91,91.0
2022-01-23,61,90.0,False,0.9,54.9
2022-01-24,90,90.0,,0.9,81.0
2022-01-25,67,90.0,,0.9,60.300000000000004
2022-01-26,57,90.0,,0.9,51.300000000000004
2022-01-27,55,90.0,,0.9,49.5
2022-01-28,58,90.0,,0.9,52.2
2022-01-29,50,90.0,,0.9,45.0
2022-01-30,41,71.0,False,0.71,29.11
2022-01-31,41,71.0,,0.71,29.11
2022-02-01,86,71.0,,0.71,61.059999999999995
2022-02-02,84,71.0,,0.71,59.64
2022-02-03,81,71.0,,0.71,57.51
2022-02-04,84,71.0,,0.71,59.64
2022-02-05,85,71.0,,0.71,60.349999999999994
2022-02-06,73,79.0,False,0.79,57.67
2022-02-07,92,79.0,,0.79,72.68
2022-02-08,100,79.0,,0.79,79.0
2022-02-09,97,79.0,,0.79,76.63000000000001
2022-02-10,93,79.0,,0.79,73.47
2022-02-11,83,79.0,,0.79,65.57000000000001
2022-02-12,77,79.0,,0.79,60.830000000000005
2022-02-13,74,75.0,False,0.75,55.5
2022-02-14,95,75.0,,0.75,71.25
2022-02-15,86,75.0,,0.75,64.5
2022-02-16,92,75.0,,0.75,69.0
2022-02-17,91,75.0,,0.75,68.25
2022-02-18,89,75.0,,0.75,66.75
2022-02-19,79,75.0,,0.75,59.25
2022-02-20,79,70.0,False,0.7,55.3
2022-02-21,78,70.0,,0.7,54.599999999999994
2022-02-22,94,70.0,,0.7,65.8
2022-02-23,73,70.0,,0.7,51.099999999999994
2022-02-24,90,70.0,,0.7,62.99999999999999
2022-02-25,67,70.0,,0.7,46.9
2022-02-26,66,70.0,,0.7,46.199999999999996
2022-02-27,68,61.0,False,0.61,41.48
2022-02-28,72,61.0,,0.61,43.92
2022-03-01,70,61.0,,0.61,42.699999999999996
2022-03-02,64,61.0,,0.61,39.04
2022-03-03,60,61.0,,0.61,36.6
2022-03-04,56,61.0,,0.61,34.16
2022-03-05,59,61.0,,0.61,35.99
2022-03-06,52,70.0,False,0.7,36.4
2022-03-07,56,70.0,,0.7,39.199999999999996
2022-03-08,78,70.0,,0.7,54.599999999999994
2022-03-09,100,70.0,,0.7,70.0
2022-03-10,94,70.0,,0.7,65.8
2022-03-11,74,70.0,,0.7,51.8
2022-03-12,67,70.0,,0.7,46.9
2022-03-13,47,56.0,False,0.56,26.320000000000004
2022-03-14,55,56.0,,0.56,30.800000000000004
2022-03-15,52,56.0,,0.56,29.120000000000005
2022-03-16,54,56.0,,0.56,30.240000000000002
2022-03-17,52,56.0,,0.56,29.120000000000005
2022-03-18,63,56.0,,0.56,35.28
2022-03-19,52,56.0,,0.56,29.120000000000005
2022-03-20,54,59.0,False,0.59,31.86
2022-03-21,52,59.0,,0.59,30.68
2022-03-22,57,59.0,,0.59,33.629999999999995
2022-03-23,56,59.0,,0.59,33.04
2022-03-24,65,59.0,,0.59,38.35
2022-03-25,60,59.0,,0.59,35.4
2022-03-26,54,59.0,,0.59,31.86
2022-03-27,64,64.0,False,0.64,40.96
2022-03-28,70,64.0,,0.64,44.800000000000004
2022-03-29,62,64.0,,0.64,39.68
2022-03-30,70,64.0,,0.64,44.800000000000004
2022-03-31,66,64.0,,0.64,42.24
2022-04-01,85,64.0,,0.64,54.4
2022-04-02,87,64.0,,0.64,55.68
2022-04-03,87,57.0,False,0.57,49.589999999999996
2022-04-04,85,57.0,,0.57,48.449999999999996
2022-04-05,87,57.0,,0.57,49.589999999999996
2022-04-06,100,57.0,,0.57,56.99999999999999
2022-04-07,82,57.0,,0.57,46.739999999999995
2022-04-08,86,57.0,,0.57,49.019999999999996
2022-04-09,85,57.0,,0.57,48.449999999999996
2022-04-10,86,60.0,False,0.6,51.6
2022-04-11,94,60.0,,0.6,56.4
2022-04-12,91,60.0,,0.6,54.6
2022-04-13,87,60.0,,0.6,52.199999999999996
2022-04-14,82,60.0,,0.6,49.199999999999996
2022-04-15,85,60.0,,0.6,51.0
2022-04-16,77,60.0,,0.6,46.199999999999996
2022-04-17,84,53.0,False,0.53,44.52
2022-04-18,94,53.0,,0.53,49.82
2022-04-19,80,53.0,,0.53,42.400000000000006
2022-04-20,75,53.0,,0.53,39.75
2022-04-21,77,53.0,,0.53,40.81
2022-04-22,66,53.0,,0.53,34.980000000000004
2022-04-23,63,53.0,,0.53,33.39
2022-04-24,57,46.0,False,0.46,26.220000000000002
2022-04-25,75,46.0,,0.46,34.5
2022-04-26,83,46.0,,0.46,38.18
2022-04-27,72,46.0,,0.46,33.120000000000005
2022-04-28,71,46.0,,0.46,32.660000000000004
2022-04-29,71,46.0,,0.46,32.660000000000004
2022-04-30,62,46.0,,0.46,28.52
2022-05-01,27,45.0,False,0.45,12.15
2022-05-02,28,45.0,,0.45,12.6
2022-05-03,27,45.0,,0.45,12.15
2022-05-04,25,45.0,,0.45,11.25
2022-05-05,29,45.0,,0.45,13.05
2022-05-06,25,45.0,,0.45,11.25
2022-05-07,22,45.0,,0.45,9.9
2022-05-08,26,100.0,False,1.0,26.0
2022-05-09,44,100.0,,1.0,44.0
2022-05-10,40,100.0,,1.0,40.0
2022-05-11,72,100.0,,1.0,72.0
2022-05-12,100,100.0,,1.0,100.0
2022-05-13,81,100.0,,1.0,81.0
2022-05-14,63,100.0,,1.0,63.0
2022-05-15,51,61.0,False,0.61,31.11
2022-05-16,41,61.0,,0.61,25.009999999999998
2022-05-17,35,61.0,,0.61,21.349999999999998
2022-05-18,37,61.0,,0.61,22.57
2022-05-19,31,61.0,,0.61,18.91
2022-05-20,28,61.0,,0.61,17.08
2022-05-21,25,61.0,,0.61,15.25
2022-05-22,23,49.0,False,0.49,11.27
2022-05-23,28,49.0,,0.49,13.719999999999999
2022-05-24,28,49.0,,0.49,13.719999999999999
2022-05-25,26,49.0,,0.49,12.74
2022-05-26,27,49.0,,0.49,13.23
2022-05-27,27,49.0,,0.49,13.23
2022-05-28,28,49.0,,0.49,13.719999999999999
2022-05-29,24,41.0,False,0.41,9.84
2022-05-30,22,41.0,,0.41,9.02
2022-05-31,22,41.0,,0.41,9.02
2022-06-01,37,41.0,,0.41,15.17
2022-06-02,33,41.0,,0.41,13.53
2022-06-03,34,41.0,,0.41,13.94
2022-06-04,31,41.0,,0.41,12.709999999999999
2022-06-05,33,39.0,False,0.39,12.870000000000001
2022-06-06,32,39.0,,0.39,12.48
2022-06-07,36,39.0,,0.39,14.040000000000001
2022-06-08,35,39.0,,0.39,13.65
2022-06-09,31,39.0,,0.39,12.09
2022-06-10,31,39.0,,0.39,12.09
2022-06-11,34,39.0,,0.39,13.26
2022-06-12,42,74.0,False,0.74,31.08
2022-06-13,100,74.0,,0.74,74.0
2022-06-14,85,74.0,,0.74,62.9
2022-06-15,65,74.0,,0.74,48.1
2022-06-16,51,74.0,,0.74,37.74
2022-06-17,48,74.0,,0.74,35.519999999999996
2022-06-18,66,74.0,,0.74,48.839999999999996
2022-06-19,57,45.0,False,0.45,25.650000000000002
2022-06-20,40,45.0,,0.45,18.0
2022-06-21,41,45.0,,0.45,18.45
2022-06-22,37,45.0,,0.45,16.650000000000002
2022-06-23,36,45.0,,0.45,16.2
2022-06-24,34,45.0,,0.45,15.3
2022-06-25,32,45.0,,0.45,14.4
2022-06-26,31,40.0,False,0.4,12.4
2022-06-27,34,40.0,,0.4,13.600000000000001
2022-06-28,34,40.0,,0.4,13.600000000000001
2022-06-29,33,40.0,,0.4,13.200000000000001
2022-06-30,35,40.0,,0.4,14.0
2022-07-01,93,40.0,,0.4,37.2
2022-07-02,100,40.0,,0.4,40.0
2022-07-03,87,37.0,False,0.37,32.19
2022-07-04,81,37.0,,0.37,29.97
2022-07-05,82,37.0,,0.37,30.34
2022-07-06,86,37.0,,0.37,31.82
2022-07-07,85,37.0,,0.37,31.45
2022-07-08,86,37.0,,0.37,31.82
2022-07-09,80,37.0,,0.37,29.6
2022-07-10,75,36.0,False,0.36,27.0
2022-07-11,83,36.0,,0.36,29.88
2022-07-12,78,36.0,,0.36,28.08
2022-07-13,81,36.0,,0.36,29.16
2022-07-14,92,36.0,,0.36,33.12
2022-07-15,81,36.0,,0.36,29.16
2022-07-16,81,36.0,,0.36,29.16
2022-07-17,83,39.0,False,0.39,32.370000000000005
2022-07-18,88,39.0,,0.39,34.32
2022-07-19,94,39.0,,0.39,36.660000000000004
2022-07-20,87,39.0,,0.39,33.93
2022-07-21,79,39.0,,0.39,30.810000000000002
2022-07-22,80,39.0,,0.39,31.200000000000003
2022-07-23,71,39.0,,0.39,27.69
2022-07-24,70,35.0,False,0.35,24.5
2022-07-25,79,35.0,,0.35,27.65
2022-07-26,77,35.0,,0.35,26.95
2022-07-27,79,35.0,,0.35,27.65
2022-07-28,76,35.0,,0.35,26.599999999999998
2022-07-29,80,35.0,,0.35,28.0
2022-07-30,75,35.0,,0.35,26.25
2022-07-31,74,34.0,False,0.34,25.16
2022-08-01,85,34.0,,0.34,28.900000000000002
2022-08-02,93,34.0,,0.34,31.62
2022-08-03,92,34.0,,0.34,31.28
2022-08-04,89,34.0,,0.34,30.26
2022-08-05,94,34.0,,0.34,31.96
2022-08-06,83,34.0,,0.34,28.220000000000002
2022-08-07,81,35.0,False,0.35,28.349999999999998
2022-08-08,94,35.0,,0.35,32.9
2022-08-09,90,35.0,,0.35,31.499999999999996
2022-08-10,85,35.0,,0.35,29.749999999999996
2022-08-11,89,35.0,,0.35,31.15
2022-08-12,80,35.0,,0.35,28.0
2022-08-13,79,35.0,,0.35,27.65
2022-08-14,91,33.0,False,0.33,30.03
2022-08-15,90,33.0,,0.33,29.700000000000003
2022-08-16,87,33.0,,0.33,28.71
2022-08-17,87,33.0,,0.33,28.71
2022-08-18,86,33.0,,0.33,28.380000000000003
2022-08-19,100,33.0,,0.33,33.0
2022-08-20,83,33.0,,0.33,27.39
2022-08-21,82,31.0,False,0.31,25.419999999999998
2022-08-22,89,31.0,,0.31,27.59
2022-08-23,81,31.0,,0.31,25.11
2022-08-24,86,31.0,,0.31,26.66
2022-08-25,84,31.0,,0.31,26.04
2022-08-26,86,31.0,,0.31,26.66
2022-08-27,78,31.0,,0.31,24.18
2022-08-28,79,31.0,False,0.31,24.49
2022-08-29,80,31.0,,0.31,24.8
2022-08-30,82,31.0,,0.31,25.419999999999998
2022-08-31,79,31.0,,0.31,24.49
2022-09-01,75,31.0,,0.31,23.25
2022-09-02,100,31.0,,0.31,31.0
2022-09-03,64,31.0,,0.31,19.84
2022-09-04,71,32.0,False,0.32,22.72
2022-09-05,74,32.0,,0.32,23.68
2022-09-06,81,32.0,,0.32,25.92
2022-09-07,84,32.0,,0.32,26.88
2022-09-08,79,32.0,,0.32,25.28
2022-09-09,74,32.0,,0.32,23.68
2022-09-10,71,32.0,,0.32,22.72
2022-09-11,72,28.0,False,0.28,20.160000000000004
2022-09-12,75,28.0,,0.28,21.000000000000004
2022-09-13,81,28.0,,0.28,22.680000000000003
2022-09-14,78,28.0,,0.28,21.840000000000003
2022-09-15,85,28.0,,0.28,23.8
2022-09-16,81,28.0,,0.28,22.680000000000003
2022-09-17,77,28.0,,0.28,21.560000000000002
2022-09-18,69,30.0,False,0.3,20.7
2022-09-19,77,30.0,,0.3,23.099999999999998
2022-09-20,80,30.0,,0.3,24.0
2022-09-21,81,30.0,,0.3,24.3
2022-09-22,79,30.0,,0.3,23.7
2022-09-23,77,30.0,,0.3,23.099999999999998
2022-09-24,69,30.0,,0.3,20.7
2022-09-25,64,27.0,False,0.27,17.28
2022-09-26,73,27.0,,0.27,19.71
2022-09-27,72,27.0,,0.27,19.44
2022-09-28,69,27.0,,0.27,18.630000000000003
2022-09-29,66,27.0,,0.27,17.82
2022-09-30,64,27.0,,0.27,17.28
2022-10-01,79,27.0,,0.27,21.330000000000002
2022-10-02,75,28.0,False,0.28,21.000000000000004
2022-10-03,100,28.0,,0.28,28.000000000000004
2022-10-04,97,28.0,,0.28,27.160000000000004
2022-10-05,86,28.0,,0.28,24.080000000000002
2022-10-06,83,28.0,,0.28,23.240000000000002
2022-10-07,80,28.0,,0.28,22.400000000000002
2022-10-08,86,28.0,,0.28,24.080000000000002
2022-10-09,84,26.0,False,0.26,21.84
2022-10-10,89,26.0,,0.26,23.14
2022-10-11,91,26.0,,0.26,23.66
2022-10-12,90,26.0,,0.26,23.400000000000002
2022-10-13,91,26.0,,0.26,23.66
2022-10-14,85,26.0,,0.26,22.1
2022-10-15,79,26.0,,0.26,20.54
2022-10-16,77,25.0,False,0.25,19.25
2022-10-17,88,25.0,,0.25,22.0
2022-10-18,88,25.0,,0.25,22.0
2022-10-19,89,25.0,,0.25,22.25
2022-10-20,95,25.0,,0.25,23.75
2022-10-21,83,25.0,,0.25,20.75
2022-10-22,76,25.0,,0.25,19.0
2022-10-23,78,27.0,False,0.27,21.060000000000002
2022-10-24,83,27.0,,0.27,22.41
2022-10-25,91,27.0,,0.27,24.57
2022-10-26,97,27.0,,0.27,26.19
2022-10-27,89,27.0,,0.27,24.03
2022-10-28,82,27.0,,0.27,22.14
2022-10-29,94,27.0,,0.27,25.380000000000003
2022-10-30,86,26.0,False,0.26,22.36
2022-10-31,83,26.0,,0.26,21.580000000000002
2022-11-01,35,26.0,,0.26,9.1
2022-11-02,36,26.0,,0.26,9.36
2022-11-03,35,26.0,,0.26,9.1
2022-11-04,37,26.0,,0.26,9.620000000000001
2022-11-05,37,26.0,,0.26,9.620000000000001
2022-11-06,32,57.0,False,0.57,18.24
2022-11-07,35,57.0,,0.57,19.95
2022-11-08,60,57.0,,0.57,34.199999999999996
2022-11-09,90,57.0,,0.57,51.3
2022-11-10,94,57.0,,0.57,53.58
2022-11-11,96,57.0,,0.57,54.72
2022-11-12,100,57.0,,0.57,56.99999999999999
2022-11-13,96,61.0,False,0.61,58.56
2022-11-14,93,61.0,,0.61,56.73
2022-11-15,94,61.0,,0.61,57.339999999999996
2022-11-16,83,61.0,,0.61,50.629999999999995
2022-11-17,95,61.0,,0.61,57.949999999999996
2022-11-18,77,61.0,,0.61,46.97
2022-11-19,51,61.0,,0.61,31.11
2022-11-20,51,39.0,False,0.39,19.89
2022-11-21,58,39.0,,0.39,22.62
2022-11-22,52,39.0,,0.39,20.28
2022-11-23,47,39.0,,0.39,18.330000000000002
2022-11-24,45,39.0,,0.39,17.55
2022-11-25,39,39.0,,0.39,15.21
2022-11-26,35,39.0,,0.39,13.65
2022-11-27,39,37.0,False,0.37,14.43
2022-11-28,44,37.0,,0.37,16.28
2022-11-29,49,37.0,,0.37,18.13
2022-11-30,52,37.0,,0.37,19.24
2022-12-01,83,37.0,,0.37,30.71
2022-12-02,70,37.0,,0.37,25.9
2022-12-03,59,37.0,,0.37,21.83
2022-12-04,62,33.0,False,0.33,20.46
2022-12-05,75,33.0,,0.33,24.75
2022-12-06,79,33.0,,0.33,26.07
2022-12-07,68,33.0,,0.33,22.44
2022-12-08,65,33.0,,0.33,21.45
2022-12-09,65,33.0,,0.33,21.45
2022-12-10,57,33.0,,0.33,18.810000000000002
2022-12-11,57,36.0,False,0.36,20.52
2022-12-12,58,36.0,,0.36,20.88
2022-12-13,100,36.0,,0.36,36.0
2022-12-14,86,36.0,,0.36,30.959999999999997
2022-12-15,81,36.0,,0.36,29.16
2022-12-16,77,36.0,,0.36,27.72
2022-12-17,70,36.0,,0.36,25.2
2022-12-18,56,28.0,False,0.28,15.680000000000001
2022-12-19,61,28.0,,0.28,17.080000000000002
2022-12-20,61,28.0,,0.28,17.080000000000002
2022-12-21,64,28.0,,0.28,17.92
2022-12-22,67,28.0,,0.28,18.76
2022-12-23,60,28.0,,0.28,16.8
2022-12-24,57,28.0,,0.28,15.96
2022-12-25,51,25.0,False,0.25,12.75
2022-12-26,52,25.0,,0.25,13.0
2022-12-27,62,25.0,,0.25,15.5
2022-12-28,55,25.0,,0.25,13.75
2022-12-29,57,25.0,,0.25,14.25
2022-12-30,56,25.0,,0.25,14.0
2022-12-31,54,25.0,,0.25,13.5
2023-01-01,63,25.0,False,0.25,15.75
2023-01-02,69,25.0,,0.25,17.25
2023-01-03,71,25.0,,0.25,17.75
2023-01-04,83,25.0,,0.25,20.75
2023-01-05,79,25.0,,0.25,19.75
2023-01-06,81,25.0,,0.25,20.25
2023-01-07,75,25.0,,0.25,18.75
2023-01-08,68,30.0,False,0.3,20.4
2023-01-09,78,30.0,,0.3,23.4
2023-01-10,81,30.0,,0.3,24.3
2023-01-11,81,30.0,,0.3,24.3
2023-01-12,82,30.0,,0.3,24.599999999999998
2023-01-13,82,30.0,,0.3,24.599999999999998
2023-01-14,100,30.0,,0.3,30.0
2023-01-15,83,33.0,False,0.33,27.39
2023-01-16,81,33.0,,0.33,26.73
2023-01-17,82,33.0,,0.33,27.060000000000002
2023-01-18,100,33.0,,0.33,33.0
2023-01-19,89,33.0,,0.33,29.37
2023-01-20,90,33.0,,0.33,29.700000000000003
2023-01-21,91,33.0,,0.33,30.03
2023-01-22,77,31.0,False,0.31,23.87
2023-01-23,85,31.0,,0.31,26.35
2023-01-24,83,31.0,,0.31,25.73
2023-01-25,78,31.0,,0.31,24.18
2023-01-26,76,31.0,,0.31,23.56
2023-01-27,79,31.0,,0.31,24.49
2023-01-28,79,31.0,,0.31,24.49
2023-01-29,80,28.0,False,0.28,22.400000000000002
2023-01-30,72,28.0,,0.28,20.160000000000004
2023-01-31,80,28.0,,0.28,22.400000000000002
2023-02-01,91,28.0,,0.28,25.480000000000004
2023-02-02,93,28.0,,0.28,26.040000000000003
2023-02-03,86,28.0,,0.28,24.080000000000002
2023-02-04,89,28.0,,0.28,24.92
2023-02-05,87,29.0,False,0.29,25.229999999999997
2023-02-06,86,29.0,,0.29,24.939999999999998
2023-02-07,92,29.0,,0.29,26.68
2023-02-08,87,29.0,,0.29,25.229999999999997
2023-02-09,95,29.0,,0.29,27.549999999999997
2023-02-10,90,29.0,,0.29,26.099999999999998
2023-02-11,81,29.0,,0.29,23.49
2023-02-12,79,28.0,False,0.28,22.12
2023-02-13,75,28.0,,0.28,21.000000000000004
2023-02-14,80,28.0,,0.28,22.400000000000002
2023-02-15,91,28.0,,0.28,25.480000000000004
2023-02-16,100,28.0,,0.28,28.000000000000004
2023-02-17,87,28.0,,0.28,24.360000000000003
2023-02-18,84,28.0,,0.28,23.520000000000003
2023-02-19,83,27.0,False,0.27,22.41
2023-02-20,84,27.0,,0.27,22.68
2023-02-21,85,27.0,,0.27,22.950000000000003
2023-02-22,83,27.0,,0.27,22.41
2023-02-23,83,27.0,,0.27,22.41
2023-02-24,83,27.0,,0.27,22.41
2023-02-25,87,27.0,,0.27,23.490000000000002
2023-02-26,89,25.0,False,0.25,22.25
2023-02-27,83,25.0,,0.25,20.75
2023-02-28,76,25.0,,0.25,19.0
2023-03-01,69,25.0,,0.25,17.25
2023-03-02,69,25.0,,0.25,17.25
2023-03-03,78,25.0,,0.25,19.5
2023-03-04,65,25.0,,0.25,16.25
2023-03-05,71,28.0,False,0.28,19.880000000000003
2023-03-06,67,28.0,,0.28,18.76
2023-03-07,63,28.0,,0.28,17.64
2023-03-08,68,28.0,,0.28,19.040000000000003
2023-03-09,73,28.0,,0.28,20.44
2023-03-10,88,28.0,,0.28,24.64
2023-03-11,83,28.0,,0.28,23.240000000000002
2023-03-12,85,36.0,False,0.36,30.599999999999998
2023-03-13,100,36.0,,0.36,36.0
2023-03-14,88,36.0,,0.36,31.68
2023-03-15,86,36.0,,0.36,30.959999999999997
2023-03-16,76,36.0,,0.36,27.36
2023-03-17,75,36.0,,0.36,27.0
2023-03-18,84,36.0,,0.36,30.24
2023-03-19,78,31.0,False,0.31,24.18
2023-03-20,77,31.0,,0.31,23.87
2023-03-21,78,31.0,,0.31,24.18
2023-03-22,79,31.0,,0.31,24.49
2023-03-23,77,31.0,,0.31,23.87
2023-03-24,77,31.0,,0.31,23.87
2023-03-25,70,31.0,,0.31,21.7
2023-03-26,69,30.0,False,0.3,20.7
2023-03-27,78,30.0,,0.3,23.4
2023-03-28,73,30.0,,0.3,21.9
2023-03-29,79,30.0,,0.3,23.7
2023-03-30,74,30.0,,0.3,22.2
2023-03-31,74,30.0,,0.3,22.2
2023-04-01,80,30.0,,0.3,24.0
2023-04-02,85,29.0,False,0.29,24.65
2023-04-03,81,29.0,,0.29,23.49
2023-04-04,85,29.0,,0.29,24.65
2023-04-05,91,29.0,,0.29,26.389999999999997
2023-04-06,85,29.0,,0.29,24.65
2023-04-07,84,29.0,,0.29,24.36
2023-04-08,78,29.0,,0.29,22.619999999999997
2023-04-09,75,29.0,False,0.29,21.75
2023-04-10,87,29.0,,0.29,25.229999999999997
2023-04-11,93,29.0,,0.29,26.97
2023-04-12,90,29.0,,0.29,26.099999999999998
2023-04-13,93,29.0,,0.29,26.97
2023-04-14,100,29.0,,0.29,28.999999999999996
2023-04-15,87,29.0,,0.29,25.229999999999997
2023-04-16,86,28.0,False,0.28,24.080000000000002
2023-04-17,89,28.0,,0.28,24.92
2023-04-18,88,28.0,,0.28,24.64
2023-04-19,86,28.0,,0.28,24.080000000000002
2023-04-20,81,28.0,,0.28,22.680000000000003
2023-04-21,80,28.0,,0.28,22.400000000000002
2023-04-22,76,28.0,,0.28,21.28
2023-04-23,67,25.0,False,0.25,16.75
2023-04-24,75,25.0,,0.25,18.75
2023-04-25,77,25.0,,0.25,19.25
2023-04-26,83,25.0,,0.25,20.75
2023-04-27,78,25.0,,0.25,19.5
2023-04-28,71,25.0,,0.25,17.75
2023-04-29,72,25.0,,0.25,18.0
2023-04-30,68,25.0,False,0.25,17.0
2023-05-01,87,25.0,,0.25,21.75
2023-05-02,91,25.0,,0.25,22.75
2023-05-03,87,25.0,,0.25,21.75
2023-05-04,92,25.0,,0.25,23.0
2023-05-05,95,25.0,,0.25,23.75
2023-05-06,95,25.0,,0.25,23.75
2023-05-07,92,27.0,False,0.27,24.840000000000003
2023-05-08,100,27.0,,0.27,27.0
2023-05-09,98,27.0,,0.27,26.46
2023-05-10,97,27.0,,0.27,26.19
2023-05-11,87,27.0,,0.27,23.490000000000002
2023-05-12,87,27.0,,0.27,23.490000000000002
2023-05-13,85,27.0,,0.27,22.950000000000003
2023-05-14,80,24.0,False,0.24,19.2
2023-05-15,78,24.0,,0.24,18.72
2023-05-16,90,24.0,,0.24,21.599999999999998
2023-05-17,91,24.0,,0.24,21.84
2023-05-18,89,24.0,,0.24,21.36
2023-05-19,80,24.0,,0.24,19.2
2023-05-20,81,24.0,,0.24,19.439999999999998
2023-05-21,74,22.0,False,0.22,16.28
2023-05-22,79,22.0,,0.22,17.38
2023-05-23,83,22.0,,0.22,18.26
2023-05-24,85,22.0,,0.22,18.7
2023-05-25,84,22.0,,0.22,18.48
2023-05-26,80,22.0,,0.22,17.6
2023-05-27,73,22.0,,0.22,16.06
2023-05-28,70,22.0,False,0.22,15.4
2023-05-29,80,22.0,,0.22,17.6
2023-05-30,83,22.0,,0.22,18.26
2023-05-31,84,22.0,,0.22,18.48
2023-06-01,61,22.0,,0.22,13.42
2023-06-02,58,22.0,,0.22,12.76
2023-06-03,55,22.0,,0.22,12.1
2023-06-04,57,29.0,False,0.29,16.529999999999998
2023-06-05,70,29.0,,0.29,20.299999999999997
2023-06-06,75,29.0,,0.29,21.75
2023-06-07,69,29.0,,0.29,20.009999999999998
2023-06-08,68,29.0,,0.29,19.72
2023-06-09,73,29.0,,0.29,21.169999999999998
2023-06-10,100,29.0,,0.29,28.999999999999996
2023-06-11,67,23.0,False,0.23,15.41
2023-06-12,66,23.0,,0.23,15.180000000000001
2023-06-13,64,23.0,,0.23,14.72
2023-06-14,65,23.0,,0.23,14.950000000000001
2023-06-15,68,23.0,,0.23,15.64
2023-06-16,62,23.0,,0.23,14.26
2023-06-17,57,23.0,,0.23,13.110000000000001
2023-06-18,53,22.0,False,0.22,11.66
2023-06-19,56,22.0,,0.22,12.32
2023-06-20,63,22.0,,0.22,13.86
2023-06-21,72,22.0,,0.22,15.84
2023-06-22,67,22.0,,0.22,14.74
2023-06-23,62,22.0,,0.22,13.64
2023-06-24,62,22.0,,0.22,13.64
2023-06-25,59,23.0,False,0.23,13.57
2023-06-26,64,23.0,,0.23,14.72
2023-06-27,70,23.0,,0.23,16.1
2023-06-28,64,23.0,,0.23,14.72
2023-06-29,61,23.0,,0.23,14.030000000000001
2023-06-30,63,23.0,,0.23,14.49
2023-07-01,63,23.0,,0.23,14.49
2023-07-02,64,22.0,False,0.22,14.08
2023-07-03,67,22.0,,0.22,14.74
2023-07-04,65,22.0,,0.22,14.3
2023-07-05,68,22.0,,0.22,14.96
2023-07-06,70,22.0,,0.22,15.4
2023-07-07,66,22.0,,0.22,14.52
2023-07-08,61,22.0,,0.22,13.42
2023-07-09,63,26.0,False,0.26,16.38
2023-07-10,66,26.0,,0.26,17.16
2023-07-11,65,26.0,,0.26,16.900000000000002
2023-07-12,70,26.0,,0.26,18.2
2023-07-13,99,26.0,,0.26,25.740000000000002
2023-07-14,100,26.0,,0.26,26.0
2023-07-15,72,26.0,,0.26,18.72
2023-07-16,77,24.0,False,0.24,18.48
2023-07-17,78,24.0,,0.24,18.72
2023-07-18,76,24.0,,0.24,18.24
2023-07-19,85,24.0,,0.24,20.4
2023-07-20,78,24.0,,0.24,18.72
2023-07-21,72,24.0,,0.24,17.28
2023-07-22,76,24.0,,0.24,18.24
2023-07-23,72,24.0,False,0.24,17.28
2023-07-24,72,24.0,,0.24,17.28
2023-07-25,77,24.0,,0.24,18.48
2023-07-26,76,24.0,,0.24,18.24
2023-07-27,84,24.0,,0.24,20.16
2023-07-28,73,24.0,,0.24,17.52
2023-07-29,75,24.0,,0.24,18.0
2023-07-30,69,23.0,False,0.23,15.870000000000001
2023-07-31,76,23.0,,0.23,17.48
2023-08-01,87,23.0,,0.23,20.01
2023-08-02,87,23.0,,0.23,20.01
2023-08-03,83,23.0,,0.23,19.09
2023-08-04,81,23.0,,0.23,18.630000000000003
2023-08-05,88,23.0,,0.23,20.240000000000002
2023-08-06,81,22.0,False,0.22,17.82
2023-08-07,80,22.0,,0.22,17.6
2023-08-08,87,22.0,,0.22,19.14
2023-08-09,82,22.0,,0.22,18.04
2023-08-10,83,22.0,,0.22,18.26
2023-08-11,78,22.0,,0.22,17.16
2023-08-12,75,22.0,,0.22,16.5
2023-08-13,74,22.0,False,0.22,16.28
2023-08-14,81,22.0,,0.22,17.82
2023-08-15,82,22.0,,0.22,18.04
2023-08-16,87,22.0,,0.22,19.14
2023-08-17,100,22.0,,0.22,22.0
2023-08-18,92,22.0,,0.22,20.24
2023-08-19,75,22.0,,0.22,16.5
2023-08-20,72,21.0,False,0.21,15.12
2023-08-21,78,21.0,,0.21,16.38
2023-08-22,92,21.0,,0.21,19.32
2023-08-23,84,21.0,,0.21,17.64
2023-08-24,79,21.0,,0.21,16.59
2023-08-25,79,21.0,,0.21,16.59
2023-08-26,80,21.0,,0.21,16.8
2023-08-27,74,21.0,False,0.21,15.54
2023-08-28,80,21.0,,0.21,16.8
2023-08-29,89,21.0,,0.21,18.689999999999998
2023-08-30,81,21.0,,0.21,17.009999999999998
2023-08-31,84,21.0,,0.21,17.64
2023-09-01,88,21.0,,0.21,18.48
2023-09-02,87,21.0,,0.21,18.27
2023-09-03,81,20.0,False,0.2,16.2
2023-09-04,84,20.0,,0.2,16.8
2023-09-05,79,20.0,,0.2,15.8
2023-09-06,92,20.0,,0.2,18.400000000000002
2023-09-07,93,20.0,,0.2,18.6
2023-09-08,90,20.0,,0.2,18.0
2023-09-09,81,20.0,,0.2,16.2
2023-09-10,81,19.0,False,0.19,15.39
2023-09-11,85,19.0,,0.19,16.15
2023-09-12,93,19.0,,0.19,17.67
2023-09-13,78,19.0,,0.19,14.82
2023-09-14,89,19.0,,0.19,16.91
2023-09-15,86,19.0,,0.19,16.34
2023-09-16,79,19.0,,0.19,15.01
2023-09-17,78,19.0,False,0.19,14.82
2023-09-18,84,19.0,,0.19,15.96
2023-09-19,97,19.0,,0.19,18.43
2023-09-20,88,19.0,,0.19,16.72
2023-09-21,84,19.0,,0.19,15.96
2023-09-22,84,19.0,,0.19,15.96
2023-09-23,83,19.0,,0.19,15.77
2023-09-24,73,18.0,False,0.18,13.139999999999999
2023-09-25,83,18.0,,0.18,14.94
2023-09-26,99,18.0,,0.18,17.82
2023-09-27,100,18.0,,0.18,18.0
2023-09-28,92,18.0,,0.18,16.56
2023-09-29,86,18.0,,0.18,15.479999999999999
2023-09-30,73,18.0,,0.18,13.139999999999999
2023-10-01,66,18.0,False,0.18,11.879999999999999
2023-10-02,80,18.0,,0.18,14.399999999999999
2023-10-03,71,18.0,,0.18,12.78
2023-10-04,69,18.0,,0.18,12.42
2023-10-05,68,18.0,,0.18,12.24
2023-10-06,68,18.0,,0.18,12.24
2023-10-07,64,18.0,,0.18,11.52
2023-10-08,60,20.0,False,0.2,12.0
2023-10-09,70,20.0,,0.2,14.0
2023-10-10,80,20.0,,0.2,16.0
2023-10-11,69,20.0,,0.2,13.8
2023-10-12,71,20.0,,0.2,14.200000000000001
2023-10-13,68,20.0,,0.2,13.600000000000001
2023-10-14,66,20.0,,0.2,13.200000000000001
2023-10-15,70,21.0,False,0.21,14.7
2023-10-16,70,21.0,,0.21,14.7
2023-10-17,79,21.0,,0.21,16.59
2023-10-18,72,21.0,,0.21,15.12
2023-10-19,68,21.0,,0.21,14.28
2023-10-20,77,21.0,,0.21,16.169999999999998
2023-10-21,73,21.0,,0.21,15.33
2023-10-22,70,22.0,False,0.22,15.4
2023-10-23,82,22.0,,0.22,18.04
2023-10-24,100,22.0,,0.22,22.0
2023-10-25,95,22.0,,0.22,20.9
2023-10-26,85,22.0,,0.22,18.7
2023-10-27,77,22.0,,0.22,16.94
2023-10-28,69,22.0,,0.22,15.18
2023-10-29,65,32.0,False,0.32,20.8
2023-10-30,73,32.0,,0.32,23.36
2023-10-31,82,32.0,,0.32,26.240000000000002
2023-11-01,62,32.0,,0.32,19.84
2023-11-02,100,32.0,,0.32,32.0
2023-11-03,85,32.0,,0.32,27.2
2023-11-04,80,32.0,,0.32,25.6
2023-11-05,68,27.0,False,0.27,18.36
2023-11-06,63,27.0,,0.27,17.01
2023-11-07,63,27.0,,0.27,17.01
2023-11-08,58,27.0,,0.27,15.66
2023-11-09,69,27.0,,0.27,18.630000000000003
2023-11-10,66,27.0,,0.27,17.82
2023-11-11,65,27.0,,0.27,17.55
2023-11-12,62,27.0,False,0.27,16.740000000000002
2023-11-13,61,27.0,,0.27,16.470000000000002
2023-11-14,63,27.0,,0.27,17.01
2023-11-15,70,27.0,,0.27,18.900000000000002
2023-11-16,66,27.0,,0.27,17.82
2023-11-17,58,27.0,,0.27,15.66
2023-11-18,55,27.0,,0.27,14.850000000000001
2023-11-19,56,24.0,False,0.24,13.44
2023-11-20,62,24.0,,0.24,14.879999999999999
2023-11-21,68,24.0,,0.24,16.32
2023-11-22,67,24.0,,0.24,16.08
2023-11-23,58,24.0,,0.24,13.92
2023-11-24,57,24.0,,0.24,13.68
2023-11-25,60,24.0,,0.24,14.399999999999999
2023-11-26,57,26.0,False,0.26,14.82
2023-11-27,61,26.0,,0.26,15.860000000000001
2023-11-28,57,26.0,,0.26,14.82
2023-11-29,62,26.0,,0.26,16.12
2023-11-30,56,26.0,,0.26,14.56
2023-12-01,69,26.0,,0.26,17.94
2023-12-02,76,26.0,,0.26,19.76
2023-12-03,65,32.0,False,0.32,20.8
2023-12-04,87,32.0,,0.32,27.84
2023-12-05,86,32.0,,0.32,27.52
2023-12-06,100,32.0,,0.32,32.0
2023-12-07,90,32.0,,0.32,28.8
2023-12-08,91,32.0,,0.32,29.12
2023-12-09,93,32.0,,0.32,29.76
2023-12-10,79,37.0,False,0.37,29.23
2023-12-11,81,37.0,,0.37,29.97
2023-12-12,81,37.0,,0.37,29.97
2023-12-13,85,37.0,,0.37,31.45
2023-12-14,85,37.0,,0.37,31.45
2023-12-15,98,37.0,,0.37,36.26
2023-12-16,88,37.0,,0.37,32.56
2023-12-17,79,33.0,False,0.33,26.07
2023-12-18,74,33.0,,0.33,24.42
2023-12-19,83,33.0,,0.33,27.39
2023-12-20,87,33.0,,0.33,28.71
2023-12-21,95,33.0,,0.33,31.35
2023-12-22,87,33.0,,0.33,28.71
2023-12-23,87,33.0,,0.33,28.71
2023-12-24,96,34.0,False,0.34,32.64
2023-12-25,86,34.0,,0.34,29.240000000000002
2023-12-26,94,34.0,,0.34,31.96
2023-12-27,90,34.0,,0.34,30.6
2023-12-28,91,34.0,,0.34,30.94
2023-12-29,87,34.0,,0.34,29.580000000000002
2023-12-30,79,34.0,,0.34,26.860000000000003
2023-12-31,78,37.0,False,0.37,28.86
2024-01-01,75,37.0,,0.37,27.75
2024-01-02,84,37.0,,0.37,31.08
2024-01-03,94,37.0,,0.37,34.78
2024-01-04,90,37.0,,0.37,33.3
2024-01-05,82,37.0,,0.37,30.34
2024-01-06,82,37.0,,0.37,30.34
2024-01-07,72,37.0,False,0.37,26.64
2024-01-08,79,37.0,,0.37,29.23
2024-01-09,79,37.0,,0.37,29.23
2024-01-10,98,37.0,,0.37,36.26
2024-01-11,100,37.0,,0.37,37.0
2024-01-12,85,37.0,,0.37,31.45
2024-01-13,76,37.0,,0.37,28.12
2024-01-14,72,30.0,False,0.3,21.599999999999998
2024-01-15,81,30.0,,0.3,24.3
2024-01-16,70,30.0,,0.3,21.0
2024-01-17,75,30.0,,0.3,22.5
2024-01-18,74,30.0,,0.3,22.2
2024-01-19,70,30.0,,0.3,21.0
2024-01-20,69,30.0,,0.3,20.7
2024-01-21,63,27.0,False,0.27,17.01
2024-01-22,71,27.0,,0.27,19.17
2024-01-23,77,27.0,,0.27,20.790000000000003
2024-01-24,74,27.0,,0.27,19.98
2024-01-25,69,27.0,,0.27,18.630000000000003
2024-01-26,67,27.0,,0.27,18.09
2024-01-27,65,27.0,,0.27,17.55
2024-01-28,62,27.0,True,0.27,16.740000000000002
2024-01-29,67,27.0,,0.27,18.09
2024-01-30,70,27.0,,0.27,18.900000000000002
2024-01-31,71,27.0,,0.27,19.17
