date,Ethereum_unscaled,Ethereum_monthly,isPartial,scale,Ethereum
2022-01-01,36,,,,
2022-01-02,42,96.0,False,0.96,40.32
2022-01-03,44,96.0,,0.96,42.239999999999995
2022-01-04,61,96.0,,0.96,58.559999999999995
2022-01-05,64,96.0,,0.96,61.44
2022-01-06,67,96.0,,0.96,64.32
2022-01-07,62,96.0,,0.96,59.519999999999996
2022-01-08,54,96.0,,0.96,51.839999999999996
2022-01-09,50,89.0,False,0.89,44.5
2022-01-10,53,89.0,,0.89,47.17
2022-01-11,51,89.0,,0.89,45.39
2022-01-12,49,89.0,,0.89,43.61
2022-01-13,58,89.0,,0.89,51.62
2022-01-14,46,89.0,,0.89,40.94
2022-01-15,39,89.0,,0.89,34.71
2022-01-16,43,89.0,False,0.89,38.27
2022-01-17,42,89.0,,0.89,37.38
2022-01-18,41,89.0,,0.89,36.49
2022-01-19,38,89.0,,0.89,33.82
2022-01-20,39,89.0,,0.89,34.71
2022-01-21,69,89.0,,0.89,61.410000000000004
2022-01-22,77,89.0,,0.89,68.53
2022-01-23,57,100.0,False,1.0,57.0
2022-01-24,100,100.0,,1.0,100.0
2022-01-25,63,100.0,,1.0,63.0
2022-01-26,53,100.0,,1.0,53.0
2022-01-27,44,100.0,,1.0,44.0
2022-01-28,45,100.0,,1.0,45.0
2022-01-29,40,100.0,,1.0,40.0
2022-01-30,35,76.0,False,0.76,26.6
2022-01-31,38,76.0,,0.76,28.88
2022-02-01,96,76.0,,0.76,72.96000000000001
2022-02-02,91,76.0,,0.76,69.16
2022-02-03,81,76.0,,0.76,61.56
2022-02-04,94,76.0,,0.76,71.44
2022-02-05,93,76.0,,0.76,70.68
2022-02-06,79,68.0,False,0.68,53.720000000000006
2022-02-07,95,68.0,,0.68,64.60000000000001
2022-02-08,89,68.0,,0.68,60.52
2022-02-09,80,68.0,,0.68,54.400000000000006
2022-02-10,92,68.0,,0.68,62.56
2022-02-11,75,68.0,,0.68,51.00000000000001
2022-02-12,85,68.0,,0.68,57.800000000000004
2022-02-13,61,59.0,False,0.59,35.989999999999995
2022-02-14,68,59.0,,0.59,40.12
2022-02-15,78,59.0,,0.59,46.019999999999996
2022-02-16,71,59.0,,0.59,41.89
2022-02-17,69,59.0,,0.59,40.71
2022-02-18,71,59.0,,0.59,41.89
2022-02-19,68,59.0,,0.59,40.12
2022-02-20,74,59.0,False,0.59,43.66
2022-02-21,69,59.0,,0.59,40.71
2022-02-22,74,59.0,,0.59,43.66
2022-02-23,73,59.0,,0.59,43.07
2022-02-24,100,59.0,,0.59,59.0
2022-02-25,66,59.0,,0.59,38.94
2022-02-26,63,59.0,,0.59,37.169999999999995
2022-02-27,65,54.0,False,0.54,35.1
2022-02-28,73,54.0,,0.54,39.42
2022-03-01,98,54.0,,0.54,52.92
2022-03-02,87,54.0,,0.54,46.980000000000004
2022-03-03,77,54.0,,0.54,41.580000000000005
2022-03-04,74,54.0,,0.54,39.96
2022-03-05,70,54.0,,0.54,37.800000000000004
2022-03-06,60,47.0,False,0.47,28.2
2022-03-07,77,47.0,,0.47,36.19
2022-03-08,69,47.0,,0.47,32.43
2022-03-09,85,47.0,,0.47,39.949999999999996
2022-03-10,77,47.0,,0.47,36.19
2022-03-11,63,47.0,,0.47,29.61
2022-03-12,57,47.0,,0.47,26.79
2022-03-13,54,45.0,False,0.45,24.3
2022-03-14,66,45.0,,0.45,29.7
2022-03-15,62,45.0,,0.45,27.900000000000002
2022-03-16,76,45.0,,0.45,34.2
2022-03-17,66,45.0,,0.45,29.7
2022-03-18,74,45.0,,0.45,33.300000000000004
2022-03-19,76,45.0,,0.45,34.2
2022-03-20,74,53.0,False,0.53,39.22
2022-03-21,76,53.0,,0.53,40.28
2022-03-22,89,53.0,,0.53,47.17
2022-03-23,79,53.0,,0.53,41.870000000000005
2022-03-24,96,53.0,,0.53,50.88
2022-03-25,81,53.0,,0.53,42.93
2022-03-26,72,53.0,,0.53,38.160000000000004
2022-03-27,79,54.0,False,0.54,42.660000000000004
2022-03-28,100,54.0,,0.54,54.0
2022-03-29,89,54.0,,0.54,48.06
2022-03-30,86,54.0,,0.54,46.440000000000005
2022-03-31,74,54.0,,0.54,39.96
2022-04-01,95,54.0,,0.54,51.300000000000004
2022-04-02,100,54.0,,0.54,54.0
2022-04-03,96,45.0,False,0.45,43.2
2022-04-04,89,45.0,,0.45,40.050000000000004
2022-04-05,90,45.0,,0.45,40.5
2022-04-06,99,45.0,,0.45,44.550000000000004
2022-04-07,80,45.0,,0.45,36.0
2022-04-08,85,45.0,,0.45,38.25
2022-04-09,74,45.0,,0.45,33.300000000000004
2022-04-10,74,42.0,False,0.42,31.08
2022-04-11,97,42.0,,0.42,40.74
2022-04-12,88,42.0,,0.42,36.96
2022-04-13,80,42.0,,0.42,33.6
2022-04-14,80,42.0,,0.42,33.6
2022-04-15,73,42.0,,0.42,30.66
2022-04-16,70,42.0,,0.42,29.4
2022-04-17,73,41.0,False,0.41,29.93
2022-04-18,85,41.0,,0.41,34.85
2022-04-19,77,41.0,,0.41,31.569999999999997
2022-04-20,81,41.0,,0.41,33.21
2022-04-21,75,41.0,,0.41,30.749999999999996
2022-04-22,74,41.0,,0.41,30.34
2022-04-23,69,41.0,,0.41,28.29
2022-04-24,60,38.0,False,0.38,22.8
2022-04-25,79,38.0,,0.38,30.02
2022-04-26,88,38.0,,0.38,33.44
2022-04-27,76,38.0,,0.38,28.88
2022-04-28,73,38.0,,0.38,27.740000000000002
2022-04-29,65,38.0,,0.38,24.7
2022-04-30,69,38.0,,0.38,26.22
2022-05-01,40,40.0,False,0.4,16.0
2022-05-02,39,40.0,,0.4,15.600000000000001
2022-05-03,36,40.0,,0.4,14.4
2022-05-04,32,40.0,,0.4,12.8
2022-05-05,42,40.0,,0.4,16.8
2022-05-06,41,40.0,,0.4,16.400000000000002
2022-05-07,33,40.0,,0.4,13.200000000000001
2022-05-08,41,79.0,False,0.79,32.39
2022-05-09,63,79.0,,0.79,49.77
2022-05-10,57,79.0,,0.79,45.03
2022-05-11,69,79.0,,0.79,54.510000000000005
2022-05-12,100,79.0,,0.79,79.0
2022-05-13,81,79.0,,0.79,63.99
2022-05-14,58,79.0,,0.79,45.82
2022-05-15,44,46.0,False,0.46,20.240000000000002
2022-05-16,53,46.0,,0.46,24.380000000000003
2022-05-17,49,46.0,,0.46,22.540000000000003
2022-05-18,44,46.0,,0.46,20.240000000000002
2022-05-19,46,46.0,,0.46,21.16
2022-05-20,41,46.0,,0.46,18.86
2022-05-21,38,46.0,,0.46,17.48
2022-05-22,34,43.0,False,0.43,14.62
2022-05-23,37,43.0,,0.43,15.91
2022-05-24,39,43.0,,0.43,16.77
2022-05-25,36,43.0,,0.43,15.48
2022-05-26,45,43.0,,0.43,19.35
2022-05-27,56,43.0,,0.43,24.08
2022-05-28,38,43.0,,0.43,16.34
2022-05-29,36,37.0,False,0.37,13.32
2022-05-30,37,37.0,,0.37,13.69
2022-05-31,38,37.0,,0.37,14.06
2022-06-01,30,37.0,,0.37,11.1
2022-06-02,29,37.0,,0.37,10.73
2022-06-03,27,37.0,,0.37,9.99
2022-06-04,25,37.0,,0.37,9.25
2022-06-05,26,43.0,False,0.43,11.18
2022-06-06,28,43.0,,0.43,12.04
2022-06-07,28,43.0,,0.43,12.04
2022-06-08,26,43.0,,0.43,11.18
2022-06-09,28,43.0,,0.43,12.04
2022-06-10,32,43.0,,0.43,13.76
2022-06-11,59,43.0,,0.43,25.37
2022-06-12,56,95.0,False,0.95,53.199999999999996
2022-06-13,100,95.0,,0.95,95.0
2022-06-14,78,95.0,,0.95,74.1
2022-06-15,68,95.0,,0.95,64.6
2022-06-16,58,95.0,,0.95,55.099999999999994
2022-06-17,53,95.0,,0.95,50.349999999999994
2022-06-18,83,95.0,,0.95,78.85
2022-06-19,72,58.0,False,0.58,41.76
2022-06-20,54,58.0,,0.58,31.319999999999997
2022-06-21,43,58.0,,0.58,24.939999999999998
2022-06-22,38,58.0,,0.58,22.04
2022-06-23,34,58.0,,0.58,19.72
2022-06-24,33,58.0,,0.58,19.139999999999997
2022-06-25,28,58.0,,0.58,16.24
2022-06-26,31,44.0,False,0.44,13.64
2022-06-27,33,44.0,,0.44,14.52
2022-06-28,30,44.0,,0.44,13.2
2022-06-29,34,44.0,,0.44,14.96
2022-06-30,40,44.0,,0.44,17.6
2022-07-01,68,44.0,,0.44,29.92
2022-07-02,59,44.0,,0.44,25.96
2022-07-03,58,36.0,False,0.36,20.88
2022-07-04,57,36.0,,0.36,20.52
2022-07-05,65,36.0,,0.36,23.4
2022-07-06,54,36.0,,0.36,19.439999999999998
2022-07-07,61,36.0,,0.36,21.96
2022-07-08,58,36.0,,0.36,20.88
2022-07-09,51,36.0,,0.36,18.36
2022-07-10,50,33.0,False,0.33,16.5
2022-07-11,53,33.0,,0.33,17.490000000000002
2022-07-12,55,33.0,,0.33,18.150000000000002
2022-07-13,61,33.0,,0.33,20.130000000000003
2022-07-14,57,33.0,,0.33,18.810000000000002
2022-07-15,57,33.0,,0.33,18.810000000000002
2022-07-16,64,33.0,,0.33,21.12
2022-07-17,66,49.0,False,0.49,32.339999999999996
2022-07-18,93,49.0,,0.49,45.57
2022-07-19,100,49.0,,0.49,49.0
2022-07-20,90,49.0,,0.49,44.1
2022-07-21,72,49.0,,0.49,35.28
2022-07-22,65,49.0,,0.49,31.849999999999998
2022-07-23,59,49.0,,0.49,28.91
2022-07-24,59,44.0,False,0.44,25.96
2022-07-25,61,44.0,,0.44,26.84
2022-07-26,63,44.0,,0.44,27.72
2022-07-27,66,44.0,,0.44,29.04
2022-07-28,83,44.0,,0.44,36.52
2022-07-29,72,44.0,,0.44,31.68
2022-07-30,66,44.0,,0.44,29.04
2022-07-31,63,35.0,False,0.35,22.049999999999997
2022-08-01,69,35.0,,0.35,24.15
2022-08-02,72,35.0,,0.35,25.2
2022-08-03,66,35.0,,0.35,23.099999999999998
2022-08-04,66,35.0,,0.35,23.099999999999998
2022-08-05,63,35.0,,0.35,22.049999999999997
2022-08-06,56,35.0,,0.35,19.599999999999998
2022-08-07,53,45.0,False,0.45,23.85
2022-08-08,66,45.0,,0.45,29.7
2022-08-09,72,45.0,,0.45,32.4
2022-08-10,77,45.0,,0.45,34.65
2022-08-11,100,45.0,,0.45,45.0
2022-08-12,75,45.0,,0.45,33.75
2022-08-13,82,45.0,,0.45,36.9
2022-08-14,74,44.0,False,0.44,32.56
2022-08-15,82,44.0,,0.44,36.08
2022-08-16,74,44.0,,0.44,32.56
2022-08-17,65,44.0,,0.44,28.6
2022-08-18,62,44.0,,0.44,27.28
2022-08-19,88,44.0,,0.44,38.72
2022-08-20,76,44.0,,0.44,33.44
2022-08-21,65,38.0,False,0.38,24.7
2022-08-22,70,38.0,,0.38,26.6
2022-08-23,69,38.0,,0.38,26.22
2022-08-24,66,38.0,,0.38,25.080000000000002
2022-08-25,65,38.0,,0.38,24.7
2022-08-26,77,38.0,,0.38,29.26
2022-08-27,64,38.0,,0.38,24.32
2022-08-28,56,36.0,False,0.36,20.16
2022-08-29,68,36.0,,0.36,24.48
2022-08-30,84,36.0,,0.36,30.24
2022-08-31,60,36.0,,0.36,21.599999999999998
2022-09-01,15,36.0,,0.36,5.3999999999999995
2022-09-02,15,36.0,,0.36,5.3999999999999995
2022-09-03,13,36.0,,0.36,4.68
2022-09-04,15,45.0,False,0.45,6.75
2022-09-05,17,45.0,,0.45,7.65
2022-09-06,23,45.0,,0.45,10.35
2022-09-07,22,45.0,,0.45,9.9
2022-09-08,20,45.0,,0.45,9.0
2022-09-09,20,45.0,,0.45,9.0
2022-09-10,18,45.0,,0.45,8.1
2022-09-11,19,93.0,False,0.93,17.67
2022-09-12,27,93.0,,0.93,25.110000000000003
2022-09-13,34,93.0,,0.93,31.62
2022-09-14,43,93.0,,0.93,39.99
2022-09-15,100,93.0,,0.93,93.0
2022-09-16,35,93.0,,0.93,32.550000000000004
2022-09-17,24,93.0,,0.93,22.32
2022-09-18,21,44.0,False,0.44,9.24
2022-09-19,26,44.0,,0.44,11.44
2022-09-20,22,44.0,,0.44,9.68
2022-09-21,21,44.0,,0.44,9.24
2022-09-22,21,44.0,,0.44,9.24
2022-09-23,17,44.0,,0.44,7.48
2022-09-24,14,44.0,,0.44,6.16
2022-09-25,14,31.0,False,0.31,4.34
2022-09-26,15,31.0,,0.31,4.65
2022-09-27,15,31.0,,0.31,4.65
2022-09-28,14,31.0,,0.31,4.34
2022-09-29,13,31.0,,0.31,4.03
2022-09-30,12,31.0,,0.31,3.7199999999999998
2022-10-01,65,31.0,,0.31,20.15
2022-10-02,64,27.0,False,0.27,17.28
2022-10-03,83,27.0,,0.27,22.41
2022-10-04,85,27.0,,0.27,22.950000000000003
2022-10-05,75,27.0,,0.27,20.25
2022-10-06,71,27.0,,0.27,19.17
2022-10-07,65,27.0,,0.27,17.55
2022-10-08,55,27.0,,0.27,14.850000000000001
2022-10-09,54,23.0,False,0.23,12.42
2022-10-10,67,23.0,,0.23,15.41
2022-10-11,76,23.0,,0.23,17.48
2022-10-12,71,23.0,,0.23,16.330000000000002
2022-10-13,79,23.0,,0.23,18.17
2022-10-14,68,23.0,,0.23,15.64
2022-10-15,52,23.0,,0.23,11.96
2022-10-16,53,19.0,False,0.19,10.07
2022-10-17,63,19.0,,0.19,11.97
2022-10-18,64,19.0,,0.19,12.16
2022-10-19,64,19.0,,0.19,12.16
2022-10-20,70,19.0,,0.19,13.3
2022-10-21,58,19.0,,0.19,11.02
2022-10-22,48,19.0,,0.19,9.120000000000001
2022-10-23,48,28.0,False,0.28,13.440000000000001
2022-10-24,62,28.0,,0.28,17.360000000000003
2022-10-25,84,28.0,,0.28,23.520000000000003
2022-10-26,100,28.0,,0.28,28.000000000000004
2022-10-27,86,28.0,,0.28,24.080000000000002
2022-10-28,76,28.0,,0.28,21.28
2022-10-29,83,28.0,,0.28,23.240000000000002
2022-10-30,66,25.0,False,0.25,16.5
2022-10-31,69,25.0,,0.25,17.25
2022-11-01,43,25.0,,0.25,10.75
2022-11-02,47,25.0,,0.25,11.75
2022-11-03,42,25.0,,0.25,10.5
2022-11-04,45,25.0,,0.25,11.25
2022-11-05,47,25.0,,0.25,11.75
2022-11-06,36,42.0,False,0.42,15.12
2022-11-07,44,42.0,,0.42,18.48
2022-11-08,65,42.0,,0.42,27.3
2022-11-09,97,42.0,,0.42,40.74
2022-11-10,100,42.0,,0.42,42.0
2022-11-11,87,42.0,,0.42,36.54
2022-11-12,68,42.0,,0.42,28.56
2022-11-13,69,34.0,False,0.34,23.46
2022-11-14,71,34.0,,0.34,24.14
2022-11-15,61,34.0,,0.34,20.740000000000002
2022-11-16,59,34.0,,0.34,20.060000000000002
2022-11-17,64,34.0,,0.34,21.76
2022-11-18,56,34.0,,0.34,19.040000000000003
2022-11-19,51,34.0,,0.34,17.34
2022-11-20,49,28.0,False,0.28,13.72
2022-11-21,72,28.0,,0.28,20.160000000000004
2022-11-22,63,28.0,,0.28,17.64
2022-11-23,53,28.0,,0.28,14.840000000000002
2022-11-24,44,28.0,,0.28,12.32
2022-11-25,36,28.0,,0.28,10.080000000000002
2022-11-26,38,28.0,,0.28,10.64
2022-11-27,39,24.0,False,0.24,9.36
2022-11-28,47,24.0,,0.24,11.28
2022-11-29,41,24.0,,0.24,9.84
2022-11-30,45,24.0,,0.24,10.799999999999999
2022-12-01,79,24.0,,0.24,18.96
2022-12-02,66,24.0,,0.24,15.84
2022-12-03,57,24.0,,0.24,13.68
2022-12-04,60,23.0,False,0.23,13.8
2022-12-05,70,23.0,,0.23,16.1
2022-12-06,67,23.0,,0.23,15.41
2022-12-07,75,23.0,,0.23,17.25
2022-12-08,87,23.0,,0.23,20.01
2022-12-09,86,23.0,,0.23,19.78
2022-12-10,78,23.0,,0.23,17.94
2022-12-11,76,28.0,False,0.28,21.28
2022-12-12,85,28.0,,0.28,23.8
2022-12-13,100,28.0,,0.28,28.000000000000004
2022-12-14,89,28.0,,0.28,24.92
2022-12-15,86,28.0,,0.28,24.080000000000002
2022-12-16,83,28.0,,0.28,23.240000000000002
2022-12-17,68,28.0,,0.28,19.040000000000003
2022-12-18,76,26.0,False,0.26,19.76
2022-12-19,80,26.0,,0.26,20.8
2022-12-20,94,26.0,,0.26,24.44
2022-12-21,84,26.0,,0.26,21.84
2022-12-22,90,26.0,,0.26,23.400000000000002
2022-12-23,86,26.0,,0.26,22.36
2022-12-24,72,26.0,,0.26,18.72
2022-12-25,70,25.0,False,0.25,17.5
2022-12-26,77,25.0,,0.25,19.25
2022-12-27,93,25.0,,0.25,23.25
2022-12-28,79,25.0,,0.25,19.75
2022-12-29,82,25.0,,0.25,20.5
2022-12-30,75,25.0,,0.25,18.75
2022-12-31,69,25.0,,0.25,17.25
2023-01-01,60,22.0,False,0.22,13.2
2023-01-02,65,22.0,,0.22,14.3
2023-01-03,61,22.0,,0.22,13.42
2023-01-04,66,22.0,,0.22,14.52
2023-01-05,71,22.0,,0.22,15.62
2023-01-06,61,22.0,,0.22,13.42
2023-01-07,42,22.0,,0.22,9.24
2023-01-08,46,25.0,False,0.25,11.5
2023-01-09,59,25.0,,0.25,14.75
2023-01-10,62,25.0,,0.25,15.5
2023-01-11,57,25.0,,0.25,14.25
2023-01-12,79,25.0,,0.25,19.75
2023-01-13,69,25.0,,0.25,17.25
2023-01-14,100,25.0,,0.25,25.0
2023-01-15,76,30.0,False,0.3,22.8
2023-01-16,86,30.0,,0.3,25.8
2023-01-17,84,30.0,,0.3,25.2
2023-01-18,80,30.0,,0.3,24.0
2023-01-19,76,30.0,,0.3,22.8
2023-01-20,75,30.0,,0.3,22.5
2023-01-21,82,30.0,,0.3,24.599999999999998
2023-01-22,68,26.0,False,0.26,17.68
2023-01-23,78,26.0,,0.26,20.28
2023-01-24,73,26.0,,0.26,18.98
2023-01-25,68,26.0,,0.26,17.68
2023-01-26,66,26.0,,0.26,17.16
2023-01-27,65,26.0,,0.26,16.900000000000002
2023-01-28,56,26.0,,0.26,14.56
2023-01-29,68,24.0,False,0.24,16.32
2023-01-30,63,24.0,,0.24,15.12
2023-01-31,64,24.0,,0.24,15.36
2023-02-01,85,24.0,,0.24,20.4
2023-02-02,100,24.0,,0.24,24.0
2023-02-03,83,24.0,,0.24,19.919999999999998
2023-02-04,82,24.0,,0.24,19.68
2023-02-05,69,22.0,False,0.22,15.18
2023-02-06,83,22.0,,0.22,18.26
2023-02-07,79,22.0,,0.22,17.38
2023-02-08,74,22.0,,0.22,16.28
2023-02-09,66,22.0,,0.22,14.52
2023-02-10,76,22.0,,0.22,16.72
2023-02-11,63,22.0,,0.22,13.86
2023-02-12,58,23.0,False,0.23,13.34
2023-02-13,64,23.0,,0.23,14.72
2023-02-14,67,23.0,,0.23,15.41
2023-02-15,80,23.0,,0.23,18.400000000000002
2023-02-16,98,23.0,,0.23,22.540000000000003
2023-02-17,83,23.0,,0.23,19.09
2023-02-18,70,23.0,,0.23,16.1
2023-02-19,68,20.0,False,0.2,13.600000000000001
2023-02-20,88,20.0,,0.2,17.6
2023-02-21,79,20.0,,0.2,15.8
2023-02-22,62,20.0,,0.2,12.4
2023-02-23,68,20.0,,0.2,13.600000000000001
2023-02-24,65,20.0,,0.2,13.0
2023-02-25,61,20.0,,0.2,12.200000000000001
2023-02-26,60,17.0,False,0.17,10.200000000000001
2023-02-27,66,17.0,,0.17,11.22
2023-02-28,69,17.0,,0.17,11.73
2023-03-01,58,17.0,,0.17,9.860000000000001
2023-03-02,55,17.0,,0.17,9.350000000000001
2023-03-03,53,17.0,,0.17,9.01
2023-03-04,50,17.0,,0.17,8.5
2023-03-05,49,18.0,False,0.18,8.82
2023-03-06,49,18.0,,0.18,8.82
2023-03-07,45,18.0,,0.18,8.1
2023-03-08,52,18.0,,0.18,9.36
2023-03-09,58,18.0,,0.18,10.44
2023-03-10,73,18.0,,0.18,13.139999999999999
2023-03-11,68,18.0,,0.18,12.24
2023-03-12,65,32.0,False,0.32,20.8
2023-03-13,90,32.0,,0.32,28.8
2023-03-14,99,32.0,,0.32,31.68
2023-03-15,81,32.0,,0.32,25.92
2023-03-16,70,32.0,,0.32,22.400000000000002
2023-03-17,97,32.0,,0.32,31.04
2023-03-18,100,32.0,,0.32,32.0
2023-03-19,93,30.0,False,0.3,27.9
2023-03-20,93,30.0,,0.3,27.9
2023-03-21,92,30.0,,0.3,27.599999999999998
2023-03-22,86,30.0,,0.3,25.8
2023-03-23,81,30.0,,0.3,24.3
2023-03-24,78,30.0,,0.3,23.4
2023-03-25,63,30.0,,0.3,18.9
2023-03-26,59,24.0,False,0.24,14.16
2023-03-27,77,24.0,,0.24,18.48
2023-03-28,68,24.0,,0.24,16.32
2023-03-29,76,24.0,,0.24,18.24
2023-03-30,72,24.0,,0.24,17.28
2023-03-31,74,24.0,,0.24,17.759999999999998
2023-04-01,41,24.0,,0.24,9.84
2023-04-02,37,27.0,False,0.27,9.99
2023-04-03,38,27.0,,0.27,10.260000000000002
2023-04-04,47,27.0,,0.27,12.690000000000001
2023-04-05,57,27.0,,0.27,15.39
2023-04-06,47,27.0,,0.27,12.690000000000001
2023-04-07,39,27.0,,0.27,10.530000000000001
2023-04-08,35,27.0,,0.27,9.450000000000001
2023-04-09,39,39.0,False,0.39,15.21
2023-04-10,49,39.0,,0.39,19.11
2023-04-11,67,39.0,,0.39,26.130000000000003
2023-04-12,64,39.0,,0.39,24.96
2023-04-13,90,39.0,,0.39,35.1
2023-04-14,100,39.0,,0.39,39.0
2023-04-15,58,39.0,,0.39,22.62
2023-04-16,56,32.0,False,0.32,17.92
2023-04-17,56,32.0,,0.32,17.92
2023-04-18,54,32.0,,0.32,17.28
2023-04-19,55,32.0,,0.32,17.6
2023-04-20,44,32.0,,0.32,14.08
2023-04-21,46,32.0,,0.32,14.72
2023-04-22,40,32.0,,0.32,12.8
2023-04-23,33,23.0,False,0.23,7.590000000000001
2023-04-24,40,23.0,,0.23,9.200000000000001
2023-04-25,42,23.0,,0.23,9.66
2023-04-26,42,23.0,,0.23,9.66
2023-04-27,40,23.0,,0.23,9.200000000000001
2023-04-28,39,23.0,,0.23,8.97
2023-04-29,36,23.0,,0.23,8.280000000000001
2023-04-30,35,19.0,False,0.19,6.65
2023-05-01,78,19.0,,0.19,14.82
2023-05-02,79,19.0,,0.19,15.01
2023-05-03,75,19.0,,0.19,14.25
2023-05-04,87,19.0,,0.19,16.53
2023-05-05,96,19.0,,0.19,18.240000000000002
2023-05-06,91,19.0,,0.19,17.29
2023-05-07,85,21.0,False,0.21,17.849999999999998
2023-05-08,100,21.0,,0.21,21.0
2023-05-09,80,21.0,,0.21,16.8
2023-05-10,79,21.0,,0.21,16.59
2023-05-11,72,21.0,,0.21,15.12
2023-05-12,79,21.0,,0.21,16.59
2023-05-13,66,21.0,,0.21,13.86
2023-05-14,62,17.0,False,0.17,10.540000000000001
2023-05-15,66,17.0,,0.17,11.22
2023-05-16,72,17.0,,0.17,12.24
2023-05-17,69,17.0,,0.17,11.73
2023-05-18,74,17.0,,0.17,12.58
2023-05-19,63,17.0,,0.17,10.71
2023-05-20,60,17.0,,0.17,10.200000000000001
2023-05-21,53,16.0,False,0.16,8.48
2023-05-22,67,16.0,,0.16,10.72
2023-05-23,75,16.0,,0.16,12.0
2023-05-24,69,16.0,,0.16,11.040000000000001
2023-05-25,70,16.0,,0.16,11.200000000000001
2023-05-26,66,16.0,,0.16,10.56
2023-05-27,53,16.0,,0.16,8.48
2023-05-28,63,18.0,False,0.18,11.34
2023-05-29,83,18.0,,0.18,14.94
2023-05-30,82,18.0,,0.18,14.76
2023-05-31,70,18.0,,0.18,12.6
2023-06-01,74,18.0,,0.18,13.32
2023-06-02,74,18.0,,0.18,13.32
2023-06-03,62,18.0,,0.18,11.16
2023-06-04,68,18.0,False,0.18,12.24
2023-06-05,71,18.0,,0.18,12.78
2023-06-06,88,18.0,,0.18,15.84
2023-06-07,76,18.0,,0.18,13.68
2023-06-08,64,18.0,,0.18,11.52
2023-06-09,66,18.0,,0.18,11.879999999999999
2023-06-10,78,18.0,,0.18,14.04
2023-06-11,75,19.0,False,0.19,14.25
2023-06-12,76,19.0,,0.19,14.44
2023-06-13,75,19.0,,0.19,14.25
2023-06-14,82,19.0,,0.19,15.58
2023-06-15,78,19.0,,0.19,14.82
2023-06-16,68,19.0,,0.19,12.92
2023-06-17,70,19.0,,0.19,13.3
2023-06-18,57,20.0,False,0.2,11.4
2023-06-19,63,20.0,,0.2,12.600000000000001
2023-06-20,81,20.0,,0.2,16.2
2023-06-21,94,20.0,,0.2,18.8
2023-06-22,100,20.0,,0.2,20.0
2023-06-23,100,20.0,,0.2,20.0
2023-06-24,81,20.0,,0.2,16.2
2023-06-25,76,19.0,False,0.19,14.44
2023-06-26,80,19.0,,0.19,15.2
2023-06-27,89,19.0,,0.19,16.91
2023-06-28,72,19.0,,0.19,13.68
2023-06-29,77,19.0,,0.19,14.63
2023-06-30,91,19.0,,0.19,17.29
2023-07-01,61,19.0,,0.19,11.59
2023-07-02,64,19.0,False,0.19,12.16
2023-07-03,71,19.0,,0.19,13.49
2023-07-04,70,19.0,,0.19,13.3
2023-07-05,70,19.0,,0.19,13.3
2023-07-06,63,19.0,,0.19,11.97
2023-07-07,65,19.0,,0.19,12.35
2023-07-08,56,19.0,,0.19,10.64
2023-07-09,48,21.0,False,0.21,10.08
2023-07-10,56,21.0,,0.21,11.76
2023-07-11,60,21.0,,0.21,12.6
2023-07-12,64,21.0,,0.21,13.44
2023-07-13,100,21.0,,0.21,21.0
2023-07-14,99,21.0,,0.21,20.79
2023-07-15,72,21.0,,0.21,15.12
2023-07-16,61,17.0,False,0.17,10.370000000000001
2023-07-17,67,17.0,,0.17,11.39
2023-07-18,61,17.0,,0.17,10.370000000000001
2023-07-19,76,17.0,,0.17,12.920000000000002
2023-07-20,62,17.0,,0.17,10.540000000000001
2023-07-21,66,17.0,,0.17,11.22
2023-07-22,59,17.0,,0.17,10.030000000000001
2023-07-23,58,17.0,False,0.17,9.860000000000001
2023-07-24,61,17.0,,0.17,10.370000000000001
2023-07-25,65,17.0,,0.17,11.05
2023-07-26,57,17.0,,0.17,9.690000000000001
2023-07-27,57,17.0,,0.17,9.690000000000001
2023-07-28,61,17.0,,0.17,10.370000000000001
2023-07-29,51,17.0,,0.17,8.67
2023-07-30,46,14.0,False,0.14,6.44
2023-07-31,52,14.0,,0.14,7.280000000000001
2023-08-01,62,14.0,,0.14,8.680000000000001
2023-08-02,66,14.0,,0.14,9.24
2023-08-03,65,14.0,,0.14,9.100000000000001
2023-08-04,59,14.0,,0.14,8.260000000000002
2023-08-05,53,14.0,,0.14,7.420000000000001
2023-08-06,51,14.0,False,0.14,7.140000000000001
2023-08-07,64,14.0,,0.14,8.96
2023-08-08,71,14.0,,0.14,9.940000000000001
2023-08-09,65,14.0,,0.14,9.100000000000001
2023-08-10,57,14.0,,0.14,7.98
2023-08-11,57,14.0,,0.14,7.98
2023-08-12,48,14.0,,0.14,6.720000000000001
2023-08-13,50,17.0,False,0.17,8.5
2023-08-14,58,17.0,,0.17,9.860000000000001
2023-08-15,55,17.0,,0.17,9.350000000000001
2023-08-16,64,17.0,,0.17,10.88
2023-08-17,84,17.0,,0.17,14.280000000000001
2023-08-18,100,17.0,,0.17,17.0
2023-08-19,66,17.0,,0.17,11.22
2023-08-20,53,14.0,False,0.14,7.420000000000001
2023-08-21,67,14.0,,0.14,9.38
2023-08-22,67,14.0,,0.14,9.38
2023-08-23,68,14.0,,0.14,9.520000000000001
2023-08-24,54,14.0,,0.14,7.5600000000000005
2023-08-25,60,14.0,,0.14,8.4
2023-08-26,46,14.0,,0.14,6.44
2023-08-27,48,13.0,False,0.13,6.24
2023-08-28,50,13.0,,0.13,6.5
2023-08-29,74,13.0,,0.13,9.620000000000001
2023-08-30,61,13.0,,0.13,7.930000000000001
2023-08-31,60,13.0,,0.13,7.800000000000001
2023-09-01,87,13.0,,0.13,11.31
2023-09-02,73,13.0,,0.13,9.49
2023-09-03,70,13.0,False,0.13,9.1
2023-09-04,80,13.0,,0.13,10.4
2023-09-05,86,13.0,,0.13,11.18
2023-09-06,94,13.0,,0.13,12.22
2023-09-07,98,13.0,,0.13,12.74
2023-09-08,75,13.0,,0.13,9.75
2023-09-09,59,13.0,,0.13,7.67
2023-09-10,74,13.0,False,0.13,9.620000000000001
2023-09-11,96,13.0,,0.13,12.48
2023-09-12,100,13.0,,0.13,13.0
2023-09-13,86,13.0,,0.13,11.18
2023-09-14,95,13.0,,0.13,12.35
2023-09-15,77,13.0,,0.13,10.01
2023-09-16,72,13.0,,0.13,9.36
2023-09-17,75,12.0,False,0.12,9.0
2023-09-18,83,12.0,,0.12,9.959999999999999
2023-09-19,84,12.0,,0.12,10.08
2023-09-20,90,12.0,,0.12,10.799999999999999
2023-09-21,76,12.0,,0.12,9.12
2023-09-22,83,12.0,,0.12,9.959999999999999
2023-09-23,71,12.0,,0.12,8.52
2023-09-24,70,12.0,False,0.12,8.4
2023-09-25,79,12.0,,0.12,9.48
2023-09-26,84,12.0,,0.12,10.08
2023-09-27,78,12.0,,0.12,9.36
2023-09-28,85,12.0,,0.12,10.2
2023-09-29,100,12.0,,0.12,12.0
2023-09-30,77,12.0,,0.12,9.24
2023-10-01,33,13.0,False,0.13,4.29
2023-10-02,57,13.0,,0.13,7.41
2023-10-03,49,13.0,,0.13,6.37
2023-10-04,40,13.0,,0.13,5.2
2023-10-05,39,13.0,,0.13,5.07
2023-10-06,40,13.0,,0.13,5.2
2023-10-07,36,13.0,,0.13,4.68
2023-10-08,32,13.0,False,0.13,4.16
2023-10-09,46,13.0,,0.13,5.98
2023-10-10,45,13.0,,0.13,5.8500000000000005
2023-10-11,43,13.0,,0.13,5.59
2023-10-12,40,13.0,,0.13,5.2
2023-10-13,39,13.0,,0.13,5.07
2023-10-14,35,13.0,,0.13,4.55
2023-10-15,32,14.0,False,0.14,4.48
2023-10-16,47,14.0,,0.14,6.580000000000001
2023-10-17,49,14.0,,0.14,6.86
2023-10-18,47,14.0,,0.14,6.580000000000001
2023-10-19,39,14.0,,0.14,5.460000000000001
2023-10-20,46,14.0,,0.14,6.44
2023-10-21,46,14.0,,0.14,6.44
2023-10-22,39,21.0,False,0.21,8.19
2023-10-23,72,21.0,,0.21,15.12
2023-10-24,100,21.0,,0.21,21.0
2023-10-25,75,21.0,,0.21,15.75
2023-10-26,76,21.0,,0.21,15.959999999999999
2023-10-27,58,21.0,,0.21,12.18
2023-10-28,47,21.0,,0.21,9.87
2023-10-29,44,17.0,False,0.17,7.48
2023-10-30,56,17.0,,0.17,9.520000000000001
2023-10-31,57,17.0,,0.17,9.690000000000001
2023-11-01,48,17.0,,0.17,8.16
2023-11-02,47,17.0,,0.17,7.99
2023-11-03,38,17.0,,0.17,6.460000000000001
2023-11-04,40,17.0,,0.17,6.800000000000001
2023-11-05,48,29.0,False,0.29,13.919999999999998
2023-11-06,52,29.0,,0.29,15.079999999999998
2023-11-07,45,29.0,,0.29,13.049999999999999
2023-11-08,48,29.0,,0.29,13.919999999999998
2023-11-09,85,29.0,,0.29,24.65
2023-11-10,100,29.0,,0.29,28.999999999999996
2023-11-11,68,29.0,,0.29,19.72
2023-11-12,58,25.0,False,0.25,14.5
2023-11-13,53,25.0,,0.25,13.25
2023-11-14,57,25.0,,0.25,14.25
2023-11-15,66,25.0,,0.25,16.5
2023-11-16,59,25.0,,0.25,14.75
2023-11-17,45,25.0,,0.25,11.25
2023-11-18,43,25.0,,0.25,10.75
2023-11-19,41,20.0,False,0.2,8.200000000000001
2023-11-20,51,20.0,,0.2,10.200000000000001
2023-11-21,54,20.0,,0.2,10.8
2023-11-22,54,20.0,,0.2,10.8
2023-11-23,51,20.0,,0.2,10.200000000000001
2023-11-24,52,20.0,,0.2,10.4
2023-11-25,49,20.0,,0.2,9.8
2023-11-26,45,21.0,False,0.21,9.45
2023-11-27,42,21.0,,0.21,8.82
2023-11-28,47,21.0,,0.21,9.87
2023-11-29,49,21.0,,0.21,10.29
2023-11-30,46,21.0,,0.21,9.66
2023-12-01,55,21.0,,0.21,11.549999999999999
2023-12-02,54,21.0,,0.21,11.34
2023-12-03,56,39.0,False,0.39,21.84
2023-12-04,100,39.0,,0.39,39.0
2023-12-05,95,39.0,,0.39,37.050000000000004
2023-12-06,85,39.0,,0.39,33.15
2023-12-07,76,39.0,,0.39,29.64
2023-12-08,87,39.0,,0.39,33.93
2023-12-09,63,39.0,,0.39,24.57
2023-12-10,57,31.0,False,0.31,17.669999999999998
2023-12-11,63,31.0,,0.31,19.53
2023-12-12,57,31.0,,0.31,17.669999999999998
2023-12-13,63,31.0,,0.31,19.53
2023-12-14,62,31.0,,0.31,19.22
2023-12-15,59,31.0,,0.31,18.29
2023-12-16,53,31.0,,0.31,16.43
2023-12-17,43,24.0,False,0.24,10.32
2023-12-18,48,24.0,,0.24,11.52
2023-12-19,54,24.0,,0.24,12.959999999999999
2023-12-20,62,24.0,,0.24,14.879999999999999
2023-12-21,52,24.0,,0.24,12.48
2023-12-22,64,24.0,,0.24,15.36
2023-12-23,49,24.0,,0.24,11.76
2023-12-24,55,30.0,False,0.3,16.5
2023-12-25,53,30.0,,0.3,15.899999999999999
2023-12-26,51,30.0,,0.3,15.299999999999999
2023-12-27,67,30.0,,0.3,20.099999999999998
2023-12-28,73,30.0,,0.3,21.9
2023-12-29,64,30.0,,0.3,19.2
2023-12-30,49,30.0,,0.3,14.7
2023-12-31,46,30.0,False,0.3,13.799999999999999
2024-01-01,35,30.0,,0.3,10.5
2024-01-02,53,30.0,,0.3,15.899999999999999
2024-01-03,49,30.0,,0.3,14.7
2024-01-04,44,30.0,,0.3,13.2
2024-01-05,34,30.0,,0.3,10.2
2024-01-06,35,30.0,,0.3,10.5
2024-01-07,32,43.0,False,0.43,13.76
2024-01-08,41,43.0,,0.43,17.63
2024-01-09,44,43.0,,0.43,18.919999999999998
2024-01-10,70,43.0,,0.43,30.099999999999998
2024-01-11,100,43.0,,0.43,43.0
2024-01-12,74,43.0,,0.43,31.82
2024-01-13,51,43.0,,0.43,21.93
2024-01-14,46,27.0,False,0.27,12.420000000000002
2024-01-15,46,27.0,,0.27,12.420000000000002
2024-01-16,42,27.0,,0.27,11.34
2024-01-17,42,27.0,,0.27,11.34
2024-01-18,36,27.0,,0.27,9.72
2024-01-19,33,27.0,,0.27,8.91
2024-01-20,32,27.0,,0.27,8.64
2024-01-21,29,20.0,False,0.2,5.800000000000001
2024-01-22,34,20.0,,0.2,6.800000000000001
2024-01-23,37,20.0,,0.2,7.4
2024-01-24,32,20.0,,0.2,6.4
2024-01-25,31,20.0,,0.2,6.2
2024-01-26,28,20.0,,0.2,5.6000000000000005
2024-01-27,24,20.0,,0.2,4.800000000000001
2024-01-28,25,19.0,True,0.19,4.75
2024-01-29,27,19.0,,0.19,5.13
2024-01-30,33,19.0,,0.19,6.2700000000000005
2024-01-31,31,19.0,,0.19,5.89
