time,Bitcoin,Bitcoin Crash,Blockchain,Crisis,Cryptocurrency,Nicehash,Hashing,GPU,GeForce,mining,Tesla,Price
2022-05-01 00:00:00,0,32,47,67,86,36,22,66,63,64,68,37808.359375
2022-05-01 01:00:00,0,65,34,54,86,18,40,43,63,62,78,37992.09375
2022-05-01 02:00:00,40,34,25,70,87,0,32,60,70,63,64,38044.78125
2022-05-01 03:00:00,81,35,61,51,84,19,24,68,46,68,60,38050.20703125
2022-05-01 04:00:00,0,0,37,74,83,20,44,65,44,63,60,38064.76171875
2022-05-01 05:00:00,84,0,60,47,85,20,64,74,52,66,51,38147.27734375
2022-05-01 06:00:00,39,34,49,44,86,25,28,47,94,51,53,38122.29296875
2022-05-01 07:00:00,37,32,72,50,94,30,43,60,66,56,49,38011.296875
2022-05-01 08:00:00,0,61,66,43,81,11,66,67,63,52,50,38064.5
2022-05-01 09:00:00,0,0,46,40,84,22,37,83,87,69,50,38075.58203125
2022-05-01 10:00:00,0,57,29,42,79,21,50,50,76,49,52,38080.26953125
2022-05-01 11:00:00,0,0,46,35,67,0,39,51,57,49,46,38049.52734375
2022-05-01 12:00:00,57,0,43,32,71,27,40,43,77,46,49,38013.46875
2022-05-01 13:00:00,26,0,55,46,77,37,45,50,40,53,54,38023.359375
2022-05-01 14:00:00,0,0,64,40,75,24,35,64,60,56,57,38034.92578125
2022-05-01 15:00:00,24,21,46,50,71,4,26,51,54,60,56,38481.32421875
2022-05-01 16:00:00,24,0,52,49,80,16,63,72,79,54,61,38627.859375
2022-05-01 17:00:00,25,0,61,44,74,36,38,68,70,59,62,38572.859375
2022-05-01 18:00:00,78,22,71,54,89,17,30,58,70,51,63,38402.93359375
2022-05-01 19:00:00,55,0,61,61,93,22,48,48,83,51,73,37996.51953125
2022-05-01 20:00:00,0,51,53,56,100,10,59,69,37,58,77,38122.5703125
2022-05-01 21:00:00,0,0,44,67,90,10,42,72,68,60,64,38340.984375
2022-05-01 22:00:00,35,0,56,66,78,17,37,47,59,61,70,38521.1953125
2022-05-01 23:00:00,0,0,49,71,69,42,26,67,58,54,73,38579.60546875
2022-05-02 00:00:00,37,32,46,68,67,6,47,53,62,82,66,38746.9375
2022-05-02 01:00:00,0,63,49,81,73,29,43,62,84,68,85,38726.51953125
2022-05-02 02:00:00,0,0,55,92,75,12,40,75,64,77,73,38605.37109375
2022-05-02 03:00:00,0,34,57,82,73,19,84,88,50,79,69,38691.84765625
2022-05-02 04:00:00,40,0,53,60,77,13,61,70,46,80,60,38974.21484375
2022-05-02 05:00:00,0,0,59,64,81,25,68,97,49,71,55,38995.98828125
2022-05-02 06:00:00,0,0,57,56,83,29,83,85,45,67,45,39074.97265625
2022-05-02 07:00:00,100,0,74,43,82,5,54,77,42,63,53,39006.06640625
2022-05-02 08:00:00,0,27,67,29,66,0,48,59,56,47,54,38954.66015625
2022-05-02 09:00:00,30,0,55,45,76,10,66,50,59,57,59,39007.453125
2022-05-02 10:00:00,58,0,74,43,72,19,44,62,63,51,55,38845.0078125
2022-05-02 11:00:00,0,0,44,33,71,25,70,64,49,61,63,38747.45703125
2022-05-02 12:00:00,0,21,64,47,72,27,73,40,50,65,68,38669.39453125
2022-05-02 13:00:00,0,19,74,68,72,25,49,67,82,70,78,38970.30078125
2022-05-02 14:00:00,0,0,45,51,72,14,59,65,84,76,89,39041.82421875
2022-05-02 15:00:00,22,0,63,76,79,28,60,66,74,65,83,38857.94140625
2022-05-02 16:00:00,22,0,67,70,77,28,46,71,63,65,86,38801.0625
2022-05-02 17:00:00,0,19,74,81,78,14,47,62,54,65,86,38588.69140625
2022-05-02 18:00:00,0,20,43,76,79,4,52,60,63,64,92,38452.5546875
2022-05-02 19:00:00,0,21,63,82,88,20,60,83,56,62,91,38551.00390625
2022-05-02 20:00:00,0,0,59,65,84,13,34,63,58,66,97,38561.234375
2022-05-02 21:00:00,31,0,68,75,100,20,40,73,71,69,93,38680.421875
2022-05-02 22:00:00,33,29,65,89,89,21,98,46,73,70,86,38785.625
2022-05-02 23:00:00,0,0,54,78,82,23,75,67,48,67,82,38700.06640625
2022-05-03 00:00:00,0,0,58,86,63,28,52,52,50,74,72,38554.05859375
2022-05-03 01:00:00,0,0,70,76,81,28,44,95,39,82,71,38504.23828125
2022-05-03 02:00:00,74,32,69,100,82,6,43,81,58,76,64,38570.828125
2022-05-03 03:00:00,77,0,38,72,74,19,72,70,48,70,72,38574.42578125
2022-05-03 04:00:00,40,34,53,77,65,6,97,87,45,74,55,38539.828125
2022-05-03 05:00:00,0,0,47,45,82,18,26,59,35,59,61,38533.53515625
2022-05-03 06:00:00,0,30,49,52,70,28,93,50,47,62,58,38550.49609375
2022-05-03 07:00:00,0,0,59,44,79,11,81,83,55,65,56,38550.875
2022-05-03 08:00:00,0,0,83,37,77,10,65,68,75,59,54,38629.99609375
2022-05-03 09:00:00,0,0,61,37,87,24,59,71,56,54,53,38555.33203125
2022-05-03 10:00:00,28,0,63,41,75,18,36,60,50,65,55,38476.1171875
2022-05-03 11:00:00,0,0,53,56,67,28,47,53,71,60,60,38552.51171875
2022-05-03 12:00:00,0,0,54,60,76,19,47,71,71,56,62,38567.01171875
2022-05-03 13:00:00,22,0,89,65,68,28,56,66,71,72,79,38467.9921875
2022-05-03 14:00:00,0,0,63,81,76,20,42,62,66,71,84,38437.09765625
2022-05-03 15:00:00,20,17,59,77,73,20,57,75,63,62,84,38389.5390625
2022-05-03 16:00:00,0,0,61,65,72,28,53,70,49,59,82,38375.68359375
2022-05-03 17:00:00,20,0,76,74,73,35,68,58,100,69,85,38278.87890625
2022-05-03 18:00:00,0,17,67,70,73,13,50,64,87,72,83,38112.546875
2022-05-03 19:00:00,42,18,72,70,84,7,39,61,57,62,80,37761.859375
2022-05-03 20:00:00,23,19,46,69,84,26,88,68,76,72,91,37727.875
2022-05-03 21:00:00,26,22,56,78,87,29,58,84,68,76,85,37942.6171875
2022-05-03 22:00:00,0,76,37,82,78,24,48,74,89,76,86,37870.453125
2022-05-03 23:00:00,0,54,67,91,75,10,41,83,66,73,76,37776.63671875
2022-05-04 00:00:00,0,0,45,79,67,27,56,73,71,74,62,37900.08203125
2022-05-04 01:00:00,0,0,63,90,71,38,48,70,74,72,69,37953.30078125
2022-05-04 02:00:00,0,30,50,87,76,34,62,99,85,100,65,38014.00390625
2022-05-04 03:00:00,0,0,50,75,76,36,53,75,63,80,65,38073.265625
2022-05-04 04:00:00,38,0,54,42,73,37,80,64,71,63,58,38059.09765625
2022-05-04 05:00:00,0,0,80,54,64,0,59,68,49,61,59,38102.0625
2022-05-04 06:00:00,0,0,71,38,66,16,62,77,35,58,54,38377.34765625
2022-05-04 07:00:00,0,0,71,43,77,5,32,62,61,63,50,38647.67578125
2022-05-04 08:00:00,0,0,65,47,59,15,82,59,89,67,46,38958.25390625
2022-05-04 09:00:00,29,0,75,55,74,19,91,87,51,58,51,39006.0390625
2022-05-04 10:00:00,0,0,67,45,70,4,47,68,54,61,50,39021.5859375
2022-05-04 11:00:00,0,0,78,47,72,12,51,58,66,60,59,39025.80859375
2022-05-04 12:00:00,0,0,58,64,68,11,63,57,64,63,56,39095.109375
2022-05-04 13:00:00,0,0,91,64,59,20,57,62,82,65,69,39041.9609375
2022-05-04 14:00:00,21,19,66,57,67,23,76,56,81,71,82,38849.44140625
2022-05-04 15:00:00,0,0,82,70,70,20,72,61,58,81,72,38985.8515625
2022-05-04 16:00:00,0,0,60,66,68,28,73,63,59,79,79,39287.79296875
2022-05-04 17:00:00,22,0,52,72,69,29,63,55,85,69,76,39212.02734375
2022-05-04 18:00:00,46,21,66,71,86,15,40,76,68,56,81,39619.921875
2022-05-04 19:00:00,23,0,74,79,90,11,60,53,49,57,82,39902.94921875
2022-05-04 20:00:00,0,0,45,74,75,28,32,70,72,52,94,39882.9296875
2022-05-04 21:00:00,0,26,53,61,83,18,62,59,61,53,83,39862.58203125
2022-05-04 22:00:00,0,0,42,82,84,37,39,87,59,66,83,39770.90234375
2022-05-04 23:00:00,35,0,64,81,80,17,25,71,48,80,83,39713.5390625
2022-05-05 00:00:00,0,0,47,70,78,6,28,63,65,74,68,39730.4453125
2022-05-05 01:00:00,35,0,66,74,76,0,65,96,51,73,65,39680.8203125
2022-05-05 02:00:00,0,33,61,74,75,23,63,58,34,80,66,39759.48828125
2022-05-05 03:00:00,0,34,100,74,72,12,69,100,58,81,66,39765.42578125
2022-05-05 04:00:00,0,0,83,60,78,24,78,77,55,76,54,39756.69921875
2022-05-05 05:00:00,35,0,73,52,73,23,54,73,34,83,54,39789.28125
2022-05-05 06:00:00,0,0,76,44,73,10,53,75,54,55,49,39693.1171875
2022-05-05 07:00:00,31,0,63,41,80,10,100,71,45,72,46,39620.875
2022-05-05 08:00:00,0,0,69,41,61,14,79,69,50,69,49,39611.94140625
2022-05-05 09:00:00,29,26,54,41,81,0,81,80,52,48,48,39545.08984375
2022-05-05 10:00:00,0,0,56,45,73,35,60,63,66,55,47,39593.12890625
2022-05-05 11:00:00,0,22,72,57,79,16,71,53,66,72,59,39568.046875
2022-05-05 12:00:00,0,0,60,55,77,17,83,70,57,75,59,39552.21484375
2022-05-05 13:00:00,0,0,74,64,68,35,57,66,54,70,73,39519.66796875
2022-05-05 14:00:00,19,0,67,62,67,25,79,64,49,68,91,39098.4375
2022-05-05 15:00:00,0,17,97,70,83,9,47,66,62,64,90,38203.41015625
2022-05-05 16:00:00,0,71,73,65,88,25,52,77,72,75,88,37233.734375
2022-05-05 17:00:00,20,36,69,70,86,10,88,72,85,73,82,37161.6875
2022-05-05 18:00:00,0,19,44,63,92,30,43,45,89,62,90,36876.671875
2022-05-05 19:00:00,22,100,57,73,99,10,43,77,71,64,100,36427.50390625
2022-05-05 20:00:00,94,22,72,74,91,19,58,57,96,75,98,36430.07421875
2022-05-05 21:00:00,53,0,52,82,84,25,40,85,81,82,98,36592.2109375
2022-05-05 22:00:00,0,56,60,79,87,20,71,84,70,75,83,36485.57421875
2022-05-05 23:00:00,33,90,65,82,79,32,61,72,76,71,83,36574.79296875
2022-05-06 00:00:00,32,29,43,90,74,20,56,58,44,76,71,36624.359375
2022-05-06 01:00:00,0,0,60,87,74,10,75,90,64,95,75,36416.62890625
2022-05-06 02:00:00,34,31,69,81,65,16,63,86,85,90,65,36540.15625
2022-05-06 03:00:00,0,0,70,72,82,12,78,70,55,73,71,36476.109375
2022-05-06 04:00:00,0,35,65,74,80,24,53,81,60,65,58,36461.609375
2022-05-06 05:00:00,0,32,89,39,71,28,50,82,56,69,59,36495.6640625
2022-05-06 06:00:00,33,60,70,48,71,16,95,73,48,69,50,36533.8359375
2022-05-06 07:00:00,0,57,87,50,79,25,76,55,59,68,54,36446.97265625
2022-05-06 08:00:00,0,0,99,39,72,15,89,74,58,58,51,36401.6484375
2022-05-06 09:00:00,0,0,82,47,81,28,70,45,51,59,53,36391.88671875
2022-05-06 10:00:00,0,0,82,39,75,22,77,68,70,62,53,36409.37890625
2022-05-06 11:00:00,50,23,65,58,67,8,65,55,45,52,61,36030.6796875
2022-05-06 12:00:00,47,43,61,48,74,26,60,73,74,68,67,36264.046875
2022-05-06 13:00:00,42,19,72,58,73,17,57,65,71,65,79,36008.0625
2022-05-06 14:00:00,0,39,72,59,63,24,45,44,67,69,91,36112.72265625
2022-05-06 15:00:00,0,0,72,78,72,10,56,60,53,67,83,36357.75
2022-05-06 16:00:00,23,21,63,63,72,22,56,64,84,60,76,36212.84375
2022-05-06 17:00:00,0,0,73,67,78,11,51,64,83,63,85,36216.953125
2022-05-06 18:00:00,0,23,64,66,85,16,61,59,57,54,83,36055.57421875
2022-05-06 19:00:00,0,0,45,75,76,17,53,70,81,55,90,36133.93359375
2022-05-06 20:00:00,29,0,60,68,90,19,64,58,94,63,94,36101.62890625
2022-05-06 21:00:00,32,30,93,56,76,26,53,51,68,52,95,36094.84375
2022-05-06 22:00:00,36,0,51,68,69,11,50,63,49,61,93,36048.5859375
2022-05-06 23:00:00,0,0,61,53,76,0,49,62,64,62,72,36114.47265625
2022-05-07 00:00:00,38,0,31,63,75,0,22,69,40,63,84,36056.36328125
2022-05-07 01:00:00,0,0,75,78,67,12,36,48,52,63,67,36048.79296875
2022-05-07 02:00:00,0,0,52,50,71,25,31,72,57,84,58,36027.12109375
2022-05-07 03:00:00,0,36,50,61,72,38,37,47,37,56,64,35968.3984375
2022-05-07 04:00:00,0,0,36,69,66,6,28,63,68,57,60,35868.5390625
2022-05-07 05:00:00,0,0,81,69,78,19,46,86,74,79,55,35894.296875
2022-05-07 06:00:00,37,0,79,39,75,12,38,62,46,68,48,35915.48828125
2022-05-07 07:00:00,35,0,67,43,82,11,58,85,60,63,46,35945.77734375
2022-05-07 08:00:00,35,32,47,34,70,17,44,89,62,58,47,36041.7109375
2022-05-07 09:00:00,0,0,47,37,66,21,23,72,76,56,42,36040.59375
2022-05-07 10:00:00,0,0,77,41,67,40,26,55,80,65,44,36096.94921875
2022-05-07 11:00:00,0,0,50,43,64,19,48,46,62,54,44,36129.92578125
2022-05-07 12:00:00,0,0,46,27,64,35,35,76,77,60,47,36057.1484375
2022-05-07 13:00:00,25,0,59,33,67,49,36,59,75,53,44,36040.40625
2022-05-07 14:00:00,25,0,58,40,56,39,35,77,44,59,53,35986.69140625
2022-05-07 15:00:00,0,22,45,40,65,89,39,71,76,59,58,36040.3828125
2022-05-07 16:00:00,0,0,35,45,68,100,34,56,53,53,55,35989.97265625
2022-05-07 17:00:00,24,0,48,45,64,54,45,64,71,49,59,35971.6796875
2022-05-07 18:00:00,0,0,54,61,58,71,30,68,68,54,63,35993.046875
2022-05-07 19:00:00,0,0,28,56,55,63,49,57,62,53,65,35941.18359375
2022-05-07 20:00:00,0,0,40,56,68,76,56,39,87,50,64,35885.66796875
2022-05-07 21:00:00,0,61,42,46,75,74,27,81,77,44,72,35811.64453125
2022-05-07 22:00:00,0,34,30,55,80,47,21,78,62,42,67,35280.32421875
2022-05-07 23:00:00,0,0,90,48,70,56,36,65,85,46,75,35631.07421875
2022-05-08 00:00:00,0,0,49,50,66,43,50,58,57,49,63,35502.94140625
2022-05-08 01:00:00,0,0,55,56,20,100,26,54,55,73,60,35239.375
2022-05-08 02:00:00,0,10,48,56,22,96,35,80,34,73,56,34918.796875
2022-05-08 03:00:00,0,5,41,39,22,57,18,65,100,69,54,34613.7578125
2022-05-08 04:00:00,0,10,34,52,21,77,28,77,67,62,52,34663.2421875
2022-05-08 05:00:00,0,5,22,27,22,70,32,64,40,60,42,34475.62890625
2022-05-08 06:00:00,36,5,36,29,24,28,30,49,33,61,46,34863.54296875
2022-05-08 07:00:00,34,4,27,30,22,42,36,70,71,72,43,34873.6328125
2022-05-08 08:00:00,33,9,65,42,23,35,47,54,65,54,40,34701.3203125
2022-05-08 09:00:00,32,0,39,30,21,29,30,52,93,49,41,34699.921875
2022-05-08 10:00:00,0,0,40,36,23,33,55,60,79,48,41,34777.4453125
2022-05-08 11:00:00,0,0,39,27,16,35,61,52,60,69,42,34834.5
2022-05-08 12:00:00,0,3,38,39,19,52,50,42,55,67,43,34818.76171875
2022-05-08 13:00:00,24,0,42,32,20,49,32,52,48,65,50,34661.25
2022-05-08 14:00:00,0,0,38,48,18,44,25,62,66,64,45,34552.015625
2022-05-08 15:00:00,23,3,33,51,19,17,46,61,74,67,48,34585.78125
2022-05-08 16:00:00,23,0,40,43,20,42,22,76,72,59,51,34527.36328125
2022-05-08 17:00:00,23,12,33,50,23,46,33,62,78,57,55,34412.33203125
2022-05-08 18:00:00,0,3,46,57,22,34,38,53,68,58,58,34572.89453125
2022-05-08 19:00:00,26,7,28,44,22,28,28,68,66,63,62,34672.2734375
2022-05-08 20:00:00,56,4,24,57,23,52,33,51,65,58,63,34600.48046875
2022-05-08 21:00:00,0,4,43,64,22,57,30,39,83,63,58,34461.84765625
2022-05-08 22:00:00,0,5,28,48,23,16,33,57,45,67,62,34461.640625
2022-05-08 23:00:00,37,0,43,70,20,11,13,58,60,57,66,34295.76953125
2022-05-09 00:00:00,73,9,24,60,18,22,30,68,88,74,69,34191.234375
2022-05-09 01:00:00,0,0,55,68,20,32,33,60,48,91,60,34222.07421875
2022-05-09 02:00:00,0,5,41,73,25,33,47,76,66,92,56,34087.44921875
2022-05-09 03:00:00,37,24,45,61,25,45,61,77,59,100,55,33771.390625
2022-05-09 04:00:00,0,5,60,71,23,33,82,79,29,91,54,33797.05859375
2022-05-09 05:00:00,34,0,42,49,25,26,93,78,59,81,43,33716.31640625
2022-05-09 06:00:00,0,20,68,55,26,32,51,89,70,51,38,33568.24609375
2022-05-09 07:00:00,0,8,69,42,25,44,76,88,60,75,40,33710.484375
2022-05-09 08:00:00,28,11,64,43,24,34,89,90,55,82,45,33630.28515625
2022-05-09 09:00:00,0,4,51,50,21,29,80,52,69,65,50,33709.921875
2022-05-09 10:00:00,26,14,58,34,27,28,43,100,42,71,52,33518.58203125
2022-05-09 11:00:00,0,27,49,63,28,18,28,61,40,75,54,33103.40625
2022-05-09 12:00:00,0,11,53,56,29,16,67,48,73,72,61,33114.06640625
2022-05-09 13:00:00,0,3,59,76,27,30,40,41,60,69,70,33312.8046875
2022-05-09 14:00:00,0,8,52,74,24,15,59,50,62,77,81,33062.78515625
2022-05-09 15:00:00,60,21,42,65,28,18,47,54,65,73,81,32656.9140625
2022-05-09 16:00:00,0,13,44,76,31,34,60,49,56,75,79,32529.70703125
2022-05-09 17:00:00,21,25,40,81,38,39,62,43,83,62,80,31841.767578125
2022-05-09 18:00:00,66,20,53,66,42,37,26,62,49,63,83,31453.02734375
2022-05-09 19:00:00,0,24,51,77,47,21,54,56,78,69,96,30924.197265625
2022-05-09 20:00:00,25,36,46,62,41,23,66,64,64,74,96,31781.4609375
2022-05-09 21:00:00,0,31,47,92,42,31,49,64,82,70,98,31456.41015625
2022-05-09 22:00:00,66,13,36,70,38,41,20,78,92,60,83,31274.435546875
2022-05-09 23:00:00,0,32,58,94,37,32,50,52,61,84,78,31205.888671875
2022-05-10 00:00:00,0,22,30,79,46,26,32,68,79,82,77,30729.65234375
2022-05-10 01:00:00,100,13,43,91,36,25,67,70,27,88,69,31278.740234375
2022-05-10 02:00:00,34,9,63,83,35,26,32,77,58,88,64,31342.458984375
2022-05-10 03:00:00,0,23,43,79,34,43,62,82,77,86,69,31119.958984375
2022-05-10 04:00:00,0,9,63,65,38,37,91,65,20,73,59,31236.1796875
2022-05-10 05:00:00,65,4,50,51,30,35,58,59,60,90,55,31914.58984375
2022-05-10 06:00:00,30,12,61,70,33,23,75,71,70,70,50,32596.30859375
2022-05-10 07:00:00,0,11,76,43,28,8,49,81,83,72,47,32208.775390625
2022-05-10 08:00:00,0,4,68,42,27,21,79,62,64,72,53,31929.216796875
2022-05-10 09:00:00,26,14,40,48,25,16,100,49,46,65,49,31886.744140625
2022-05-10 10:00:00,0,0,63,53,26,23,52,56,30,69,55,31531.689453125
2022-05-10 11:00:00,0,15,57,44,27,28,55,59,59,74,54,31755.986328125
2022-05-10 12:00:00,0,8,48,59,26,22,53,45,66,62,62,32186.146484375
2022-05-10 13:00:00,37,2,57,69,24,20,68,79,64,82,65,32242.150390625
2022-05-10 14:00:00,0,5,69,59,25,16,67,54,70,73,82,32050.646484375
2022-05-10 15:00:00,54,12,57,86,26,30,79,78,75,77,83,31453.908203125
2022-05-10 16:00:00,18,5,63,82,26,36,35,77,78,72,82,31390.7265625
2022-05-10 17:00:00,0,7,56,81,26,28,42,68,60,68,75,31760.080078125
2022-05-10 18:00:00,39,0,56,89,24,18,42,63,77,70,76,31747.68359375
2022-05-10 19:00:00,40,11,65,76,27,22,36,71,54,68,85,31651.44140625
2022-05-10 20:00:00,44,12,43,100,27,40,58,66,64,72,90,31392.576171875
2022-05-10 21:00:00,0,20,73,90,35,32,49,81,78,78,85,31113.79296875
2022-05-10 22:00:00,0,15,53,94,33,13,49,86,54,79,83,30848.734375
2022-05-10 23:00:00,0,4,34,86,26,48,41,64,54,74,76,31177.826171875
2022-05-11 00:00:00,0,8,67,93,25,9,40,77,68,81,70,31304.05078125
2022-05-11 01:00:00,63,0,41,76,23,24,48,55,25,77,67,31094.96484375
2022-05-11 02:00:00,0,0,37,80,26,26,48,57,63,87,65,31438.876953125
2022-05-11 03:00:00,35,5,72,83,26,26,45,67,16,86,63,31579.220703125
2022-05-11 04:00:00,35,5,53,63,31,16,54,76,48,96,45,31348.888671875
2022-05-11 05:00:00,0,4,45,66,32,10,39,65,38,80,45,31732.447265625
2022-05-11 06:00:00,30,8,65,61,35,18,68,84,31,76,49,31471.517578125
2022-05-11 07:00:00,28,4,88,57,45,34,87,70,46,69,41,30705.921875
2022-05-11 08:00:00,0,4,81,47,38,25,52,85,79,81,44,31167.39453125
2022-05-11 09:00:00,27,10,61,42,41,32,88,64,46,67,43,31657.888671875
2022-05-11 10:00:00,0,10,49,56,37,12,60,53,38,62,52,32013.40234375
2022-05-11 11:00:00,0,0,67,56,43,18,66,60,48,71,55,31868.296875
2022-05-11 12:00:00,21,8,56,56,48,16,73,64,63,73,56,31692.171875
2022-05-11 13:00:00,20,45,52,68,68,33,74,64,66,71,74,31311.060546875
2022-05-11 14:00:00,60,18,58,65,47,17,65,65,59,77,79,31724.62109375
2022-05-11 15:00:00,0,11,57,79,49,28,65,67,85,69,72,31708.662109375
2022-05-11 16:00:00,41,14,68,77,48,10,42,52,52,78,74,31068.64453125
2022-05-11 17:00:00,22,17,48,83,55,15,49,63,60,71,86,30336.630859375
2022-05-11 18:00:00,0,30,58,79,52,11,69,50,93,69,82,30154.96875
2022-05-11 19:00:00,0,34,58,84,70,20,42,54,86,54,96,29956.939453125
2022-05-11 20:00:00,0,51,59,72,73,13,55,57,77,70,100,29480.75390625
2022-05-11 21:00:00,29,42,43,83,83,10,43,59,50,74,100,29068.12109375
2022-05-11 22:00:00,67,27,62,73,70,17,23,64,50,68,94,29141.181640625
2022-05-11 23:00:00,34,27,61,98,61,12,43,63,55,87,82,28963.2421875
2022-05-12 00:00:00,33,13,33,67,49,17,45,88,54,81,67,30032.439453125
2022-05-12 01:00:00,33,13,53,90,49,22,59,59,41,85,65,29927.671875
2022-05-12 02:00:00,34,27,74,89,57,17,65,66,46,73,69,29314.30078125
2022-05-12 03:00:00,0,14,37,87,66,29,63,73,76,95,63,28881.958984375
2022-05-12 04:00:00,0,64,72,80,85,0,59,72,44,78,60,28433.470703125
2022-05-12 05:00:00,0,61,68,56,100,33,97,57,76,84,54,27693.544921875
2022-05-12 06:00:00,30,100,65,57,90,20,58,100,84,71,52,27470.744140625
2022-05-12 07:00:00,29,53,82,59,87,5,58,96,69,65,46,28216.359375
2022-05-12 08:00:00,0,36,100,54,62,14,78,83,82,84,52,27984.880859375
2022-05-12 09:00:00,0,21,86,41,75,18,64,69,96,73,54,28130.42578125
2022-05-12 10:00:00,0,40,67,48,72,13,63,71,70,66,54,28517.423828125
2022-05-12 11:00:00,0,24,57,52,68,23,46,82,76,59,56,28955.552734375
2022-05-12 12:00:00,21,28,61,52,70,7,53,64,59,70,67,28488.34375
2022-05-12 13:00:00,20,24,79,65,68,24,66,52,62,75,90,28595.55078125
2022-05-12 14:00:00,60,32,50,80,68,30,79,69,90,79,89,29400.7421875
2022-05-12 15:00:00,21,16,53,63,65,28,61,71,67,62,88,29649.58203125
2022-05-12 16:00:00,64,42,77,75,63,25,67,75,58,76,85,29761.673828125
2022-05-12 17:00:00,22,23,87,77,61,11,53,81,89,73,82,29680.96875
2022-05-12 18:00:00,23,48,78,73,57,12,59,64,92,66,85,28707.81640625
2022-05-12 19:00:00,24,50,55,78,64,8,53,60,54,59,92,28710.650390625
2022-05-12 20:00:00,74,29,61,71,66,25,64,73,90,61,94,28800.52734375
2022-05-12 21:00:00,29,27,54,77,68,24,46,71,87,67,85,28613.802734375
2022-05-12 22:00:00,33,26,37,82,71,33,30,86,87,81,85,28645.552734375
2022-05-12 23:00:00,0,27,61,83,63,12,66,65,51,55,84,29181.05859375
2022-05-13 00:00:00,33,18,38,91,65,0,56,77,76,93,70,29428.41015625
2022-05-13 01:00:00,33,17,58,82,69,17,74,72,68,82,67,29602.939453125
2022-05-13 02:00:00,34,36,53,86,67,11,61,81,66,83,67,30023.140625
2022-05-13 03:00:00,0,41,57,82,71,6,39,53,64,96,72,30628.19140625
2022-05-13 04:00:00,0,28,65,59,70,6,75,77,85,69,53,30595.001953125
2022-05-13 05:00:00,0,22,57,60,70,17,60,75,57,77,52,30921.2734375
2022-05-13 06:00:00,0,24,87,60,65,10,52,73,77,76,40,30598.265625
2022-05-13 07:00:00,29,23,71,47,60,29,90,79,66,84,39,30396.634765625
2022-05-13 08:00:00,57,15,80,48,55,47,76,62,78,66,46,30371.984375
2022-05-13 09:00:00,0,11,82,49,56,14,55,66,59,55,52,30665.77734375
2022-05-13 10:00:00,52,7,74,45,58,13,58,65,80,63,65,30473.81640625
2022-05-13 11:00:00,0,16,41,53,50,16,54,76,91,63,69,30626.30078125
2022-05-13 12:00:00,22,23,69,61,54,15,50,77,71,64,72,30744.67578125
2022-05-13 13:00:00,21,19,80,71,48,7,51,66,59,54,79,30746.068359375
2022-05-13 14:00:00,0,16,68,73,48,10,39,65,56,83,91,30924.802734375
2022-05-13 15:00:00,42,17,50,71,49,25,45,59,67,55,85,30756.1015625
2022-05-13 16:00:00,0,6,65,58,50,11,69,72,70,76,85,30464.466796875
2022-05-13 17:00:00,69,6,60,63,49,12,29,67,92,62,82,30175.650390625
2022-05-13 18:00:00,48,13,55,74,49,28,30,50,83,59,84,30085.6328125
2022-05-13 19:00:00,26,17,46,62,47,9,55,54,65,56,91,30100.427734375
2022-05-13 20:00:00,29,19,65,56,55,29,58,44,72,49,95,30055.470703125
2022-05-13 21:00:00,0,25,50,71,50,43,40,78,92,62,83,30031.259765625
2022-05-13 22:00:00,0,23,48,70,52,12,52,67,73,53,87,30085.546875
2022-05-13 23:00:00,0,10,47,73,50,25,50,72,63,62,87,29825.5625
2022-05-14 00:00:00,37,19,58,54,45,25,29,54,51,55,68,29516.82421875
2022-05-14 01:00:00,37,29,44,56,43,18,62,69,75,67,78,29732.322265625
2022-05-14 02:00:00,0,5,36,60,45,18,45,56,59,74,57,29689.88671875
2022-05-14 03:00:00,37,5,48,42,46,19,51,68,77,64,59,29603.3671875
2022-05-14 04:00:00,0,5,52,65,46,13,22,97,67,80,48,29551.185546875
2022-05-14 05:00:00,0,5,45,46,46,13,51,48,69,70,51,29467.087890625
2022-05-14 06:00:00,35,14,60,47,49,24,59,51,64,59,46,29547.5234375
2022-05-14 07:00:00,0,13,49,46,46,33,34,67,38,65,45,29522.8203125
2022-05-14 08:00:00,0,26,49,35,46,17,49,73,84,64,44,29525.873046875
2022-05-14 09:00:00,0,13,47,38,49,16,54,58,66,66,40,29538.154296875
2022-05-14 10:00:00,0,8,68,35,51,10,47,40,62,61,40,29448.9609375
2022-05-14 11:00:00,0,4,68,47,49,28,28,56,77,51,40,29316.130859375
2022-05-14 12:00:00,0,10,49,41,48,13,66,53,85,48,44,29160.294921875
2022-05-14 13:00:00,25,13,51,45,43,21,50,57,76,63,42,29093.451171875
2022-05-14 14:00:00,24,16,59,50,48,8,51,71,57,54,49,28903.38671875
2022-05-14 15:00:00,45,9,51,40,42,19,23,53,83,50,45,29006.921875
2022-05-14 16:00:00,0,19,52,56,42,8,32,45,54,51,51,29473.998046875
2022-05-14 17:00:00,0,0,49,51,39,20,41,66,66,44,58,29507.26171875
2022-05-14 18:00:00,25,13,36,56,38,30,40,51,75,47,53,29820.47265625
2022-05-14 19:00:00,27,11,40,58,42,13,39,62,61,54,60,29554.73828125
2022-05-14 20:00:00,29,0,45,51,43,24,46,60,73,53,63,29539.37890625
2022-05-14 21:00:00,31,4,45,65,43,11,25,52,79,53,57,29748.921875
2022-05-14 22:00:00,35,9,43,63,45,0,28,63,81,50,55,30155.384765625
2022-05-14 23:00:00,37,19,34,50,39,6,29,65,80,53,61,30192.802734375
2022-05-15 00:00:00,0,20,34,59,41,19,29,73,64,45,60,30168.94140625
2022-05-15 01:00:00,0,14,56,61,98,13,33,70,43,75,49,29947.712890625
2022-05-15 02:00:00,29,14,59,58,91,26,38,52,64,54,42,30002.42578125
2022-05-15 03:00:00,90,0,41,70,98,41,30,70,66,79,42,29839.376953125
2022-05-15 04:00:00,0,30,41,60,88,97,44,67,53,95,42,29755.912109375
2022-05-15 05:00:00,0,100,57,48,86,53,34,57,51,49,38,29793.615234375
2022-05-15 06:00:00,56,13,51,47,90,63,40,59,41,65,33,29863.056640625
2022-05-15 07:00:00,0,38,63,45,89,35,26,55,51,61,28,29949.43359375
2022-05-15 08:00:00,0,12,49,41,85,23,51,66,47,46,28,29835.734375
2022-05-15 09:00:00,0,36,41,48,85,45,28,54,55,62,28,29740.037109375
2022-05-15 10:00:00,23,11,42,38,88,21,23,58,45,60,27,29826.611328125
2022-05-15 11:00:00,0,31,42,39,82,19,34,68,42,56,28,30231.62109375
2022-05-15 12:00:00,0,39,31,48,74,36,20,49,55,53,31,30446.322265625
2022-05-15 13:00:00,0,53,53,45,77,33,61,52,59,49,32,30333.990234375
2022-05-15 14:00:00,0,26,60,62,78,72,46,59,63,51,36,30159.73046875
2022-05-15 15:00:00,35,17,45,54,78,47,32,56,43,61,36,30095.12890625
2022-05-15 16:00:00,0,52,38,54,89,57,36,79,84,53,39,30212.501953125
2022-05-15 17:00:00,18,9,40,51,76,73,39,63,53,53,39,30234.802734375
2022-05-15 18:00:00,18,27,54,58,80,58,34,67,55,56,42,30309.662109375
2022-05-15 19:00:00,19,47,37,52,84,35,36,50,62,46,41,30387.134765625
2022-05-15 20:00:00,0,31,67,54,90,29,25,70,45,46,44,30996.484375
2022-05-15 21:00:00,24,12,52,60,100,55,32,56,60,63,45,31049.2578125
2022-05-15 22:00:00,26,0,51,68,87,36,56,49,61,72,50,31266.232421875
2022-05-15 23:00:00,27,13,32,58,78,99,35,58,34,68,51,31308.19140625
2022-05-16 00:00:00,0,0,40,54,72,74,47,86,50,58,45,31305.341796875
2022-05-16 01:00:00,0,63,48,60,71,59,37,63,38,62,48,31097.66015625
2022-05-16 02:00:00,0,13,61,76,67,12,45,98,68,72,41,30757.466796875
2022-05-16 03:00:00,27,13,57,60,66,36,69,60,33,86,38,30482.537109375
2022-05-16 04:00:00,0,0,49,75,76,12,53,69,39,83,35,30388.248046875
2022-05-16 05:00:00,25,24,100,52,70,34,43,70,53,63,30,30431.166015625
2022-05-16 06:00:00,46,23,59,49,70,53,63,51,52,74,28,30297.455078125
2022-05-16 07:00:00,22,32,64,46,67,30,72,71,57,55,38,29629.919921875
2022-05-16 08:00:00,62,40,42,47,73,56,60,76,36,69,35,29809.24609375
2022-05-16 09:00:00,20,0,54,48,68,36,57,55,42,60,41,29784.111328125
2022-05-16 10:00:00,20,28,57,54,75,35,84,52,46,54,35,30113.357421875
2022-05-16 11:00:00,18,26,48,42,67,40,58,45,63,63,38,30123.58203125
2022-05-16 12:00:00,0,16,54,46,72,36,58,65,53,63,41,30115.6796875
2022-05-16 13:00:00,0,7,56,76,65,41,74,53,56,64,54,30022.361328125
2022-05-16 14:00:00,15,14,64,59,68,53,36,48,47,70,59,29776.8984375
2022-05-16 15:00:00,30,22,61,65,74,41,56,79,60,56,59,29673.4921875
2022-05-16 16:00:00,30,7,53,67,74,55,72,62,43,65,55,29671.73046875
2022-05-16 17:00:00,16,15,61,64,73,65,36,59,47,60,58,29720.53125
2022-05-16 18:00:00,50,33,73,81,81,38,39,57,35,59,59,29922.326171875
2022-05-16 19:00:00,52,17,59,74,79,8,47,52,60,57,63,29914.603515625
2022-05-16 20:00:00,0,28,63,75,81,35,41,76,54,65,66,29850.4296875
2022-05-16 21:00:00,22,22,65,82,91,30,52,71,41,57,66,30128.53515625
2022-05-16 22:00:00,100,36,34,79,73,34,54,71,59,77,63,30164.79296875
2022-05-16 23:00:00,0,0,51,72,71,24,46,54,62,79,52,30046.51953125
2022-05-17 00:00:00,0,38,33,70,75,36,45,70,29,90,54,30148.677734375
2022-05-17 01:00:00,0,0,54,64,71,35,88,69,41,83,50,30137.91015625
2022-05-17 02:00:00,0,25,41,71,74,59,34,85,48,89,52,30065.94921875
2022-05-17 03:00:00,0,78,75,78,66,12,54,72,30,96,48,30412.259765625
2022-05-17 04:00:00,0,26,54,65,80,36,58,87,43,86,39,30373.5234375
2022-05-17 05:00:00,0,37,78,57,69,23,76,76,34,78,34,30429.65234375
2022-05-17 06:00:00,0,0,73,54,72,41,69,78,39,71,40,30480.671875
2022-05-17 07:00:00,0,21,80,49,73,67,61,50,26,79,30,30494.046875
2022-05-17 08:00:00,20,29,86,49,69,27,51,59,34,75,33,30665.08984375
2022-05-17 09:00:00,0,9,61,45,72,16,57,84,49,71,35,30678.67578125
2022-05-17 10:00:00,0,0,75,46,74,23,54,44,59,73,38,30616.990234375
2022-05-17 11:00:00,0,8,60,65,61,63,71,64,46,82,40,30491.009765625
2022-05-17 12:00:00,0,21,61,55,66,13,55,61,44,66,43,30578.4765625
2022-05-17 13:00:00,27,13,64,68,67,61,62,68,56,83,56,30694.490234375
2022-05-17 14:00:00,14,20,58,73,64,55,68,63,63,73,55,30553.84765625
2022-05-17 15:00:00,0,7,72,75,66,45,45,69,63,74,55,30175.783203125
2022-05-17 16:00:00,14,0,67,71,70,20,37,60,41,82,57,30157.412109375
2022-05-17 17:00:00,0,22,70,72,65,14,58,69,48,72,54,30214.990234375
2022-05-17 18:00:00,31,0,49,73,64,21,50,77,56,62,56,30150.8828125
2022-05-17 19:00:00,18,44,54,83,66,33,39,69,58,64,60,30259.1484375
2022-05-17 20:00:00,40,10,71,59,74,18,51,61,42,60,64,30181.630859375
2022-05-17 21:00:00,0,45,51,94,83,52,46,82,71,78,59,30531.94140625
2022-05-17 22:00:00,26,12,64,80,70,0,59,64,54,60,60,30541.662109375
2022-05-17 23:00:00,54,26,54,70,78,12,46,70,66,61,59,30519.078125
2022-05-18 00:00:00,0,0,35,75,64,59,48,46,29,86,53,30618.716796875
2022-05-18 01:00:00,0,36,38,88,61,33,25,74,39,79,48,30504.830078125
2022-05-18 02:00:00,0,11,62,66,62,42,73,65,40,88,50,30203.056640625
2022-05-18 03:00:00,0,23,69,51,65,86,44,73,64,100,46,30202.626953125
2022-05-18 04:00:00,0,13,60,68,65,0,70,61,32,86,38,29874.8359375
2022-05-18 05:00:00,25,25,74,73,68,23,51,60,44,80,36,30013.1953125
2022-05-18 06:00:00,0,0,73,37,62,41,62,72,65,66,34,30054.61328125
2022-05-18 07:00:00,0,21,72,73,61,39,100,83,54,73,32,29860.083984375
2022-05-18 08:00:00,0,10,86,47,55,57,79,58,78,68,37,29908.021484375
2022-05-18 09:00:00,0,0,61,51,65,45,51,58,49,52,32,29948.99609375
2022-05-18 10:00:00,0,17,52,62,62,0,72,67,35,52,37,30016.177734375
2022-05-18 11:00:00,16,8,57,59,61,36,54,54,49,69,36,29946.015625
2022-05-18 12:00:00,15,14,73,78,66,40,54,73,59,86,43,29871.76171875
2022-05-18 13:00:00,14,7,79,73,63,44,56,70,56,76,52,29602.462890625
2022-05-18 14:00:00,0,34,57,64,60,38,59,74,37,83,59,29463.25
2022-05-18 15:00:00,14,28,69,83,65,32,62,68,50,72,64,29213.04296875
2022-05-18 16:00:00,15,15,75,69,71,41,41,54,46,80,66,29159.673828125
2022-05-18 17:00:00,0,0,61,85,66,35,36,72,65,69,68,29176.07421875
2022-05-18 18:00:00,17,16,53,75,69,60,44,50,63,60,72,29178.796875
2022-05-18 19:00:00,38,0,61,85,68,75,54,58,63,57,75,29421.08203125
2022-05-18 20:00:00,0,20,56,91,72,37,57,65,50,66,79,29306.939453125
2022-05-18 21:00:00,0,22,42,73,74,20,68,58,68,67,78,29285.625
2022-05-18 22:00:00,24,46,60,81,74,21,58,48,69,68,81,29333.349609375
2022-05-18 23:00:00,0,0,69,81,66,37,19,49,33,84,75,29077.796875
2022-05-19 00:00:00,0,27,51,87,63,0,37,91,26,75,74,28981.759765625
2022-05-19 01:00:00,0,0,59,85,58,47,58,66,41,96,65,29003.515625
2022-05-19 02:00:00,28,0,38,84,66,86,49,72,49,90,57,29157.658203125
2022-05-19 03:00:00,0,41,59,84,59,37,57,54,40,84,56,29248.712890625
2022-05-19 04:00:00,28,0,44,69,63,37,45,73,53,67,51,29263.44921875
2022-05-19 05:00:00,0,39,60,56,58,36,70,81,42,81,52,29153.109375
2022-05-19 06:00:00,0,24,56,64,67,76,76,55,61,67,45,29337.705078125
2022-05-19 07:00:00,0,33,67,49,61,50,95,63,43,68,39,29323.255859375
2022-05-19 08:00:00,0,0,65,46,62,51,86,61,60,70,40,29195.5703125
2022-05-19 09:00:00,42,21,78,47,62,28,69,44,38,65,40,29018.978515625
2022-05-19 10:00:00,0,0,52,53,55,28,67,56,42,67,45,29207.103515625
2022-05-19 11:00:00,19,0,54,60,56,34,54,52,27,68,48,29471.75
2022-05-19 12:00:00,0,8,48,60,58,31,45,54,48,65,54,29538.5859375
2022-05-19 13:00:00,0,0,51,67,54,22,42,59,35,73,65,29702.78125
2022-05-19 14:00:00,0,15,59,83,59,28,63,60,46,70,64,29845.0
2022-05-19 15:00:00,0,8,66,83,54,48,65,75,78,67,67,30430.751953125
2022-05-19 16:00:00,0,22,43,68,61,47,41,61,74,66,62,30381.130859375
2022-05-19 17:00:00,46,15,52,71,57,41,56,70,97,66,63,30192.669921875
2022-05-19 18:00:00,0,23,72,78,57,21,54,57,90,62,61,30282.802734375
2022-05-19 19:00:00,17,8,71,72,60,30,41,61,100,63,69,30239.37890625
2022-05-19 20:00:00,36,18,49,74,64,57,49,59,98,55,71,30175.171875
2022-05-19 21:00:00,0,0,43,79,71,28,14,64,91,72,64,30369.44140625
2022-05-19 22:00:00,24,23,59,87,64,31,41,67,87,65,62,30252.40625
2022-05-19 23:00:00,25,0,34,100,49,11,33,59,59,71,63,30366.15234375
2022-05-20 00:00:00,0,0,49,73,55,54,52,73,78,81,56,30317.765625
2022-05-20 01:00:00,23,11,35,82,53,31,51,61,42,87,59,30664.9765625
2022-05-20 02:00:00,0,34,41,83,52,31,61,78,45,74,56,30463.58203125
2022-05-20 03:00:00,0,24,45,77,54,44,50,89,65,85,50,30313.91015625
2022-05-20 04:00:00,0,12,39,78,58,33,44,71,41,74,45,30210.232421875
2022-05-20 05:00:00,0,11,73,64,51,21,76,65,84,76,38,30165.162109375
2022-05-20 06:00:00,0,10,76,55,57,10,76,67,67,78,39,30160.09375
2022-05-20 07:00:00,0,10,62,54,55,9,57,84,78,67,39,30291.31640625
2022-05-20 08:00:00,0,0,82,51,52,9,58,100,92,64,38,30310.89453125
2022-05-20 09:00:00,0,0,52,53,52,43,50,80,69,57,38,30319.828125
2022-05-20 10:00:00,0,0,60,44,55,16,67,73,64,55,40,30340.43359375
2022-05-20 11:00:00,34,8,44,39,51,23,60,53,61,62,40,30463.294921875
2022-05-20 12:00:00,0,8,66,67,55,42,55,65,75,71,46,30438.09765625
2022-05-20 13:00:00,15,7,69,57,49,39,50,67,83,64,58,30365.927734375
2022-05-20 14:00:00,0,0,75,71,52,26,41,59,61,72,74,30335.607421875
2022-05-20 15:00:00,15,0,62,73,45,52,42,61,75,73,82,29535.7265625
2022-05-20 16:00:00,15,7,51,69,56,7,38,57,64,61,89,29161.037109375
2022-05-20 17:00:00,0,0,43,63,57,35,50,53,69,52,100,28962.3515625
2022-05-20 18:00:00,0,8,71,68,62,38,44,51,63,63,95,29030.12890625
2022-05-20 19:00:00,36,17,48,63,60,48,32,79,82,58,96,29304.97265625
2022-05-20 20:00:00,40,29,48,66,55,18,35,49,64,52,89,29308.294921875
2022-05-20 21:00:00,44,11,53,55,55,69,30,78,85,68,84,29274.62890625
2022-05-20 22:00:00,49,0,32,66,52,22,63,74,79,62,78,29281.671875
2022-05-20 23:00:00,27,26,32,73,60,83,47,88,67,56,76,29353.5078125
2022-05-21 00:00:00,0,13,39,60,56,35,36,73,47,64,71,29302.439453125
2022-05-21 01:00:00,0,0,48,57,50,46,42,60,46,78,63,29278.212890625
2022-05-21 02:00:00,26,25,50,74,54,58,21,58,78,79,63,29233.19921875
2022-05-21 03:00:00,0,13,32,58,50,12,32,65,50,66,60,29242.314453125
2022-05-21 04:00:00,0,13,57,56,55,24,51,52,65,61,54,29250.71484375
2022-05-21 05:00:00,26,12,40,46,47,23,42,48,52,73,48,29276.962890625
2022-05-21 06:00:00,0,12,50,45,47,43,56,57,41,67,42,29335.734375
2022-05-21 07:00:00,0,0,45,42,48,33,57,61,50,69,38,29494.32421875
2022-05-21 08:00:00,23,0,69,44,51,52,35,58,73,69,35,29432.494140625
2022-05-21 09:00:00,22,0,37,39,50,59,27,51,84,67,38,29364.908203125
2022-05-21 10:00:00,0,10,45,40,53,56,29,72,83,63,32,29392.150390625
2022-05-21 11:00:00,0,19,42,37,49,26,42,62,73,58,41,29291.353515625
2022-05-21 12:00:00,0,9,37,44,49,41,27,68,75,48,40,29324.69921875
2022-05-21 13:00:00,0,0,41,46,45,38,30,55,72,67,42,29351.357421875
2022-05-21 14:00:00,33,0,46,37,51,59,43,75,60,54,42,29423.4921875
2022-05-21 15:00:00,0,16,50,48,43,37,48,50,92,53,44,29523.71875
2022-05-21 16:00:00,17,17,45,45,46,69,44,55,52,63,45,29588.869140625
2022-05-21 17:00:00,0,9,40,48,45,40,35,48,74,47,42,29558.3515625
2022-05-21 18:00:00,0,0,32,49,48,36,25,57,63,38,53,29464.3359375
2022-05-21 19:00:00,22,0,37,50,55,29,33,39,87,38,53,29527.4375
2022-05-21 20:00:00,47,0,32,51,49,21,41,87,79,57,56,29492.171875
2022-05-21 21:00:00,0,12,41,46,49,56,41,87,90,51,60,29428.82421875
2022-05-21 22:00:00,56,41,39,58,49,100,34,67,91,63,57,29397.310546875
2022-05-21 23:00:00,0,28,42,58,56,51,39,47,52,53,61,29483.01953125
2022-05-22 00:00:00,0,29,36,51,44,53,24,70,97,58,55,29472.623046875
2022-05-22 01:00:00,0,78,22,61,62,46,21,62,47,54,64,29508.5078125
2022-05-22 02:00:00,100,40,35,74,71,64,31,74,56,60,72,29490.314453125
2022-05-22 03:00:00,0,0,42,61,59,16,27,48,45,68,53,29453.6796875
2022-05-22 04:00:00,0,84,40,69,76,17,51,64,47,74,51,29367.556640625
2022-05-22 05:00:00,0,0,59,62,72,65,50,93,95,62,49,29391.84765625
2022-05-22 06:00:00,0,38,65,46,71,75,63,53,63,83,47,29406.953125
2022-05-22 07:00:00,44,36,65,68,79,57,40,57,60,64,49,29416.404296875
2022-05-22 08:00:00,0,35,60,49,71,55,50,66,51,61,42,29532.244140625
2022-05-22 09:00:00,41,0,45,65,68,40,44,61,59,57,37,30041.40234375
2022-05-22 10:00:00,40,0,46,49,78,38,32,57,86,56,41,30230.126953125
2022-05-22 11:00:00,0,30,43,42,68,48,40,55,75,62,44,30209.59765625
2022-05-22 12:00:00,35,0,51,54,83,33,31,67,47,65,47,30149.5625
2022-05-22 13:00:00,0,0,37,46,70,10,40,64,53,64,45,30147.923828125
2022-05-22 14:00:00,30,24,69,45,69,19,45,53,65,57,49,30103.349609375
2022-05-22 15:00:00,29,24,40,56,63,28,44,60,63,61,53,29955.658203125
2022-05-22 16:00:00,0,46,37,53,65,55,31,76,49,54,55,29910.908203125
2022-05-22 17:00:00,29,24,38,46,73,28,47,76,63,65,61,30090.494140625
2022-05-22 18:00:00,32,0,47,57,72,31,52,56,70,60,62,30012.853515625
2022-05-22 19:00:00,0,27,47,63,79,54,57,67,40,52,70,30041.62890625
2022-05-22 20:00:00,0,58,45,76,78,58,45,83,70,54,59,30029.111328125
2022-05-22 21:00:00,83,0,32,82,84,27,59,75,72,65,67,30026.234375
2022-05-22 22:00:00,0,0,59,81,80,29,41,63,58,71,68,30334.947265625
2022-05-22 23:00:00,0,0,56,82,72,62,30,70,47,64,79,30425.861328125
2022-05-23 00:00:00,0,0,43,93,76,15,25,69,49,63,67,30366.486328125
2022-05-23 01:00:00,0,71,54,76,69,42,39,52,26,81,61,30279.126953125
2022-05-23 02:00:00,0,36,51,100,65,71,28,100,67,95,65,30186.787109375
2022-05-23 03:00:00,0,0,81,74,75,0,41,61,44,80,60,30165.431640625
2022-05-23 04:00:00,0,73,66,56,69,73,57,77,54,88,52,30217.583984375
2022-05-23 05:00:00,0,0,69,64,80,14,46,46,26,77,45,30259.83203125
2022-05-23 06:00:00,0,31,62,50,75,86,62,67,46,78,47,30536.984375
2022-05-23 07:00:00,0,58,75,60,73,57,61,75,35,68,44,30590.5859375
2022-05-23 08:00:00,0,0,68,41,76,23,82,76,29,69,45,30502.482421875
2022-05-23 09:00:00,0,0,74,45,78,55,61,53,61,67,49,30457.3125
2022-05-23 10:00:00,0,0,96,47,77,21,67,45,49,66,50,30495.47265625
2022-05-23 11:00:00,30,24,62,45,77,57,63,65,62,62,49,30547.5
2022-05-23 12:00:00,0,0,61,62,71,26,47,69,47,69,58,30546.95703125
2022-05-23 13:00:00,26,0,52,78,76,17,79,48,62,71,79,30489.033203125
2022-05-23 14:00:00,0,21,63,66,74,66,69,81,65,66,83,30356.76171875
2022-05-23 15:00:00,26,0,72,68,79,34,54,69,73,78,84,30424.55078125
2022-05-23 16:00:00,54,0,71,70,83,44,63,61,71,65,78,30476.48046875
2022-05-23 17:00:00,0,23,50,77,81,9,63,59,62,76,79,30259.056640625
2022-05-23 18:00:00,29,0,61,81,86,9,26,62,59,65,82,30136.681640625
2022-05-23 19:00:00,0,0,55,54,84,99,58,73,49,58,85,29896.271484375
2022-05-23 20:00:00,0,28,58,68,77,55,80,79,67,59,91,29401.455078125
2022-05-23 21:00:00,0,32,70,85,85,38,28,75,62,76,86,29430.6171875
2022-05-23 22:00:00,0,0,55,83,80,43,40,80,64,76,90,29356.873046875
2022-05-23 23:00:00,0,0,62,97,80,60,38,60,63,90,83,29186.87109375
2022-05-24 00:00:00,0,37,63,92,76,73,20,63,58,88,83,29227.765625
2022-05-24 01:00:00,0,35,71,88,73,0,54,58,55,82,76,29214.884765625
2022-05-24 02:00:00,0,0,59,73,79,14,48,80,40,97,71,29263.841796875
2022-05-24 03:00:00,0,37,78,84,69,30,37,76,59,95,61,29291.93359375
2022-05-24 04:00:00,0,0,76,65,80,43,40,78,47,73,59,29393.08203125
2022-05-24 05:00:00,0,35,83,67,81,55,62,79,58,78,52,29397.1484375
2022-05-24 06:00:00,39,31,63,53,68,37,77,72,41,87,51,29382.900390625
2022-05-24 07:00:00,0,30,94,53,66,47,89,85,55,70,46,29407.12109375
2022-05-24 08:00:00,0,0,88,59,71,11,86,79,51,56,47,29386.4921875
2022-05-24 09:00:00,69,0,64,52,78,55,83,76,36,84,44,29308.34375
2022-05-24 10:00:00,33,0,67,60,74,0,60,63,47,69,54,29333.8984375
2022-05-24 11:00:00,30,24,65,51,69,48,59,67,66,62,54,29390.591796875
2022-05-24 12:00:00,27,21,80,54,67,26,88,54,46,71,57,29302.353515625
2022-05-24 13:00:00,0,21,50,71,77,58,58,60,51,70,71,29282.310546875
2022-05-24 14:00:00,0,41,71,70,73,49,80,60,61,77,90,29040.794921875
2022-05-24 15:00:00,0,0,55,77,72,51,33,71,53,58,86,29472.86328125
2022-05-24 16:00:00,0,44,69,68,69,78,78,56,67,80,79,29527.146484375
2022-05-24 17:00:00,0,46,70,85,73,18,58,67,55,71,78,29353.2421875
2022-05-24 18:00:00,0,47,81,69,73,46,52,52,69,78,89,29437.376953125
2022-05-24 19:00:00,31,100,45,86,80,30,47,65,74,64,95,29415.46875
2022-05-24 20:00:00,0,28,53,80,84,22,56,65,65,65,97,29455.833984375
2022-05-24 21:00:00,0,63,51,94,76,25,66,93,44,68,100,29595.904296875
2022-05-24 22:00:00,44,0,78,79,80,42,62,60,62,73,96,29606.88671875
2022-05-24 23:00:00,0,0,56,92,58,15,37,77,62,65,87,29774.35546875
2022-05-25 00:00:00,0,0,67,83,63,84,58,78,59,77,77,29673.677734375
2022-05-25 01:00:00,0,34,52,87,65,41,60,63,47,78,62,29724.28125
2022-05-25 02:00:00,0,35,66,91,69,83,61,90,58,100,62,30116.568359375
2022-05-25 03:00:00,0,74,60,91,75,0,45,84,55,91,72,30155.912109375
2022-05-25 04:00:00,0,37,56,76,60,44,69,42,37,81,53,30157.78515625
2022-05-25 05:00:00,0,35,79,68,73,14,72,63,51,70,45,30123.630859375
2022-05-25 06:00:00,39,32,93,54,66,100,70,82,35,87,46,29893.107421875
2022-05-25 07:00:00,0,60,77,63,64,12,59,70,36,79,51,29823.814453125
2022-05-25 08:00:00,37,0,90,55,59,47,72,84,68,66,46,29872.96484375
2022-05-25 09:00:00,0,0,88,63,75,11,74,53,49,70,52,29833.669921875
2022-05-25 10:00:00,0,0,75,51,75,32,48,60,48,63,54,29821.994140625
2022-05-25 11:00:00,0,0,74,61,68,29,51,46,49,69,61,29738.361328125
2022-05-25 12:00:00,54,66,69,62,63,35,53,57,69,68,58,29566.544921875
2022-05-25 13:00:00,25,0,97,66,66,45,52,85,66,62,73,29767.33203125
2022-05-25 14:00:00,0,0,53,67,71,53,52,49,56,75,86,29837.466796875
2022-05-25 15:00:00,0,24,72,75,64,46,31,58,43,73,81,29779.765625
2022-05-25 16:00:00,0,0,65,68,61,37,50,72,45,79,78,29660.716796875
2022-05-25 17:00:00,0,0,63,82,69,47,54,56,76,67,73,29727.484375
2022-05-25 18:00:00,28,25,55,77,69,20,64,70,55,74,76,29972.638671875
2022-05-25 19:00:00,0,0,75,66,69,53,52,74,66,67,84,29913.54296875
2022-05-25 20:00:00,33,31,79,96,81,48,59,76,56,68,99,29759.271484375
2022-05-25 21:00:00,0,0,92,95,83,79,65,64,52,77,82,29810.876953125
2022-05-25 22:00:00,0,38,95,79,68,59,31,79,36,55,81,29823.55859375
2022-05-25 23:00:00,0,0,57,79,70,30,63,70,57,76,74,29777.078125
2022-05-26 00:00:00,0,0,55,75,70,15,38,76,46,81,73,29822.630859375
2022-05-26 01:00:00,0,0,54,99,72,43,49,54,64,79,64,29780.572265625
2022-05-26 02:00:00,0,39,72,75,65,30,51,88,64,93,66,29832.154296875
2022-05-26 03:00:00,0,40,68,84,75,62,56,67,59,81,60,29817.185546875
2022-05-26 04:00:00,44,0,52,88,78,48,70,80,70,96,51,29834.16015625
2022-05-26 05:00:00,0,0,78,70,77,75,62,78,43,85,49,29809.9921875
2022-05-26 06:00:00,38,70,73,53,79,0,88,71,45,77,44,29713.33984375
2022-05-26 07:00:00,0,33,93,52,71,90,100,74,40,75,43,29708.310546875
2022-05-26 08:00:00,0,0,84,61,82,38,98,60,64,62,56,29708.03125
2022-05-26 09:00:00,34,0,100,50,77,24,44,75,43,66,44,29189.001953125
2022-05-26 10:00:00,64,0,66,48,65,34,56,66,30,67,48,29208.16796875
2022-05-26 11:00:00,0,27,84,57,76,10,75,88,74,64,51,29157.109375
2022-05-26 12:00:00,56,0,51,68,80,10,54,53,57,70,56,29096.27734375
2022-05-26 13:00:00,0,48,75,70,81,37,75,61,66,80,77,28960.1875
2022-05-26 14:00:00,0,0,69,72,69,18,57,75,53,71,77,29285.224609375
2022-05-26 15:00:00,0,24,70,91,80,9,56,58,43,76,84,29409.0859375
2022-05-26 16:00:00,0,25,82,79,82,19,50,63,51,74,76,29696.16015625
2022-05-26 17:00:00,28,0,76,80,84,40,44,66,60,61,81,29628.55078125
2022-05-26 18:00:00,29,0,63,77,83,52,51,76,69,65,81,29608.111328125
2022-05-26 19:00:00,0,28,52,78,81,54,51,63,67,67,84,29593.703125
2022-05-26 20:00:00,34,0,55,77,97,0,47,80,48,67,98,29499.63671875
2022-05-26 21:00:00,76,0,56,95,86,55,81,83,72,73,90,29611.58203125
2022-05-26 22:00:00,0,0,74,98,84,45,69,75,56,74,77,29634.833984375
2022-05-26 23:00:00,0,40,48,71,87,16,57,62,55,70,78,29524.20703125
2022-05-27 00:00:00,0,78,66,80,76,0,31,67,50,74,69,29346.943359375
2022-05-27 01:00:00,0,38,54,69,77,0,64,78,42,77,64,29096.59375
2022-05-27 02:00:00,42,0,69,70,98,45,59,65,33,95,68,29044.40625
2022-05-27 03:00:00,0,0,58,74,91,47,53,86,59,94,57,29114.013671875
2022-05-27 04:00:00,45,0,66,86,72,80,50,76,50,91,54,29088.34375
2022-05-27 05:00:00,43,0,76,59,94,15,67,66,68,81,48,29035.697265625
2022-05-27 06:00:00,0,0,76,48,85,0,56,81,57,70,45,28937.33984375
2022-05-27 07:00:00,72,0,72,47,80,65,70,84,57,75,47,29128.18359375
2022-05-27 08:00:00,0,32,85,54,79,50,71,74,47,70,51,29085.294921875
2022-05-27 09:00:00,0,0,76,35,81,24,54,62,43,69,48,29061.81640625
2022-05-27 10:00:00,0,0,67,42,76,12,39,77,38,65,48,29051.7890625
2022-05-27 11:00:00,0,0,75,48,72,21,61,49,59,63,52,29011.216796875
2022-05-27 12:00:00,0,0,82,51,75,30,49,57,48,67,59,29259.71484375
2022-05-27 13:00:00,0,0,77,54,70,86,44,68,48,56,66,29335.033203125
2022-05-27 14:00:00,26,24,75,61,66,65,38,62,55,72,79,29324.205078125
2022-05-27 15:00:00,26,0,52,60,67,37,43,57,31,68,82,28885.849609375
2022-05-27 16:00:00,0,50,64,68,69,48,47,63,55,60,77,28884.69140625
2022-05-27 17:00:00,28,26,43,58,68,40,49,53,70,64,78,28797.083984375
2022-05-27 18:00:00,0,55,49,51,80,43,28,68,47,69,84,28467.703125
2022-05-27 19:00:00,0,30,67,55,74,69,48,50,82,70,93,28888.267578125
2022-05-27 20:00:00,0,32,56,67,82,37,61,77,52,46,91,28944.2109375
2022-05-27 21:00:00,0,36,49,77,78,14,54,44,47,57,89,28815.041015625
2022-05-27 22:00:00,0,0,60,80,75,77,32,88,61,70,78,28868.720703125
2022-05-27 23:00:00,0,0,74,71,83,49,30,78,62,57,80,28824.96484375
2022-05-28 00:00:00,0,42,51,79,76,16,43,42,62,83,70,28795.87890625
2022-05-28 01:00:00,91,0,60,78,73,32,34,77,43,71,67,28803.42578125
2022-05-28 02:00:00,0,84,37,74,69,49,42,85,58,52,63,28709.185546875
2022-05-28 03:00:00,0,43,73,54,71,34,30,55,67,55,59,28814.900390625
2022-05-28 04:00:00,48,0,53,76,71,34,53,63,38,73,58,28851.13671875
2022-05-28 05:00:00,0,0,68,60,78,0,68,71,40,75,52,28906.26171875
2022-05-28 06:00:00,0,0,62,57,79,47,37,63,70,83,41,28891.697265625
2022-05-28 07:00:00,42,0,65,39,89,60,62,68,53,69,45,28873.189453125
2022-05-28 08:00:00,0,0,45,31,89,15,45,71,39,63,37,28888.322265625
2022-05-28 09:00:00,0,0,49,49,89,42,54,43,59,62,47,28857.384765625
2022-05-28 10:00:00,0,0,62,49,92,41,32,63,78,59,43,28835.6953125
2022-05-28 11:00:00,0,32,64,37,86,62,32,57,47,50,42,28890.927734375
2022-05-28 12:00:00,0,0,65,33,82,47,30,62,52,55,47,28973.404296875
2022-05-28 13:00:00,0,29,57,33,98,44,37,56,74,60,49,29135.91796875
2022-05-28 14:00:00,0,0,58,40,89,22,33,61,62,64,53,29066.771484375
2022-05-28 15:00:00,31,0,52,53,100,33,37,79,48,61,54,29052.857421875
2022-05-28 16:00:00,0,28,74,56,88,54,34,50,82,56,51,29029.3515625
2022-05-28 17:00:00,0,0,50,39,92,33,51,51,41,57,57,28930.814453125
2022-05-28 18:00:00,32,29,37,54,86,56,44,47,70,66,53,28978.0703125
2022-05-28 19:00:00,0,0,36,43,77,0,34,55,65,43,53,29021.755859375
2022-05-28 20:00:00,34,0,40,51,85,36,19,56,54,49,60,29011.291015625
2022-05-28 21:00:00,0,0,43,52,77,26,17,76,61,41,50,29034.55078125
2022-05-28 22:00:00,0,0,44,67,82,0,24,66,68,55,55,29002.9375
2022-05-28 23:00:00,0,42,64,67,74,82,34,85,65,74,70,29084.490234375
2022-05-29 00:00:00,0,0,46,60,71,34,27,74,53,76,61,29029.28515625
2022-05-29 01:00:00,0,0,37,57,67,51,31,38,36,71,50,29008.748046875
2022-05-29 02:00:00,51,57,47,53,65,26,35,55,24,72,46,28916.48046875
2022-05-29 03:00:00,0,0,45,65,63,26,32,72,59,68,58,28957.279296875
2022-05-29 04:00:00,0,59,43,69,80,13,32,41,35,65,47,28968.4375
2022-05-29 05:00:00,0,0,61,58,75,39,36,58,65,72,42,28997.400390625
2022-05-29 06:00:00,0,0,60,36,68,0,38,85,60,68,37,29040.310546875
2022-05-29 07:00:00,0,0,76,46,75,23,8,55,48,61,41,29020.52734375
2022-05-29 08:00:00,44,49,32,36,57,66,76,70,47,69,37,29147.525390625
2022-05-29 09:00:00,0,0,58,29,67,21,33,55,28,62,35,29062.888671875
2022-05-29 10:00:00,0,0,56,38,68,41,28,57,63,61,39,29154.572265625
2022-05-29 11:00:00,0,0,28,49,56,47,46,61,34,65,38,29198.16015625
2022-05-29 12:00:00,0,0,52,36,66,35,40,52,46,63,39,29397.826171875
2022-05-29 13:00:00,0,36,54,52,59,41,25,38,40,69,43,29415.123046875
2022-05-29 14:00:00,0,69,42,58,61,23,27,50,37,63,39,29341.783203125
2022-05-29 15:00:00,0,0,33,41,65,47,40,60,52,54,47,29284.017578125
2022-05-29 16:00:00,31,0,50,47,64,39,46,54,53,51,46,29310.37109375
2022-05-29 17:00:00,0,0,40,49,59,8,22,46,52,65,43,29316.126953125
2022-05-29 18:00:00,33,0,42,60,63,16,45,57,39,55,48,29225.3984375
2022-05-29 19:00:00,0,0,61,44,69,44,34,36,44,59,52,29179.005859375
2022-05-29 20:00:00,38,0,45,64,68,58,43,51,66,56,51,29159.62890625
2022-05-29 21:00:00,0,0,63,67,62,11,30,70,43,60,56,29214.970703125
2022-05-29 22:00:00,0,0,43,64,61,35,36,56,52,53,50,29498.009765625
2022-05-29 23:00:00,0,0,30,70,52,24,63,59,52,70,52,29464.5625
2022-05-30 00:00:00,0,52,41,66,54,24,20,61,47,80,51,29443.365234375
2022-05-30 01:00:00,45,50,53,54,58,56,23,48,43,89,49,29663.78515625
2022-05-30 02:00:00,0,99,50,82,64,34,74,50,40,71,49,30211.751953125
2022-05-30 03:00:00,0,100,47,78,59,23,74,48,43,99,51,30334.740234375
2022-05-30 04:00:00,0,50,81,64,62,34,70,63,32,80,45,30338.466796875
2022-05-30 05:00:00,0,48,48,53,57,21,74,54,48,75,44,30397.328125
2022-05-30 06:00:00,0,43,62,44,60,29,50,50,59,71,36,30723.19921875
2022-05-30 07:00:00,0,40,44,51,67,72,84,64,28,66,39,30688.2578125
2022-05-30 08:00:00,0,0,55,48,77,45,77,65,53,70,44,30694.857421875
2022-05-30 09:00:00,34,0,74,40,67,17,68,67,28,64,40,30711.1875
2022-05-30 10:00:00,33,0,51,46,73,42,66,46,35,62,39,30704.21875
2022-05-30 11:00:00,0,0,52,56,60,31,49,39,35,76,40,30670.884765625
2022-05-30 12:00:00,58,0,55,51,61,51,53,50,34,68,45,30806.86328125
2022-05-30 13:00:00,0,0,70,70,57,48,45,56,47,71,47,30529.513671875
2022-05-30 14:00:00,54,0,61,66,64,33,51,55,46,81,53,30677.548828125
2022-05-30 15:00:00,0,61,39,73,61,21,31,54,44,70,58,30623.888671875
2022-05-30 16:00:00,0,0,46,76,66,36,42,55,62,66,53,30684.51953125
2022-05-30 17:00:00,29,0,43,83,71,51,53,44,39,72,51,30746.763671875
2022-05-30 18:00:00,0,0,65,86,70,16,59,42,42,62,54,30701.6875
2022-05-30 19:00:00,32,0,46,73,70,49,50,40,75,67,58,30774.703125
2022-05-30 20:00:00,0,0,41,78,80,18,70,48,64,63,62,31241.24609375
2022-05-30 21:00:00,0,0,35,81,83,41,74,51,43,69,59,31949.630859375
2022-05-30 22:00:00,0,50,28,80,81,45,58,70,27,63,57,31795.1484375
2022-05-30 23:00:00,0,0,60,73,72,0,40,62,38,89,61,31831.2421875
2022-05-31 00:00:00,0,0,52,100,65,34,39,66,13,93,54,31796.03125
2022-05-31 01:00:00,0,49,46,80,58,44,61,61,42,87,52,31574.212890625
2022-05-31 02:00:00,0,0,47,77,56,33,42,70,34,98,48,31691.19921875
2022-05-31 03:00:00,46,0,68,91,71,34,67,63,43,90,48,31776.75390625
2022-05-31 04:00:00,0,0,85,62,69,12,68,51,27,83,44,31770.9375
2022-05-31 05:00:00,0,0,61,46,80,22,64,74,23,79,39,31701.458984375
2022-05-31 06:00:00,39,43,55,58,73,20,67,52,28,86,39,31652.7109375
2022-05-31 07:00:00,73,40,79,47,73,73,79,62,24,83,41,31571.4375
2022-05-31 08:00:00,0,0,55,50,60,18,93,83,55,73,41,31666.8125
2022-05-31 09:00:00,0,38,79,48,70,17,57,80,49,63,43,31624.58984375
2022-05-31 10:00:00,0,37,68,48,69,100,49,61,33,73,41,31654.654296875
2022-05-31 11:00:00,0,0,48,58,67,68,52,53,30,61,47,31814.830078125
2022-05-31 12:00:00,0,0,42,52,70,28,49,62,37,75,50,31772.232421875
2022-05-31 13:00:00,27,0,69,64,59,34,78,64,61,71,68,31811.25390625
2022-05-31 14:00:00,0,0,65,63,67,27,68,56,53,86,73,31665.0546875
2022-05-31 15:00:00,28,0,71,65,70,42,53,37,48,65,71,32104.34765625
2022-05-31 16:00:00,28,31,45,74,59,49,49,45,45,69,72,32249.86328125
2022-05-31 17:00:00,29,32,54,72,60,22,48,61,65,69,75,32176.48046875
2022-05-31 18:00:00,0,0,57,70,64,0,39,54,55,60,67,32108.328125
2022-05-31 19:00:00,0,0,52,62,66,24,41,62,50,57,70,31757.146484375
2022-05-31 20:00:00,0,0,49,71,68,35,54,35,49,54,75,31750.013671875
2022-05-31 21:00:00,0,43,40,67,67,19,43,69,55,68,69,31795.01171875
2022-05-31 22:00:00,0,0,54,89,71,0,57,57,37,76,68,31862.1484375
2022-05-31 23:00:00,0,0,40,95,66,35,36,70,41,83,65,31882.310546875
2022-06-01 00:00:00,46,0,59,79,55,46,44,70,43,85,63,31957.28515625
2022-06-01 01:00:00,0,49,44,94,56,33,61,71,29,83,61,31935.107421875
2022-06-01 02:00:00,0,0,36,87,59,22,62,66,40,79,52,31906.267578125
2022-06-01 03:00:00,0,0,51,85,64,58,76,97,52,88,46,31809.072265625
2022-06-01 04:00:00,46,0,48,57,62,58,44,78,38,93,50,31682.4375
2022-06-01 05:00:00,0,0,75,56,63,65,67,42,56,75,42,31598.4765625
2022-06-01 06:00:00,0,0,39,59,52,40,55,67,54,76,42,31644.4375
2022-06-01 07:00:00,0,41,81,52,60,9,99,100,46,62,42,31590.919921875
2022-06-01 08:00:00,72,0,64,43,56,36,68,85,43,67,42,31607.56640625
2022-06-01 09:00:00,0,0,81,32,100,26,57,58,47,78,41,31669.47265625
2022-06-01 10:00:00,0,0,58,52,62,42,63,52,47,59,41,31671.759765625
2022-06-01 11:00:00,30,0,43,53,54,15,79,69,38,66,49,31631.1484375
2022-06-01 12:00:00,0,0,30,56,63,14,47,50,48,69,52,31772.912109375
2022-06-01 13:00:00,27,28,60,50,59,20,80,58,45,71,66,31848.82421875
2022-06-01 14:00:00,27,28,59,59,56,27,54,74,49,77,72,31769.19140625
2022-06-01 15:00:00,28,0,59,64,57,0,36,63,34,76,74,31225.58203125
2022-06-01 16:00:00,0,0,56,73,59,21,67,44,49,69,69,30758.26953125
2022-06-01 17:00:00,0,0,60,65,54,30,41,48,37,65,78,30417.06640625
2022-06-01 18:00:00,0,63,50,56,57,37,44,87,39,62,69,30388.62890625
2022-06-01 19:00:00,0,32,62,47,56,0,53,70,54,62,78,30270.646484375
2022-06-01 20:00:00,0,70,39,78,60,8,58,71,54,61,78,30148.328125
2022-06-01 21:00:00,0,41,38,76,65,10,40,54,39,69,71,29743.517578125
2022-06-01 22:00:00,0,0,59,71,51,11,61,73,60,69,84,29739.55859375
2022-06-01 23:00:00,91,0,42,88,65,11,20,81,51,77,73,29967.068359375
2022-06-02 00:00:00,0,0,41,72,65,22,38,58,63,82,69,29795.880859375
2022-06-02 01:00:00,0,46,59,69,56,43,42,57,49,87,70,29852.244140625
2022-06-02 02:00:00,45,47,41,92,56,11,66,93,37,81,67,29871.412109375
2022-06-02 03:00:00,46,48,40,68,59,34,32,64,43,86,58,29839.40234375
2022-06-02 04:00:00,0,0,71,67,57,46,52,62,44,95,56,29802.62890625
2022-06-02 05:00:00,0,0,51,55,63,22,46,67,39,73,57,29861.353515625
2022-06-02 06:00:00,0,83,59,44,57,49,100,46,45,77,45,29910.90234375
2022-06-02 07:00:00,38,0,68,51,54,28,69,65,65,73,42,30040.349609375
2022-06-02 08:00:00,0,0,48,46,53,37,64,68,41,78,45,29991.537109375
2022-06-02 09:00:00,0,38,49,50,56,27,54,65,26,68,41,29980.9921875
2022-06-02 10:00:00,0,0,63,52,59,34,77,62,47,72,44,30048.162109375
2022-06-02 11:00:00,0,0,58,39,59,16,54,48,50,71,50,30154.046875
2022-06-02 12:00:00,0,31,55,46,56,66,44,66,47,75,53,30163.576171875
2022-06-02 13:00:00,0,30,52,63,55,28,34,57,35,78,60,30145.0390625
2022-06-02 14:00:00,55,0,54,63,53,21,60,51,60,63,70,30053.7109375
2022-06-02 15:00:00,29,0,93,64,51,29,50,44,46,65,74,30319.5234375
2022-06-02 16:00:00,0,0,57,73,49,14,45,48,45,63,74,30343.248046875
2022-06-02 17:00:00,0,0,59,68,53,36,51,47,48,71,70,30323.373046875
2022-06-02 18:00:00,0,33,40,71,54,0,46,52,44,69,72,30300.330078125
2022-06-02 19:00:00,0,0,65,71,49,16,55,47,51,62,76,30266.59375
2022-06-02 20:00:00,35,0,45,66,60,17,42,55,52,77,89,30324.759765625
2022-06-02 21:00:00,0,0,74,80,63,10,49,65,76,62,77,30333.9140625
2022-06-02 22:00:00,0,46,76,79,51,66,54,74,45,79,81,30604.734375
2022-06-02 23:00:00,47,49,100,85,48,23,48,86,69,83,72,30602.07421875
2022-06-03 00:00:00,0,48,34,88,48,11,48,61,49,84,71,30471.939453125
2022-06-03 01:00:00,0,0,46,89,53,22,38,78,44,95,67,30626.51171875
2022-06-03 02:00:00,0,0,44,83,45,11,27,59,64,90,58,30633.03515625
2022-06-03 03:00:00,0,0,59,67,45,46,36,62,73,84,59,30545.392578125
2022-06-03 04:00:00,47,0,26,65,49,47,61,72,100,70,55,30523.390625
2022-06-03 05:00:00,89,0,66,45,53,44,42,76,29,82,52,30547.32421875
2022-06-03 06:00:00,41,0,65,63,58,41,50,66,48,81,48,30542.380859375
2022-06-03 07:00:00,39,41,79,57,54,48,57,50,37,69,49,30451.85546875
2022-06-03 08:00:00,0,0,63,43,55,48,53,60,47,66,59,30497.859375
2022-06-03 09:00:00,0,0,97,36,67,46,64,81,61,70,55,30457.599609375
2022-06-03 10:00:00,0,0,55,48,51,18,71,56,42,62,56,30249.333984375
2022-06-03 11:00:00,0,0,61,51,48,33,54,44,52,62,61,29876.2578125
2022-06-03 12:00:00,0,0,43,43,50,15,60,46,48,60,64,29819.294921875
2022-06-03 13:00:00,0,0,50,48,58,36,56,43,41,75,78,29711.142578125
2022-06-03 14:00:00,0,30,46,66,52,21,70,66,59,82,87,29723.859375
2022-06-03 15:00:00,0,0,57,75,52,22,33,57,39,58,94,29526.345703125
2022-06-03 16:00:00,31,32,64,66,52,46,56,29,74,68,86,29539.71484375
2022-06-03 17:00:00,0,33,44,59,49,31,68,60,40,76,85,29610.14453125
2022-06-03 18:00:00,0,0,38,69,57,33,48,70,44,66,93,29545.203125
2022-06-03 19:00:00,0,36,51,63,56,26,33,54,39,65,96,29586.541015625
2022-06-03 20:00:00,38,39,37,69,58,19,36,62,42,61,100,29685.53515625
2022-06-03 21:00:00,42,0,54,58,56,21,44,45,45,74,91,29830.6640625
2022-06-03 22:00:00,0,49,57,63,59,12,52,65,44,62,97,29849.28125
2022-06-03 23:00:00,0,51,45,70,48,37,55,71,64,73,84,29730.53125
2022-06-04 00:00:00,100,0,43,68,50,12,35,67,44,72,78,29745.22265625
2022-06-04 01:00:00,50,0,58,68,54,25,52,51,26,85,82,29713.125
2022-06-04 02:00:00,0,53,65,58,49,25,39,61,50,71,79,29604.6484375
2022-06-04 03:00:00,0,54,54,52,60,26,40,79,40,100,72,29606.44140625
2022-06-04 04:00:00,0,0,62,52,53,40,74,95,22,73,68,29708.609375
2022-06-04 05:00:00,0,53,59,54,64,25,31,45,45,72,53,29707.634765625
2022-06-04 06:00:00,0,0,53,35,50,36,41,73,34,78,47,29693.052734375
2022-06-04 07:00:00,0,0,48,35,58,34,44,68,51,74,52,29689.4609375
2022-06-04 08:00:00,89,46,46,35,62,22,42,45,49,68,50,29771.416015625
2022-06-04 09:00:00,43,0,39,48,49,32,48,40,78,75,49,29748.1640625
2022-06-04 10:00:00,41,43,55,38,58,20,43,64,31,83,49,29757.25390625
2022-06-04 11:00:00,0,40,54,41,49,28,43,44,38,68,44,29726.259765625
2022-06-04 12:00:00,0,0,51,39,52,27,35,59,53,61,42,29682.291015625
2022-06-04 13:00:00,0,0,53,39,47,26,42,92,41,63,48,29624.32421875
2022-06-04 14:00:00,34,0,35,46,51,8,44,65,53,68,55,29837.130859375
2022-06-04 15:00:00,0,0,43,56,47,42,23,63,39,52,59,29842.34765625
2022-06-04 16:00:00,67,0,37,39,42,33,32,47,26,67,61,29840.982421875
2022-06-04 17:00:00,0,36,25,52,51,26,24,57,57,60,62,29752.619140625
2022-06-04 18:00:00,0,0,42,51,48,63,44,47,55,58,60,29779.6796875
2022-06-04 19:00:00,0,40,47,49,52,38,30,53,59,59,65,29773.79296875
2022-06-04 20:00:00,0,42,59,53,49,10,31,52,62,51,62,29724.3515625
2022-06-04 21:00:00,44,0,53,49,52,32,49,74,46,62,71,29809.658203125
2022-06-04 22:00:00,0,0,66,74,57,36,29,85,46,77,60,29930.564453125
2022-06-04 23:00:00,0,0,44,65,55,38,35,52,45,63,58,29828.900390625
2022-06-05 00:00:00,52,0,60,51,52,26,22,65,64,70,60,29874.201171875
2022-06-05 01:00:00,55,7,64,74,78,71,31,83,87,64,62,29754.041015625
2022-06-05 02:00:00,44,8,53,74,76,79,40,82,79,68,61,29782.36328125
2022-06-05 03:00:00,71,6,63,75,75,84,38,87,87,73,58,29793.50390625
2022-06-05 04:00:00,59,10,65,70,76,82,45,85,81,75,56,29762.853515625
2022-06-05 05:00:00,70,7,67,63,81,74,51,87,83,68,49,29805.44140625
2022-06-05 06:00:00,70,5,70,55,78,79,49,83,79,67,46,29786.6328125
2022-06-05 07:00:00,82,3,66,52,78,86,54,73,91,65,44,29793.212890625
2022-06-05 08:00:00,90,8,61,48,80,84,57,77,90,61,43,29728.474609375
2022-06-05 09:00:00,68,8,71,49,83,100,53,75,94,62,43,29701.912109375
2022-06-05 10:00:00,58,7,66,48,82,98,54,72,97,62,43,29683.3515625
2022-06-05 11:00:00,47,13,69,50,83,91,48,70,91,64,42,29701.166015625
2022-06-05 12:00:00,68,14,60,51,81,79,44,71,98,67,46,29758.212890625
2022-06-05 13:00:00,53,7,57,55,80,77,45,71,92,70,47,29741.865234375
2022-06-05 14:00:00,77,4,66,61,79,80,44,73,93,69,51,29798.146484375
2022-06-05 15:00:00,81,7,59,63,70,75,46,72,96,67,52,29941.640625
2022-06-05 16:00:00,92,9,58,64,75,76,44,72,95,67,55,30117.744140625
2022-06-05 17:00:00,47,9,60,66,75,66,43,76,98,66,57,30079.005859375
2022-06-05 18:00:00,52,8,61,66,72,72,45,73,100,58,58,30065.9609375
2022-06-05 19:00:00,33,6,55,70,76,68,42,73,98,57,58,30053.212890625
2022-06-05 20:00:00,53,11,54,72,81,72,47,78,94,56,62,30096.064453125
2022-06-05 21:00:00,62,12,57,77,88,81,48,77,99,59,63,29956.896484375
2022-06-05 22:00:00,47,11,60,86,79,74,45,81,97,61,66,30031.880859375
2022-06-05 23:00:00,63,12,58,87,75,72,44,84,89,67,63,30018.837890625
2022-06-06 00:00:00,29,9,60,86,72,70,46,82,84,79,62,30272.0859375
2022-06-06 01:00:00,42,8,70,89,78,65,65,82,80,82,60,30822.6015625
2022-06-06 02:00:00,59,9,69,88,81,81,60,89,79,90,59,31049.67578125
2022-06-06 03:00:00,51,11,77,87,82,85,65,90,80,88,56,31167.841796875
2022-06-06 04:00:00,83,11,81,82,80,91,74,91,77,86,55,31239.04296875
2022-06-06 05:00:00,78,5,81,68,90,83,78,85,73,80,48,31222.63671875
2022-06-06 06:00:00,58,7,89,61,82,72,87,88,84,80,44,31342.18359375
2022-06-06 07:00:00,42,7,86,56,81,75,83,87,86,78,41,31319.55859375
2022-06-06 08:00:00,32,5,91,57,83,73,86,85,85,75,46,31417.958984375
2022-06-06 09:00:00,45,5,90,58,88,76,84,83,90,75,48,31460.97265625
2022-06-06 10:00:00,84,7,86,55,85,74,73,73,81,70,49,31481.515625
2022-06-06 11:00:00,84,6,74,61,80,71,64,72,81,70,52,31492.806640625
2022-06-06 12:00:00,75,5,72,60,76,70,63,68,86,74,55,31437.154296875
2022-06-06 13:00:00,79,3,75,69,77,65,65,74,84,75,74,31450.2578125
2022-06-06 14:00:00,62,6,74,76,77,73,65,73,89,77,84,31693.291015625
2022-06-06 15:00:00,72,6,75,81,79,68,65,77,89,73,79,31499.005859375
2022-06-06 16:00:00,51,6,76,80,78,68,62,70,89,74,76,31497.07421875
2022-06-06 17:00:00,67,7,74,82,79,61,60,69,91,74,77,31318.251953125
2022-06-06 18:00:00,59,7,67,77,81,58,59,77,94,66,77,31379.4296875
2022-06-06 19:00:00,60,4,65,80,81,64,63,79,89,68,79,31415.63671875
2022-06-06 20:00:00,56,6,70,82,88,64,64,80,89,70,83,31433.94140625
2022-06-06 21:00:00,58,8,65,89,86,67,57,87,88,69,81,31545.181640625
2022-06-06 22:00:00,65,11,66,97,84,68,59,88,88,72,79,31514.21484375
2022-06-06 23:00:00,39,7,69,96,78,68,54,91,85,76,73,31408.33984375
2022-06-07 00:00:00,74,10,67,97,79,73,63,91,81,95,68,31371.7421875
2022-06-07 01:00:00,51,14,74,97,89,55,64,98,82,95,64,30213.748046875
2022-06-07 02:00:00,42,19,78,95,91,77,76,94,78,98,61,29575.5546875
2022-06-07 03:00:00,68,13,74,89,83,67,77,96,77,92,57,29631.6484375
2022-06-07 04:00:00,83,15,78,81,91,68,79,94,75,85,52,29605.27734375
2022-06-07 05:00:00,55,15,86,71,91,64,86,92,73,81,46,29589.86328125
2022-06-07 06:00:00,62,9,89,63,82,59,89,97,73,78,43,29543.640625
2022-06-07 07:00:00,38,9,98,58,83,70,94,93,81,76,44,29585.40234375
2022-06-07 08:00:00,90,8,96,56,81,59,92,92,77,74,46,29698.71875
2022-06-07 09:00:00,57,8,100,57,86,57,98,86,77,70,46,29646.830078125
2022-06-07 10:00:00,79,10,87,57,83,63,85,79,78,71,48,29641.921875
2022-06-07 11:00:00,63,7,75,61,82,61,80,77,75,71,51,29630.58203125
2022-06-07 12:00:00,49,10,77,63,78,56,71,74,74,72,54,29544.85546875
2022-06-07 13:00:00,77,6,76,78,79,53,75,77,81,76,69,29646.14453125
2022-06-07 14:00:00,57,8,84,84,79,67,70,83,86,77,78,29933.216796875
2022-06-07 15:00:00,78,6,80,87,79,74,69,81,87,74,74,29942.224609375
2022-06-07 16:00:00,85,8,80,84,81,74,64,75,89,77,71,29917.34765625
2022-06-07 17:00:00,61,7,74,90,78,69,64,72,91,74,72,29951.447265625
2022-06-07 18:00:00,70,5,72,83,83,65,58,77,92,70,75,30208.625
2022-06-07 19:00:00,69,8,67,82,83,74,60,75,87,68,77,31265.216796875
2022-06-07 20:00:00,71,8,67,86,97,68,65,76,85,70,81,31489.68359375
2022-06-07 21:00:00,83,6,67,94,100,78,58,86,93,69,81,31464.701171875
2022-06-07 22:00:00,65,10,67,99,97,75,62,85,83,71,78,31434.7890625
2022-06-07 23:00:00,58,8,61,100,89,77,61,85,86,79,74,31288.3125
2022-06-08 00:00:00,63,10,60,100,83,67,58,88,86,93,70,31253.69140625
2022-06-08 01:00:00,68,8,71,97,81,72,65,91,76,99,65,31132.638671875
2022-06-08 02:00:00,63,9,69,96,80,87,81,98,79,99,61,31184.373046875
2022-06-08 03:00:00,76,8,70,93,82,68,73,100,80,96,58,31012.021484375
2022-06-08 04:00:00,65,10,78,79,84,79,71,90,74,86,52,30316.962890625
2022-06-08 05:00:00,82,5,84,68,89,65,84,87,72,78,45,30573.3203125
2022-06-08 06:00:00,52,8,90,59,83,61,100,91,75,79,42,30593.6640625
2022-06-08 07:00:00,51,6,90,58,85,59,95,93,80,74,40,30558.736328125
2022-06-08 08:00:00,56,6,98,58,84,67,95,92,81,70,43,30571.021484375
2022-06-08 09:00:00,57,6,98,58,83,69,95,85,84,71,45,30530.74609375
2022-06-08 10:00:00,47,5,82,57,83,68,79,76,82,70,45,30500.12109375
2022-06-08 11:00:00,46,6,80,63,80,59,72,76,80,74,50,30468.056640625
2022-06-08 12:00:00,56,7,77,65,82,64,69,74,78,73,51,30439.0234375
2022-06-08 13:00:00,50,7,87,76,79,65,78,73,81,77,68,30774.7265625
2022-06-08 14:00:00,47,4,81,87,74,58,70,77,85,80,74,30775.416015625
2022-06-08 15:00:00,75,5,80,86,76,65,71,79,85,76,77,30518.07421875
2022-06-08 16:00:00,82,6,74,85,75,53,62,75,87,77,72,30514.833984375
2022-06-08 17:00:00,42,7,78,87,78,58,63,84,92,76,72,30424.0859375
2022-06-08 18:00:00,74,8,69,81,79,64,62,74,94,68,72,30385.595703125
2022-06-08 19:00:00,67,7,76,85,82,51,56,76,93,68,75,30260.544921875
2022-06-08 20:00:00,51,6,75,88,85,64,60,80,88,68,80,30243.27734375
2022-06-08 21:00:00,87,7,87,97,91,67,61,82,94,68,80,30341.505859375
2022-06-08 22:00:00,65,9,66,96,83,66,60,87,90,73,77,30398.859375
2022-06-08 23:00:00,73,7,74,99,77,69,59,85,82,77,72,30335.345703125
2022-06-09 00:00:00,87,8,63,92,72,59,60,84,75,96,64,30230.9921875
2022-06-09 01:00:00,44,8,67,94,74,67,59,86,76,100,59,30294.267578125
2022-06-09 02:00:00,28,8,73,96,78,66,70,95,78,98,61,30199.908203125
2022-06-09 03:00:00,43,8,75,89,78,65,67,94,70,93,56,30279.828125
2022-06-09 04:00:00,62,9,75,82,78,56,75,89,70,85,52,30279.3359375
2022-06-09 05:00:00,48,8,87,69,82,58,79,88,69,82,45,30370.11328125
2022-06-09 06:00:00,74,5,89,61,76,61,86,91,74,76,43,30329.41796875
2022-06-09 07:00:00,61,4,98,59,76,58,96,92,84,72,42,30446.978515625
2022-06-09 08:00:00,45,4,95,60,73,64,99,96,80,70,45,30513.91015625
2022-06-09 09:00:00,66,4,90,58,79,63,91,87,83,67,47,30609.310546875
2022-06-09 10:00:00,63,3,80,57,74,59,79,76,77,67,50,30563.6953125
2022-06-09 11:00:00,81,5,81,59,71,58,73,74,78,69,51,30463.986328125
2022-06-09 12:00:00,51,4,76,67,72,56,72,75,89,74,58,30341.798828125
2022-06-09 13:00:00,43,6,80,72,74,62,76,75,83,77,71,30208.76953125
2022-06-09 14:00:00,60,4,81,81,73,62,74,82,79,79,77,30244.947265625
2022-06-09 15:00:00,63,4,72,83,73,60,72,76,84,74,74,30307.705078125
2022-06-09 16:00:00,57,6,72,81,76,69,58,73,90,75,72,30334.4453125
2022-06-09 17:00:00,54,6,71,82,78,65,59,75,95,74,75,30396.185546875
2022-06-09 18:00:00,65,6,71,80,82,66,60,77,94,69,76,30320.662109375
2022-06-09 19:00:00,64,7,64,79,75,62,59,78,94,66,80,30157.64453125
2022-06-09 20:00:00,76,10,62,86,83,67,57,77,93,64,83,30166.078125
2022-06-09 21:00:00,48,6,65,94,83,72,60,85,96,68,78,30220.89453125
2022-06-09 22:00:00,74,10,65,94,82,71,57,83,94,73,76,30157.58203125
2022-06-09 23:00:00,53,7,59,95,75,74,58,83,84,76,74,30114.111328125
2022-06-10 00:00:00,56,9,60,93,72,67,59,89,88,96,68,30124.40234375
2022-06-10 01:00:00,31,5,67,96,75,65,63,90,81,92,68,29948.48828125
2022-06-10 02:00:00,70,8,66,95,71,63,66,96,83,94,70,29996.375
2022-06-10 03:00:00,55,10,74,90,74,75,67,93,80,89,61,30245.80859375
2022-06-10 04:00:00,43,9,75,80,82,66,74,90,74,72,56,30120.265625
2022-06-10 05:00:00,82,7,78,68,81,70,74,91,80,72,52,30155.5703125
2022-06-10 06:00:00,59,5,85,61,76,65,90,93,80,74,49,30143.630859375
2022-06-10 07:00:00,24,6,95,58,74,55,91,99,76,72,49,30114.390625
2022-06-10 08:00:00,52,7,91,56,75,70,92,93,84,64,50,30093.59765625
2022-06-10 09:00:00,84,5,85,57,74,64,94,87,87,62,49,30034.76953125
2022-06-10 10:00:00,60,4,81,58,75,64,78,78,79,60,52,29982.943359375
2022-06-10 11:00:00,50,6,76,63,69,53,63,72,81,62,54,30040.330078125
2022-06-10 12:00:00,84,7,71,60,69,58,70,73,83,64,56,30124.7734375
2022-06-10 13:00:00,53,7,70,67,71,59,70,72,83,69,73,29689.57421875
2022-06-10 14:00:00,54,9,77,71,76,65,71,79,91,73,83,29625.849609375
2022-06-10 15:00:00,71,7,71,76,69,59,67,78,93,69,77,29605.43359375
2022-06-10 16:00:00,73,8,68,73,77,53,56,76,94,70,79,29465.88671875
2022-06-10 17:00:00,64,7,61,73,80,58,55,73,94,67,76,29176.103515625
2022-06-10 18:00:00,62,11,58,74,76,60,60,75,97,66,77,29132.64453125
2022-06-10 19:00:00,44,9,59,74,76,56,59,79,93,59,83,29110.5703125
2022-06-10 20:00:00,63,9,58,91,81,68,55,79,94,56,100,29196.642578125
2022-06-10 21:00:00,80,13,61,80,80,68,54,87,94,57,100,29282.41015625
2022-06-10 22:00:00,86,13,59,80,77,71,51,85,96,60,92,29277.2265625
2022-06-10 23:00:00,61,11,54,81,74,64,47,86,87,61,87,29180.484375
2022-06-11 00:00:00,50,10,55,80,70,70,44,79,85,70,84,29239.52734375
2022-06-11 01:00:00,34,9,55,78,72,67,43,85,86,81,72,29242.271484375
2022-06-11 02:00:00,26,12,59,76,69,71,49,81,80,77,69,29274.921875
2022-06-11 03:00:00,46,9,53,73,68,60,46,88,80,75,62,29289.12890625
2022-06-11 04:00:00,56,10,65,72,67,73,52,91,84,76,64,29363.490234375
2022-06-11 05:00:00,55,5,65,64,73,68,51,87,85,72,54,29401.916015625
2022-06-11 06:00:00,48,6,65,58,72,54,58,80,89,69,50,29305.947265625
2022-06-11 07:00:00,52,9,71,54,74,69,48,77,85,69,46,29344.619140625
2022-06-11 08:00:00,55,8,62,48,72,68,50,76,88,64,41,29337.236328125
2022-06-11 09:00:00,100,6,65,45,77,59,53,75,90,60,42,29145.373046875
2022-06-11 10:00:00,54,8,63,47,75,76,46,70,89,59,41,29106.458984375
2022-06-11 11:00:00,47,9,54,52,80,63,48,71,90,61,46,28938.1875
2022-06-11 12:00:00,53,7,61,51,82,59,42,69,87,65,48,28819.041015625
2022-06-11 13:00:00,66,16,56,57,81,65,42,69,95,64,48,28801.54296875
2022-06-11 14:00:00,65,10,61,59,81,56,46,69,89,65,50,28762.314453125
2022-06-11 15:00:00,68,35,60,61,95,58,44,77,95,64,53,28538.498046875
2022-06-11 16:00:00,44,21,52,63,91,69,48,74,94,65,57,28469.3984375
2022-06-11 17:00:00,65,15,63,64,84,64,45,74,97,61,59,28538.796875
2022-06-11 18:00:00,36,13,52,66,83,71,48,78,97,59,62,28721.017578125
2022-06-11 19:00:00,58,24,50,68,78,65,44,76,94,55,63,28717.3125
2022-06-11 20:00:00,40,37,51,70,82,64,44,77,97,53,65,28604.638671875
2022-06-11 21:00:00,64,28,55,78,86,65,44,80,97,56,68,28589.044921875
2022-06-11 22:00:00,55,100,58,78,79,60,43,84,99,60,69,28657.458984375
2022-06-11 23:00:00,51,72,51,75,75,69,42,84,95,61,69,28646.462890625
2022-06-12 00:00:00,67,94,47,75,75,78,34,81,80,62,66,28502.685546875
2022-06-12 01:00:00,44,6,45,34,32,68,38,75,79,71,61,28491.9296875
2022-06-12 02:00:00,15,8,42,35,40,76,34,81,77,72,57,28323.533203125
2022-06-12 03:00:00,35,10,36,34,45,84,34,85,80,73,53,27692.552734375
2022-06-12 04:00:00,51,9,41,32,47,75,44,82,81,74,49,27634.67578125
2022-06-12 05:00:00,57,13,51,30,56,85,49,89,81,75,45,27466.25
2022-06-12 06:00:00,32,10,55,26,49,68,51,80,79,73,41,27521.83203125
2022-06-12 07:00:00,44,9,50,24,46,78,48,76,80,73,40,27567.283203125
2022-06-12 08:00:00,30,9,55,24,44,84,50,75,82,71,42,27686.96484375
2022-06-12 09:00:00,47,8,49,22,41,83,57,74,90,63,41,27614.978515625
2022-06-12 10:00:00,29,12,47,22,41,77,47,67,86,66,39,27548.5078125
2022-06-12 11:00:00,21,9,49,23,40,64,43,68,81,63,39,27497.8671875
2022-06-12 12:00:00,35,14,42,24,40,71,50,67,85,67,42,27551.998046875
2022-06-12 13:00:00,37,15,45,27,38,80,50,70,84,69,43,27453.17578125
2022-06-12 14:00:00,37,8,46,27,38,68,45,76,83,73,47,27859.498046875
2022-06-12 15:00:00,41,5,51,29,34,73,41,71,85,71,49,28240.919921875
2022-06-12 16:00:00,31,6,43,30,32,68,44,67,88,73,51,28130.33984375
2022-06-12 17:00:00,28,5,47,30,32,70,41,74,86,68,53,28153.603515625
2022-06-12 18:00:00,38,4,41,31,32,71,43,73,93,64,54,28119.611328125
2022-06-12 19:00:00,26,5,40,33,34,66,43,75,91,61,58,27936.0625
2022-06-12 20:00:00,45,7,39,34,35,69,44,74,85,61,59,27521.953125
2022-06-12 21:00:00,33,7,43,38,38,52,47,80,88,62,63,27496.009765625
2022-06-12 22:00:00,49,7,45,40,40,85,46,85,86,66,65,27415.828125
2022-06-12 23:00:00,42,10,46,41,37,72,49,80,82,72,63,27133.21484375
2022-06-13 00:00:00,24,15,44,42,40,68,43,81,82,79,62,26795.58984375
2022-06-13 01:00:00,40,19,49,41,53,71,55,84,81,93,59,26412.927734375
2022-06-13 02:00:00,56,22,55,42,59,81,62,88,76,93,58,25830.12109375
2022-06-13 03:00:00,68,31,60,41,73,88,63,88,75,96,56,25614.447265625
2022-06-13 04:00:00,65,19,53,38,64,82,70,85,70,81,52,26134.486328125
2022-06-13 05:00:00,76,18,65,32,64,81,72,84,76,80,46,25777.6015625
2022-06-13 06:00:00,50,16,71,27,60,73,82,81,72,81,42,25473.435546875
2022-06-13 07:00:00,34,17,76,26,58,73,82,89,81,78,44,25416.228515625
2022-06-13 08:00:00,46,21,72,27,67,76,89,84,76,78,48,24833.7109375
2022-06-13 09:00:00,64,33,72,26,76,74,87,82,74,75,47,24483.50390625
2022-06-13 10:00:00,69,34,65,26,73,72,81,73,76,70,49,24245.484375
2022-06-13 11:00:00,81,40,57,30,77,68,72,74,75,73,53,24037.064453125
2022-06-13 12:00:00,56,36,66,30,73,75,67,73,79,75,60,24261.69140625
2022-06-13 13:00:00,51,100,62,33,69,71,74,70,76,79,75,23811.103515625
2022-06-13 14:00:00,66,44,65,36,74,68,72,73,83,81,87,23716.05859375
2022-06-13 15:00:00,65,53,61,36,82,83,64,74,81,77,87,23412.904296875
2022-06-13 16:00:00,89,36,62,38,73,67,58,76,83,77,79,24093.650390625
2022-06-13 17:00:00,89,33,63,36,71,64,56,72,88,79,76,23733.466796875
2022-06-13 18:00:00,64,30,58,36,68,72,59,73,88,74,76,23732.3515625
2022-06-13 19:00:00,99,28,52,36,70,70,59,76,92,69,83,23473.904296875
2022-06-13 20:00:00,77,32,55,39,67,76,60,78,87,90,88,23659.875
2022-06-13 21:00:00,79,31,54,44,66,73,56,81,82,84,85,23356.841796875
2022-06-13 22:00:00,77,40,48,46,68,77,60,83,87,80,84,23088.755859375
2022-06-13 23:00:00,88,45,47,45,64,75,53,85,84,81,74,22687.263671875
2022-06-14 00:00:00,74,38,52,43,68,70,60,81,82,87,73,22699.232421875
2022-06-14 01:00:00,67,56,54,43,73,83,64,90,74,97,66,22055.5078125
2022-06-14 02:00:00,60,64,59,43,100,100,67,93,71,98,67,21625.787109375
2022-06-14 03:00:00,76,39,59,41,73,82,77,88,71,93,59,22118.71484375
2022-06-14 04:00:00,70,37,58,39,63,96,71,86,66,91,56,22344.5625
2022-06-14 05:00:00,69,29,62,32,60,86,79,87,70,83,50,23018.951171875
2022-06-14 06:00:00,61,21,63,28,56,71,86,89,72,84,45,22824.86328125
2022-06-14 07:00:00,71,18,73,28,52,65,97,91,75,82,44,22933.49609375
2022-06-14 08:00:00,49,16,77,28,50,59,96,91,77,78,45,22879.482421875
2022-06-14 09:00:00,62,18,75,28,48,71,92,88,76,80,46,22653.6328125
2022-06-14 10:00:00,49,16,68,26,49,58,77,74,72,74,46,22578.388671875
2022-06-14 11:00:00,40,19,60,28,48,64,75,73,76,72,50,22394.595703125
2022-06-14 12:00:00,59,17,60,29,47,61,71,71,75,77,55,22368.34375
2022-06-14 13:00:00,53,15,63,33,50,63,71,77,79,82,67,22513.09375
2022-06-14 14:00:00,42,17,61,36,48,71,73,76,83,82,76,22477.0625
2022-06-14 15:00:00,64,15,64,39,47,59,68,75,86,82,74,22713.236328125
2022-06-14 16:00:00,62,14,59,36,49,61,59,76,80,81,70,22729.556640625
2022-06-14 17:00:00,60,15,58,36,49,65,59,73,84,76,72,22670.41796875
2022-06-14 18:00:00,55,17,53,39,53,67,66,74,89,73,74,22556.107421875
2022-06-14 19:00:00,45,17,53,37,52,68,58,79,87,76,82,22322.263671875
2022-06-14 20:00:00,65,18,52,39,53,72,63,75,85,77,80,22238.998046875
2022-06-14 21:00:00,69,19,51,41,56,70,59,78,86,81,77,22082.728515625
2022-06-14 22:00:00,58,22,53,44,54,67,55,88,87,80,78,21635.58203125
2022-06-14 23:00:00,45,21,50,45,47,80,52,92,84,82,74,22211.9609375
2022-06-15 00:00:00,26,16,44,42,45,70,54,82,77,92,67,22196.73046875
2022-06-15 01:00:00,51,18,56,42,44,63,64,90,74,97,63,22226.572265625
2022-06-15 02:00:00,52,14,57,45,46,73,77,93,77,100,59,22167.248046875
2022-06-15 03:00:00,48,17,56,42,48,71,74,90,71,96,55,22005.369140625
2022-06-15 04:00:00,51,18,64,38,51,75,73,85,73,88,52,21570.671875
2022-06-15 05:00:00,58,19,66,33,55,63,80,86,69,82,46,21245.87109375
2022-06-15 06:00:00,31,17,67,29,51,74,89,91,71,82,43,21333.63671875
2022-06-15 07:00:00,58,16,73,29,47,57,90,88,73,81,40,21354.193359375
2022-06-15 08:00:00,45,24,100,29,82,74,100,93,78,89,44,20801.31640625
2022-06-15 09:00:00,56,28,76,28,64,72,89,83,78,76,44,20365.486328125
2022-06-15 10:00:00,66,25,69,28,57,65,81,79,78,77,47,20639.2890625
2022-06-15 11:00:00,42,17,57,28,49,68,72,73,76,74,49,21182.607421875
2022-06-15 12:00:00,51,16,63,29,53,67,73,75,86,79,52,21362.75390625
2022-06-15 13:00:00,66,14,62,33,49,74,78,75,80,82,69,21657.16796875
2022-06-15 14:00:00,41,12,64,37,51,61,73,78,88,84,73,21662.796875
2022-06-15 15:00:00,41,12,62,38,53,63,68,79,88,82,71,21412.92578125
2022-06-15 16:00:00,66,14,61,39,54,58,62,77,94,82,73,21457.5546875
2022-06-15 17:00:00,61,17,59,38,52,61,60,76,98,78,75,21138.8984375
2022-06-15 18:00:00,47,17,51,37,53,60,62,75,94,75,85,22015.80859375
2022-06-15 19:00:00,68,14,52,39,51,61,61,77,96,75,93,22121.60546875
2022-06-15 20:00:00,52,14,56,41,53,72,59,82,94,76,87,21833.0078125
2022-06-15 21:00:00,62,14,53,46,49,66,53,85,98,75,82,22287.30859375
2022-06-15 22:00:00,57,14,51,45,50,68,59,88,99,75,77,22642.671875
2022-06-15 23:00:00,53,12,45,43,43,64,52,86,89,78,75,22626.189453125
2022-06-16 00:00:00,40,9,45,44,42,63,57,82,84,92,71,22727.560546875
2022-06-16 01:00:00,29,8,52,44,43,54,58,87,82,90,64,22868.921875
2022-06-16 02:00:00,45,10,56,44,41,65,65,92,82,97,62,22505.837890625
2022-06-16 03:00:00,25,11,56,43,41,78,62,92,81,89,56,22484.45703125
2022-06-16 04:00:00,37,14,60,39,46,76,76,97,76,88,53,22335.55078125
2022-06-16 05:00:00,43,11,67,34,45,52,69,89,79,85,49,22157.49609375
2022-06-16 06:00:00,50,9,66,31,42,63,79,94,83,79,44,21983.16015625
2022-06-16 07:00:00,42,9,76,29,41,57,87,92,91,79,43,21887.31640625
2022-06-16 08:00:00,40,10,67,29,38,78,86,92,86,74,46,21843.95703125
2022-06-16 09:00:00,58,9,71,28,39,69,86,87,82,71,46,21775.02734375
2022-06-16 10:00:00,44,11,63,28,41,52,73,83,86,68,50,21305.482421875
2022-06-16 11:00:00,49,10,56,30,40,50,65,77,86,70,54,21244.498046875
2022-06-16 12:00:00,38,9,62,31,39,61,68,76,89,74,59,21368.73828125
2022-06-16 13:00:00,51,8,62,34,38,53,71,79,90,78,73,21252.576171875
2022-06-16 14:00:00,39,12,62,38,40,63,70,77,85,81,81,21076.8515625
2022-06-16 15:00:00,47,12,60,39,39,55,63,79,91,79,83,21176.357421875
2022-06-16 16:00:00,49,11,58,39,40,66,57,78,91,78,81,21186.76953125
2022-06-16 17:00:00,51,9,54,39,39,58,59,78,98,75,80,21348.888671875
2022-06-16 18:00:00,58,12,51,38,42,67,57,81,99,71,89,21097.8671875
2022-06-16 19:00:00,61,12,50,36,43,60,55,79,99,68,93,21070.921875
2022-06-16 20:00:00,66,19,52,38,47,62,56,84,97,70,100,21010.453125
2022-06-16 21:00:00,48,17,51,42,49,65,59,90,97,66,90,20882.46484375
2022-06-16 22:00:00,50,18,50,100,45,64,54,86,95,66,85,20722.193359375
2022-06-16 23:00:00,66,16,44,84,50,54,57,93,91,74,80,20435.93359375
2022-06-17 00:00:00,54,15,47,72,43,69,52,96,93,79,72,20568.912109375
2022-06-17 01:00:00,46,11,57,60,44,78,53,98,87,85,68,20853.0
2022-06-17 02:00:00,42,12,55,55,40,59,64,100,83,86,62,20934.87109375
2022-06-17 03:00:00,49,10,55,49,41,65,58,93,75,83,57,20667.640625
2022-06-17 04:00:00,50,11,56,46,43,70,65,93,86,82,54,20600.416015625
2022-06-17 05:00:00,44,11,65,42,46,75,76,88,78,79,51,20874.56640625
2022-06-17 06:00:00,42,8,64,39,41,62,84,91,78,80,47,20923.173828125
2022-06-17 07:00:00,41,7,66,35,38,59,87,91,79,74,45,21154.7890625
2022-06-17 08:00:00,31,5,67,37,36,53,88,92,89,72,46,21233.650390625
2022-06-17 09:00:00,39,6,70,32,37,63,83,86,82,65,46,21093.07421875
2022-06-17 10:00:00,37,7,62,33,38,51,70,80,90,65,48,21089.07421875
2022-06-17 11:00:00,36,6,56,33,36,56,64,71,84,65,51,21157.3125
2022-06-17 12:00:00,37,6,54,35,37,58,63,74,84,69,53,21014.6484375
2022-06-17 13:00:00,39,7,50,40,36,57,62,76,93,72,70,20876.763671875
2022-06-17 14:00:00,45,7,56,41,38,65,64,78,89,75,73,20809.544921875
2022-06-17 15:00:00,41,6,55,42,36,58,58,76,84,72,68,20685.3359375
2022-06-17 16:00:00,45,7,50,40,35,60,53,78,94,72,69,20746.333984375
2022-06-17 17:00:00,46,8,54,38,36,52,56,76,96,70,70,20667.734375
2022-06-17 18:00:00,38,7,48,40,37,57,54,79,99,62,75,20640.169921875
2022-06-17 19:00:00,41,8,46,38,37,62,53,81,97,62,78,20527.6015625
2022-06-17 20:00:00,46,9,46,39,39,56,51,82,99,61,82,20681.0625
2022-06-17 21:00:00,47,7,43,40,40,66,51,87,98,63,80,20681.365234375
2022-06-17 22:00:00,44,9,42,43,38,60,47,85,100,66,77,20583.751953125
2022-06-17 23:00:00,37,9,40,42,36,57,42,84,97,73,74,20515.626953125
2022-06-18 00:00:00,48,7,42,42,35,74,40,82,94,77,67,20736.041015625
2022-06-18 01:00:00,28,8,44,41,37,65,42,85,85,84,62,20582.283203125
2022-06-18 02:00:00,48,8,45,43,36,72,40,83,87,85,59,20475.64453125
2022-06-18 03:00:00,51,8,48,42,37,64,42,81,85,85,56,20480.650390625
2022-06-18 04:00:00,47,8,46,33,35,63,41,73,81,79,48,20479.220703125
2022-06-18 05:00:00,30,6,50,31,34,55,45,73,78,75,43,20503.755859375
2022-06-18 06:00:00,32,8,46,29,35,44,47,71,67,70,41,20438.19921875
2022-06-18 07:00:00,62,25,48,28,56,57,46,73,75,70,38,19499.99609375
2022-06-18 08:00:00,64,32,45,24,53,58,47,68,84,65,42,19288.4609375
2022-06-18 09:00:00,56,23,47,24,52,62,43,72,85,66,36,19167.3203125
2022-06-18 10:00:00,60,18,43,23,46,65,41,62,78,64,36,19461.26953125
2022-06-18 11:00:00,48,16,39,23,47,60,39,64,80,62,38,19424.375
2022-06-18 12:00:00,53,19,38,24,49,57,38,63,87,63,41,19277.1875
2022-06-18 13:00:00,52,18,40,25,47,58,35,65,78,65,43,19197.998046875
2022-06-18 14:00:00,74,15,41,26,47,63,42,67,85,66,46,19230.78515625
2022-06-18 15:00:00,49,17,43,27,47,65,41,68,88,68,50,19100.10546875
2022-06-18 16:00:00,71,22,39,28,50,66,37,72,87,66,52,19075.869140625
2022-06-18 17:00:00,74,21,43,29,51,60,37,72,90,70,54,18936.0234375
2022-06-18 18:00:00,63,30,42,30,60,57,39,73,86,63,59,18667.244140625
2022-06-18 19:00:00,64,34,41,30,66,64,31,77,86,59,62,18311.740234375
2022-06-18 20:00:00,78,52,41,30,77,70,40,77,88,58,64,18090.48828125
2022-06-18 21:00:00,100,45,40,32,67,67,45,81,90,58,62,18700.638671875
2022-06-18 22:00:00,90,27,37,33,55,70,42,84,87,58,65,18719.08984375
2022-06-19 00:00:00,66,21,36,33,46,56,32,78,82,64,59,19109.5234375
