time,Bitcoin,Bitcoin Crash,Blockchain,Crisis,Cryptocurrency,Nicehash,Hashing,GPU,GeForce,mining,Tesla
2022-05-01 00:00:00,0,32,47,67,86,36,22,66,63,64,68
2022-05-01 01:00:00,0,65,34,54,86,18,40,43,63,62,78
2022-05-01 02:00:00,40,34,25,70,87,0,32,60,70,63,64
2022-05-01 03:00:00,81,35,61,51,84,19,24,68,46,68,60
2022-05-01 04:00:00,0,0,37,74,83,20,44,65,44,63,60
2022-05-01 05:00:00,84,0,60,47,85,20,64,74,52,66,51
2022-05-01 06:00:00,39,34,49,44,86,25,28,47,94,51,53
2022-05-01 07:00:00,37,32,72,50,94,30,43,60,66,56,49
2022-05-01 08:00:00,0,61,66,43,81,11,66,67,63,52,50
2022-05-01 09:00:00,0,0,46,40,84,22,37,83,87,69,50
2022-05-01 10:00:00,0,57,29,42,79,21,50,50,76,49,52
2022-05-01 11:00:00,0,0,46,35,67,0,39,51,57,49,46
2022-05-01 12:00:00,57,0,43,32,71,27,40,43,77,46,49
2022-05-01 13:00:00,26,0,55,46,77,37,45,50,40,53,54
2022-05-01 14:00:00,0,0,64,40,75,24,35,64,60,56,57
2022-05-01 15:00:00,24,21,46,50,71,4,26,51,54,60,56
2022-05-01 16:00:00,24,0,52,49,80,16,63,72,79,54,61
2022-05-01 17:00:00,25,0,61,44,74,36,38,68,70,59,62
2022-05-01 18:00:00,78,22,71,54,89,17,30,58,70,51,63
2022-05-01 19:00:00,55,0,61,61,93,22,48,48,83,51,73
2022-05-01 20:00:00,0,51,53,56,100,10,59,69,37,58,77
2022-05-01 21:00:00,0,0,44,67,90,10,42,72,68,60,64
2022-05-01 22:00:00,35,0,56,66,78,17,37,47,59,61,70
2022-05-01 23:00:00,0,0,49,71,69,42,26,67,58,54,73
2022-05-02 00:00:00,37,32,46,68,67,6,47,53,62,82,66
2022-05-02 01:00:00,0,63,49,81,73,29,43,62,84,68,85
2022-05-02 02:00:00,0,0,55,92,75,12,40,75,64,77,73
2022-05-02 03:00:00,0,34,57,82,73,19,84,88,50,79,69
2022-05-02 04:00:00,40,0,53,60,77,13,61,70,46,80,60
2022-05-02 05:00:00,0,0,59,64,81,25,68,97,49,71,55
2022-05-02 06:00:00,0,0,57,56,83,29,83,85,45,67,45
2022-05-02 07:00:00,100,0,74,43,82,5,54,77,42,63,53
2022-05-02 08:00:00,0,27,67,29,66,0,48,59,56,47,54
2022-05-02 09:00:00,30,0,55,45,76,10,66,50,59,57,59
2022-05-02 10:00:00,58,0,74,43,72,19,44,62,63,51,55
2022-05-02 11:00:00,0,0,44,33,71,25,70,64,49,61,63
2022-05-02 12:00:00,0,21,64,47,72,27,73,40,50,65,68
2022-05-02 13:00:00,0,19,74,68,72,25,49,67,82,70,78
2022-05-02 14:00:00,0,0,45,51,72,14,59,65,84,76,89
2022-05-02 15:00:00,22,0,63,76,79,28,60,66,74,65,83
2022-05-02 16:00:00,22,0,67,70,77,28,46,71,63,65,86
2022-05-02 17:00:00,0,19,74,81,78,14,47,62,54,65,86
2022-05-02 18:00:00,0,20,43,76,79,4,52,60,63,64,92
2022-05-02 19:00:00,0,21,63,82,88,20,60,83,56,62,91
2022-05-02 20:00:00,0,0,59,65,84,13,34,63,58,66,97
2022-05-02 21:00:00,31,0,68,75,100,20,40,73,71,69,93
2022-05-02 22:00:00,33,29,65,89,89,21,98,46,73,70,86
2022-05-02 23:00:00,0,0,54,78,82,23,75,67,48,67,82
2022-05-03 00:00:00,0,0,58,86,63,28,52,52,50,74,72
2022-05-03 01:00:00,0,0,70,76,81,28,44,95,39,82,71
2022-05-03 02:00:00,74,32,69,100,82,6,43,81,58,76,64
2022-05-03 03:00:00,77,0,38,72,74,19,72,70,48,70,72
2022-05-03 04:00:00,40,34,53,77,65,6,97,87,45,74,55
2022-05-03 05:00:00,0,0,47,45,82,18,26,59,35,59,61
2022-05-03 06:00:00,0,30,49,52,70,28,93,50,47,62,58
2022-05-03 07:00:00,0,0,59,44,79,11,81,83,55,65,56
2022-05-03 08:00:00,0,0,83,37,77,10,65,68,75,59,54
2022-05-03 09:00:00,0,0,61,37,87,24,59,71,56,54,53
2022-05-03 10:00:00,28,0,63,41,75,18,36,60,50,65,55
2022-05-03 11:00:00,0,0,53,56,67,28,47,53,71,60,60
2022-05-03 12:00:00,0,0,54,60,76,19,47,71,71,56,62
2022-05-03 13:00:00,22,0,89,65,68,28,56,66,71,72,79
2022-05-03 14:00:00,0,0,63,81,76,20,42,62,66,71,84
2022-05-03 15:00:00,20,17,59,77,73,20,57,75,63,62,84
2022-05-03 16:00:00,0,0,61,65,72,28,53,70,49,59,82
2022-05-03 17:00:00,20,0,76,74,73,35,68,58,100,69,85
2022-05-03 18:00:00,0,17,67,70,73,13,50,64,87,72,83
2022-05-03 19:00:00,42,18,72,70,84,7,39,61,57,62,80
2022-05-03 20:00:00,23,19,46,69,84,26,88,68,76,72,91
2022-05-03 21:00:00,26,22,56,78,87,29,58,84,68,76,85
2022-05-03 22:00:00,0,76,37,82,78,24,48,74,89,76,86
2022-05-03 23:00:00,0,54,67,91,75,10,41,83,66,73,76
2022-05-04 00:00:00,0,0,45,79,67,27,56,73,71,74,62
2022-05-04 01:00:00,0,0,63,90,71,38,48,70,74,72,69
2022-05-04 02:00:00,0,30,50,87,76,34,62,99,85,100,65
2022-05-04 03:00:00,0,0,50,75,76,36,53,75,63,80,65
2022-05-04 04:00:00,38,0,54,42,73,37,80,64,71,63,58
2022-05-04 05:00:00,0,0,80,54,64,0,59,68,49,61,59
2022-05-04 06:00:00,0,0,71,38,66,16,62,77,35,58,54
2022-05-04 07:00:00,0,0,71,43,77,5,32,62,61,63,50
2022-05-04 08:00:00,0,0,65,47,59,15,82,59,89,67,46
2022-05-04 09:00:00,29,0,75,55,74,19,91,87,51,58,51
2022-05-04 10:00:00,0,0,67,45,70,4,47,68,54,61,50
2022-05-04 11:00:00,0,0,78,47,72,12,51,58,66,60,59
2022-05-04 12:00:00,0,0,58,64,68,11,63,57,64,63,56
2022-05-04 13:00:00,0,0,91,64,59,20,57,62,82,65,69
2022-05-04 14:00:00,21,19,66,57,67,23,76,56,81,71,82
2022-05-04 15:00:00,0,0,82,70,70,20,72,61,58,81,72
2022-05-04 16:00:00,0,0,60,66,68,28,73,63,59,79,79
2022-05-04 17:00:00,22,0,52,72,69,29,63,55,85,69,76
2022-05-04 18:00:00,46,21,66,71,86,15,40,76,68,56,81
2022-05-04 19:00:00,23,0,74,79,90,11,60,53,49,57,82
2022-05-04 20:00:00,0,0,45,74,75,28,32,70,72,52,94
2022-05-04 21:00:00,0,26,53,61,83,18,62,59,61,53,83
2022-05-04 22:00:00,0,0,42,82,84,37,39,87,59,66,83
2022-05-04 23:00:00,35,0,64,81,80,17,25,71,48,80,83
2022-05-05 00:00:00,0,0,47,70,78,6,28,63,65,74,68
2022-05-05 01:00:00,35,0,66,74,76,0,65,96,51,73,65
2022-05-05 02:00:00,0,33,61,74,75,23,63,58,34,80,66
2022-05-05 03:00:00,0,34,100,74,72,12,69,100,58,81,66
2022-05-05 04:00:00,0,0,83,60,78,24,78,77,55,76,54
2022-05-05 05:00:00,35,0,73,52,73,23,54,73,34,83,54
2022-05-05 06:00:00,0,0,76,44,73,10,53,75,54,55,49
2022-05-05 07:00:00,31,0,63,41,80,10,100,71,45,72,46
2022-05-05 08:00:00,0,0,69,41,61,14,79,69,50,69,49
2022-05-05 09:00:00,29,26,54,41,81,0,81,80,52,48,48
2022-05-05 10:00:00,0,0,56,45,73,35,60,63,66,55,47
2022-05-05 11:00:00,0,22,72,57,79,16,71,53,66,72,59
2022-05-05 12:00:00,0,0,60,55,77,17,83,70,57,75,59
2022-05-05 13:00:00,0,0,74,64,68,35,57,66,54,70,73
2022-05-05 14:00:00,19,0,67,62,67,25,79,64,49,68,91
2022-05-05 15:00:00,0,17,97,70,83,9,47,66,62,64,90
2022-05-05 16:00:00,0,71,73,65,88,25,52,77,72,75,88
2022-05-05 17:00:00,20,36,69,70,86,10,88,72,85,73,82
2022-05-05 18:00:00,0,19,44,63,92,30,43,45,89,62,90
2022-05-05 19:00:00,22,100,57,73,99,10,43,77,71,64,100
2022-05-05 20:00:00,94,22,72,74,91,19,58,57,96,75,98
2022-05-05 21:00:00,53,0,52,82,84,25,40,85,81,82,98
2022-05-05 22:00:00,0,56,60,79,87,20,71,84,70,75,83
2022-05-05 23:00:00,33,90,65,82,79,32,61,72,76,71,83
2022-05-06 00:00:00,32,29,43,90,74,20,56,58,44,76,71
2022-05-06 01:00:00,0,0,60,87,74,10,75,90,64,95,75
2022-05-06 02:00:00,34,31,69,81,65,16,63,86,85,90,65
2022-05-06 03:00:00,0,0,70,72,82,12,78,70,55,73,71
2022-05-06 04:00:00,0,35,65,74,80,24,53,81,60,65,58
2022-05-06 05:00:00,0,32,89,39,71,28,50,82,56,69,59
2022-05-06 06:00:00,33,60,70,48,71,16,95,73,48,69,50
2022-05-06 07:00:00,0,57,87,50,79,25,76,55,59,68,54
2022-05-06 08:00:00,0,0,99,39,72,15,89,74,58,58,51
2022-05-06 09:00:00,0,0,82,47,81,28,70,45,51,59,53
2022-05-06 10:00:00,0,0,82,39,75,22,77,68,70,62,53
2022-05-06 11:00:00,50,23,65,58,67,8,65,55,45,52,61
2022-05-06 12:00:00,47,43,61,48,74,26,60,73,74,68,67
2022-05-06 13:00:00,42,19,72,58,73,17,57,65,71,65,79
2022-05-06 14:00:00,0,39,72,59,63,24,45,44,67,69,91
2022-05-06 15:00:00,0,0,72,78,72,10,56,60,53,67,83
2022-05-06 16:00:00,23,21,63,63,72,22,56,64,84,60,76
2022-05-06 17:00:00,0,0,73,67,78,11,51,64,83,63,85
2022-05-06 18:00:00,0,23,64,66,85,16,61,59,57,54,83
2022-05-06 19:00:00,0,0,45,75,76,17,53,70,81,55,90
2022-05-06 20:00:00,29,0,60,68,90,19,64,58,94,63,94
2022-05-06 21:00:00,32,30,93,56,76,26,53,51,68,52,95
2022-05-06 22:00:00,36,0,51,68,69,11,50,63,49,61,93
2022-05-06 23:00:00,0,0,61,53,76,0,49,62,64,62,72
2022-05-07 00:00:00,38,0,31,63,75,0,22,69,40,63,84
2022-05-07 01:00:00,0,0,75,78,67,12,36,48,52,63,67
2022-05-07 02:00:00,0,0,52,50,71,25,31,72,57,84,58
2022-05-07 03:00:00,0,36,50,61,72,38,37,47,37,56,64
2022-05-07 04:00:00,0,0,36,69,66,6,28,63,68,57,60
2022-05-07 05:00:00,0,0,81,69,78,19,46,86,74,79,55
2022-05-07 06:00:00,37,0,79,39,75,12,38,62,46,68,48
2022-05-07 07:00:00,35,0,67,43,82,11,58,85,60,63,46
2022-05-07 08:00:00,35,32,47,34,70,17,44,89,62,58,47
2022-05-07 09:00:00,0,0,47,37,66,21,23,72,76,56,42
2022-05-07 10:00:00,0,0,77,41,67,40,26,55,80,65,44
2022-05-07 11:00:00,0,0,50,43,64,19,48,46,62,54,44
2022-05-07 12:00:00,0,0,46,27,64,35,35,76,77,60,47
2022-05-07 13:00:00,25,0,59,33,67,49,36,59,75,53,44
2022-05-07 14:00:00,25,0,58,40,56,39,35,77,44,59,53
2022-05-07 15:00:00,0,22,45,40,65,89,39,71,76,59,58
2022-05-07 16:00:00,0,0,35,45,68,100,34,56,53,53,55
2022-05-07 17:00:00,24,0,48,45,64,54,45,64,71,49,59
2022-05-07 18:00:00,0,0,54,61,58,71,30,68,68,54,63
2022-05-07 19:00:00,0,0,28,56,55,63,49,57,62,53,65
2022-05-07 20:00:00,0,0,40,56,68,76,56,39,87,50,64
2022-05-07 21:00:00,0,61,42,46,75,74,27,81,77,44,72
2022-05-07 22:00:00,0,34,30,55,80,47,21,78,62,42,67
2022-05-07 23:00:00,0,0,90,48,70,56,36,65,85,46,75
2022-05-08 00:00:00,0,0,49,50,66,43,50,58,57,49,63
2022-05-08 00:00:00,0,0,39,49,18,39,46,54,59,51,58
2022-05-08 01:00:00,0,0,55,56,20,100,26,54,55,73,60
2022-05-08 02:00:00,0,10,48,56,22,96,35,80,34,73,56
2022-05-08 03:00:00,0,5,41,39,22,57,18,65,100,69,54
2022-05-08 04:00:00,0,10,34,52,21,77,28,77,67,62,52
2022-05-08 05:00:00,0,5,22,27,22,70,32,64,40,60,42
2022-05-08 06:00:00,36,5,36,29,24,28,30,49,33,61,46
2022-05-08 07:00:00,34,4,27,30,22,42,36,70,71,72,43
2022-05-08 08:00:00,33,9,65,42,23,35,47,54,65,54,40
2022-05-08 09:00:00,32,0,39,30,21,29,30,52,93,49,41
2022-05-08 10:00:00,0,0,40,36,23,33,55,60,79,48,41
2022-05-08 11:00:00,0,0,39,27,16,35,61,52,60,69,42
2022-05-08 12:00:00,0,3,38,39,19,52,50,42,55,67,43
2022-05-08 13:00:00,24,0,42,32,20,49,32,52,48,65,50
2022-05-08 14:00:00,0,0,38,48,18,44,25,62,66,64,45
2022-05-08 15:00:00,23,3,33,51,19,17,46,61,74,67,48
2022-05-08 16:00:00,23,0,40,43,20,42,22,76,72,59,51
2022-05-08 17:00:00,23,12,33,50,23,46,33,62,78,57,55
2022-05-08 18:00:00,0,3,46,57,22,34,38,53,68,58,58
2022-05-08 19:00:00,26,7,28,44,22,28,28,68,66,63,62
2022-05-08 20:00:00,56,4,24,57,23,52,33,51,65,58,63
2022-05-08 21:00:00,0,4,43,64,22,57,30,39,83,63,58
2022-05-08 22:00:00,0,5,28,48,23,16,33,57,45,67,62
2022-05-08 23:00:00,37,0,43,70,20,11,13,58,60,57,66
2022-05-09 00:00:00,73,9,24,60,18,22,30,68,88,74,69
2022-05-09 01:00:00,0,0,55,68,20,32,33,60,48,91,60
2022-05-09 02:00:00,0,5,41,73,25,33,47,76,66,92,56
2022-05-09 03:00:00,37,24,45,61,25,45,61,77,59,100,55
2022-05-09 04:00:00,0,5,60,71,23,33,82,79,29,91,54
2022-05-09 05:00:00,34,0,42,49,25,26,93,78,59,81,43
2022-05-09 06:00:00,0,20,68,55,26,32,51,89,70,51,38
2022-05-09 07:00:00,0,8,69,42,25,44,76,88,60,75,40
2022-05-09 08:00:00,28,11,64,43,24,34,89,90,55,82,45
2022-05-09 09:00:00,0,4,51,50,21,29,80,52,69,65,50
2022-05-09 10:00:00,26,14,58,34,27,28,43,100,42,71,52
2022-05-09 11:00:00,0,27,49,63,28,18,28,61,40,75,54
2022-05-09 12:00:00,0,11,53,56,29,16,67,48,73,72,61
2022-05-09 13:00:00,0,3,59,76,27,30,40,41,60,69,70
2022-05-09 14:00:00,0,8,52,74,24,15,59,50,62,77,81
2022-05-09 15:00:00,60,21,42,65,28,18,47,54,65,73,81
2022-05-09 16:00:00,0,13,44,76,31,34,60,49,56,75,79
2022-05-09 17:00:00,21,25,40,81,38,39,62,43,83,62,80
2022-05-09 18:00:00,66,20,53,66,42,37,26,62,49,63,83
2022-05-09 19:00:00,0,24,51,77,47,21,54,56,78,69,96
2022-05-09 20:00:00,25,36,46,62,41,23,66,64,64,74,96
2022-05-09 21:00:00,0,31,47,92,42,31,49,64,82,70,98
2022-05-09 22:00:00,66,13,36,70,38,41,20,78,92,60,83
2022-05-09 23:00:00,0,32,58,94,37,32,50,52,61,84,78
2022-05-10 00:00:00,0,22,30,79,46,26,32,68,79,82,77
2022-05-10 01:00:00,100,13,43,91,36,25,67,70,27,88,69
2022-05-10 02:00:00,34,9,63,83,35,26,32,77,58,88,64
2022-05-10 03:00:00,0,23,43,79,34,43,62,82,77,86,69
2022-05-10 04:00:00,0,9,63,65,38,37,91,65,20,73,59
2022-05-10 05:00:00,65,4,50,51,30,35,58,59,60,90,55
2022-05-10 06:00:00,30,12,61,70,33,23,75,71,70,70,50
2022-05-10 07:00:00,0,11,76,43,28,8,49,81,83,72,47
2022-05-10 08:00:00,0,4,68,42,27,21,79,62,64,72,53
2022-05-10 09:00:00,26,14,40,48,25,16,100,49,46,65,49
2022-05-10 10:00:00,0,0,63,53,26,23,52,56,30,69,55
2022-05-10 11:00:00,0,15,57,44,27,28,55,59,59,74,54
2022-05-10 12:00:00,0,8,48,59,26,22,53,45,66,62,62
2022-05-10 13:00:00,37,2,57,69,24,20,68,79,64,82,65
2022-05-10 14:00:00,0,5,69,59,25,16,67,54,70,73,82
2022-05-10 15:00:00,54,12,57,86,26,30,79,78,75,77,83
2022-05-10 16:00:00,18,5,63,82,26,36,35,77,78,72,82
2022-05-10 17:00:00,0,7,56,81,26,28,42,68,60,68,75
2022-05-10 18:00:00,39,0,56,89,24,18,42,63,77,70,76
2022-05-10 19:00:00,40,11,65,76,27,22,36,71,54,68,85
2022-05-10 20:00:00,44,12,43,100,27,40,58,66,64,72,90
2022-05-10 21:00:00,0,20,73,90,35,32,49,81,78,78,85
2022-05-10 22:00:00,0,15,53,94,33,13,49,86,54,79,83
2022-05-10 23:00:00,0,4,34,86,26,48,41,64,54,74,76
2022-05-11 00:00:00,0,8,67,93,25,9,40,77,68,81,70
2022-05-11 01:00:00,63,0,41,76,23,24,48,55,25,77,67
2022-05-11 02:00:00,0,0,37,80,26,26,48,57,63,87,65
2022-05-11 03:00:00,35,5,72,83,26,26,45,67,16,86,63
2022-05-11 04:00:00,35,5,53,63,31,16,54,76,48,96,45
2022-05-11 05:00:00,0,4,45,66,32,10,39,65,38,80,45
2022-05-11 06:00:00,30,8,65,61,35,18,68,84,31,76,49
2022-05-11 07:00:00,28,4,88,57,45,34,87,70,46,69,41
2022-05-11 08:00:00,0,4,81,47,38,25,52,85,79,81,44
2022-05-11 09:00:00,27,10,61,42,41,32,88,64,46,67,43
2022-05-11 10:00:00,0,10,49,56,37,12,60,53,38,62,52
2022-05-11 11:00:00,0,0,67,56,43,18,66,60,48,71,55
2022-05-11 12:00:00,21,8,56,56,48,16,73,64,63,73,56
2022-05-11 13:00:00,20,45,52,68,68,33,74,64,66,71,74
2022-05-11 14:00:00,60,18,58,65,47,17,65,65,59,77,79
2022-05-11 15:00:00,0,11,57,79,49,28,65,67,85,69,72
2022-05-11 16:00:00,41,14,68,77,48,10,42,52,52,78,74
2022-05-11 17:00:00,22,17,48,83,55,15,49,63,60,71,86
2022-05-11 18:00:00,0,30,58,79,52,11,69,50,93,69,82
2022-05-11 19:00:00,0,34,58,84,70,20,42,54,86,54,96
2022-05-11 20:00:00,0,51,59,72,73,13,55,57,77,70,100
2022-05-11 21:00:00,29,42,43,83,83,10,43,59,50,74,100
2022-05-11 22:00:00,67,27,62,73,70,17,23,64,50,68,94
2022-05-11 23:00:00,34,27,61,98,61,12,43,63,55,87,82
2022-05-12 00:00:00,33,13,33,67,49,17,45,88,54,81,67
2022-05-12 01:00:00,33,13,53,90,49,22,59,59,41,85,65
2022-05-12 02:00:00,34,27,74,89,57,17,65,66,46,73,69
2022-05-12 03:00:00,0,14,37,87,66,29,63,73,76,95,63
2022-05-12 04:00:00,0,64,72,80,85,0,59,72,44,78,60
2022-05-12 05:00:00,0,61,68,56,100,33,97,57,76,84,54
2022-05-12 06:00:00,30,100,65,57,90,20,58,100,84,71,52
2022-05-12 07:00:00,29,53,82,59,87,5,58,96,69,65,46
2022-05-12 08:00:00,0,36,100,54,62,14,78,83,82,84,52
2022-05-12 09:00:00,0,21,86,41,75,18,64,69,96,73,54
2022-05-12 10:00:00,0,40,67,48,72,13,63,71,70,66,54
2022-05-12 11:00:00,0,24,57,52,68,23,46,82,76,59,56
2022-05-12 12:00:00,21,28,61,52,70,7,53,64,59,70,67
2022-05-12 13:00:00,20,24,79,65,68,24,66,52,62,75,90
2022-05-12 14:00:00,60,32,50,80,68,30,79,69,90,79,89
2022-05-12 15:00:00,21,16,53,63,65,28,61,71,67,62,88
2022-05-12 16:00:00,64,42,77,75,63,25,67,75,58,76,85
2022-05-12 17:00:00,22,23,87,77,61,11,53,81,89,73,82
2022-05-12 18:00:00,23,48,78,73,57,12,59,64,92,66,85
2022-05-12 19:00:00,24,50,55,78,64,8,53,60,54,59,92
2022-05-12 20:00:00,74,29,61,71,66,25,64,73,90,61,94
2022-05-12 21:00:00,29,27,54,77,68,24,46,71,87,67,85
2022-05-12 22:00:00,33,26,37,82,71,33,30,86,87,81,85
2022-05-12 23:00:00,0,27,61,83,63,12,66,65,51,55,84
2022-05-13 00:00:00,33,18,38,91,65,0,56,77,76,93,70
2022-05-13 01:00:00,33,17,58,82,69,17,74,72,68,82,67
2022-05-13 02:00:00,34,36,53,86,67,11,61,81,66,83,67
2022-05-13 03:00:00,0,41,57,82,71,6,39,53,64,96,72
2022-05-13 04:00:00,0,28,65,59,70,6,75,77,85,69,53
2022-05-13 05:00:00,0,22,57,60,70,17,60,75,57,77,52
2022-05-13 06:00:00,0,24,87,60,65,10,52,73,77,76,40
2022-05-13 07:00:00,29,23,71,47,60,29,90,79,66,84,39
2022-05-13 08:00:00,57,15,80,48,55,47,76,62,78,66,46
2022-05-13 09:00:00,0,11,82,49,56,14,55,66,59,55,52
2022-05-13 10:00:00,52,7,74,45,58,13,58,65,80,63,65
2022-05-13 11:00:00,0,16,41,53,50,16,54,76,91,63,69
2022-05-13 12:00:00,22,23,69,61,54,15,50,77,71,64,72
2022-05-13 13:00:00,21,19,80,71,48,7,51,66,59,54,79
2022-05-13 14:00:00,0,16,68,73,48,10,39,65,56,83,91
2022-05-13 15:00:00,42,17,50,71,49,25,45,59,67,55,85
2022-05-13 16:00:00,0,6,65,58,50,11,69,72,70,76,85
2022-05-13 17:00:00,69,6,60,63,49,12,29,67,92,62,82
2022-05-13 18:00:00,48,13,55,74,49,28,30,50,83,59,84
2022-05-13 19:00:00,26,17,46,62,47,9,55,54,65,56,91
2022-05-13 20:00:00,29,19,65,56,55,29,58,44,72,49,95
2022-05-13 21:00:00,0,25,50,71,50,43,40,78,92,62,83
2022-05-13 22:00:00,0,23,48,70,52,12,52,67,73,53,87
2022-05-13 23:00:00,0,10,47,73,50,25,50,72,63,62,87
2022-05-14 00:00:00,37,19,58,54,45,25,29,54,51,55,68
2022-05-14 01:00:00,37,29,44,56,43,18,62,69,75,67,78
2022-05-14 02:00:00,0,5,36,60,45,18,45,56,59,74,57
2022-05-14 03:00:00,37,5,48,42,46,19,51,68,77,64,59
2022-05-14 04:00:00,0,5,52,65,46,13,22,97,67,80,48
2022-05-14 05:00:00,0,5,45,46,46,13,51,48,69,70,51
2022-05-14 06:00:00,35,14,60,47,49,24,59,51,64,59,46
2022-05-14 07:00:00,0,13,49,46,46,33,34,67,38,65,45
2022-05-14 08:00:00,0,26,49,35,46,17,49,73,84,64,44
2022-05-14 09:00:00,0,13,47,38,49,16,54,58,66,66,40
2022-05-14 10:00:00,0,8,68,35,51,10,47,40,62,61,40
2022-05-14 11:00:00,0,4,68,47,49,28,28,56,77,51,40
2022-05-14 12:00:00,0,10,49,41,48,13,66,53,85,48,44
2022-05-14 13:00:00,25,13,51,45,43,21,50,57,76,63,42
2022-05-14 14:00:00,24,16,59,50,48,8,51,71,57,54,49
2022-05-14 15:00:00,45,9,51,40,42,19,23,53,83,50,45
2022-05-14 16:00:00,0,19,52,56,42,8,32,45,54,51,51
2022-05-14 17:00:00,0,0,49,51,39,20,41,66,66,44,58
2022-05-14 18:00:00,25,13,36,56,38,30,40,51,75,47,53
2022-05-14 19:00:00,27,11,40,58,42,13,39,62,61,54,60
2022-05-14 20:00:00,29,0,45,51,43,24,46,60,73,53,63
2022-05-14 21:00:00,31,4,45,65,43,11,25,52,79,53,57
2022-05-14 22:00:00,35,9,43,63,45,0,28,63,81,50,55
2022-05-14 23:00:00,37,19,34,50,39,6,29,65,80,53,61
2022-05-15 00:00:00,0,20,34,59,41,19,29,73,64,45,60
2022-05-15 00:00:00,0,56,36,57,98,43,29,74,53,45,46
2022-05-15 01:00:00,0,14,56,61,98,13,33,70,43,75,49
2022-05-15 02:00:00,29,14,59,58,91,26,38,52,64,54,42
2022-05-15 03:00:00,90,0,41,70,98,41,30,70,66,79,42
2022-05-15 04:00:00,0,30,41,60,88,97,44,67,53,95,42
2022-05-15 05:00:00,0,100,57,48,86,53,34,57,51,49,38
2022-05-15 06:00:00,56,13,51,47,90,63,40,59,41,65,33
2022-05-15 07:00:00,0,38,63,45,89,35,26,55,51,61,28
2022-05-15 08:00:00,0,12,49,41,85,23,51,66,47,46,28
2022-05-15 09:00:00,0,36,41,48,85,45,28,54,55,62,28
2022-05-15 10:00:00,23,11,42,38,88,21,23,58,45,60,27
2022-05-15 11:00:00,0,31,42,39,82,19,34,68,42,56,28
2022-05-15 12:00:00,0,39,31,48,74,36,20,49,55,53,31
2022-05-15 13:00:00,0,53,53,45,77,33,61,52,59,49,32
2022-05-15 14:00:00,0,26,60,62,78,72,46,59,63,51,36
2022-05-15 15:00:00,35,17,45,54,78,47,32,56,43,61,36
2022-05-15 16:00:00,0,52,38,54,89,57,36,79,84,53,39
2022-05-15 17:00:00,18,9,40,51,76,73,39,63,53,53,39
2022-05-15 18:00:00,18,27,54,58,80,58,34,67,55,56,42
2022-05-15 19:00:00,19,47,37,52,84,35,36,50,62,46,41
2022-05-15 20:00:00,0,31,67,54,90,29,25,70,45,46,44
2022-05-15 21:00:00,24,12,52,60,100,55,32,56,60,63,45
2022-05-15 22:00:00,26,0,51,68,87,36,56,49,61,72,50
2022-05-15 23:00:00,27,13,32,58,78,99,35,58,34,68,51
2022-05-16 00:00:00,0,0,40,54,72,74,47,86,50,58,45
2022-05-16 01:00:00,0,63,48,60,71,59,37,63,38,62,48
2022-05-16 02:00:00,0,13,61,76,67,12,45,98,68,72,41
2022-05-16 03:00:00,27,13,57,60,66,36,69,60,33,86,38
2022-05-16 04:00:00,0,0,49,75,76,12,53,69,39,83,35
2022-05-16 05:00:00,25,24,100,52,70,34,43,70,53,63,30
2022-05-16 06:00:00,46,23,59,49,70,53,63,51,52,74,28
2022-05-16 07:00:00,22,32,64,46,67,30,72,71,57,55,38
2022-05-16 08:00:00,62,40,42,47,73,56,60,76,36,69,35
2022-05-16 09:00:00,20,0,54,48,68,36,57,55,42,60,41
2022-05-16 10:00:00,20,28,57,54,75,35,84,52,46,54,35
2022-05-16 11:00:00,18,26,48,42,67,40,58,45,63,63,38
2022-05-16 12:00:00,0,16,54,46,72,36,58,65,53,63,41
2022-05-16 13:00:00,0,7,56,76,65,41,74,53,56,64,54
2022-05-16 14:00:00,15,14,64,59,68,53,36,48,47,70,59
2022-05-16 15:00:00,30,22,61,65,74,41,56,79,60,56,59
2022-05-16 16:00:00,30,7,53,67,74,55,72,62,43,65,55
2022-05-16 17:00:00,16,15,61,64,73,65,36,59,47,60,58
2022-05-16 18:00:00,50,33,73,81,81,38,39,57,35,59,59
2022-05-16 19:00:00,52,17,59,74,79,8,47,52,60,57,63
2022-05-16 20:00:00,0,28,63,75,81,35,41,76,54,65,66
2022-05-16 21:00:00,22,22,65,82,91,30,52,71,41,57,66
2022-05-16 22:00:00,100,36,34,79,73,34,54,71,59,77,63
2022-05-16 23:00:00,0,0,51,72,71,24,46,54,62,79,52
2022-05-17 00:00:00,0,38,33,70,75,36,45,70,29,90,54
2022-05-17 01:00:00,0,0,54,64,71,35,88,69,41,83,50
2022-05-17 02:00:00,0,25,41,71,74,59,34,85,48,89,52
2022-05-17 03:00:00,0,78,75,78,66,12,54,72,30,96,48
2022-05-17 04:00:00,0,26,54,65,80,36,58,87,43,86,39
2022-05-17 05:00:00,0,37,78,57,69,23,76,76,34,78,34
2022-05-17 06:00:00,0,0,73,54,72,41,69,78,39,71,40
2022-05-17 07:00:00,0,21,80,49,73,67,61,50,26,79,30
2022-05-17 08:00:00,20,29,86,49,69,27,51,59,34,75,33
2022-05-17 09:00:00,0,9,61,45,72,16,57,84,49,71,35
2022-05-17 10:00:00,0,0,75,46,74,23,54,44,59,73,38
2022-05-17 11:00:00,0,8,60,65,61,63,71,64,46,82,40
2022-05-17 12:00:00,0,21,61,55,66,13,55,61,44,66,43
2022-05-17 13:00:00,27,13,64,68,67,61,62,68,56,83,56
2022-05-17 14:00:00,14,20,58,73,64,55,68,63,63,73,55
2022-05-17 15:00:00,0,7,72,75,66,45,45,69,63,74,55
2022-05-17 16:00:00,14,0,67,71,70,20,37,60,41,82,57
2022-05-17 17:00:00,0,22,70,72,65,14,58,69,48,72,54
2022-05-17 18:00:00,31,0,49,73,64,21,50,77,56,62,56
2022-05-17 19:00:00,18,44,54,83,66,33,39,69,58,64,60
2022-05-17 20:00:00,40,10,71,59,74,18,51,61,42,60,64
2022-05-17 21:00:00,0,45,51,94,83,52,46,82,71,78,59
2022-05-17 22:00:00,26,12,64,80,70,0,59,64,54,60,60
2022-05-17 23:00:00,54,26,54,70,78,12,46,70,66,61,59
2022-05-18 00:00:00,0,0,35,75,64,59,48,46,29,86,53
2022-05-18 01:00:00,0,36,38,88,61,33,25,74,39,79,48
2022-05-18 02:00:00,0,11,62,66,62,42,73,65,40,88,50
2022-05-18 03:00:00,0,23,69,51,65,86,44,73,64,100,46
2022-05-18 04:00:00,0,13,60,68,65,0,70,61,32,86,38
2022-05-18 05:00:00,25,25,74,73,68,23,51,60,44,80,36
2022-05-18 06:00:00,0,0,73,37,62,41,62,72,65,66,34
2022-05-18 07:00:00,0,21,72,73,61,39,100,83,54,73,32
2022-05-18 08:00:00,0,10,86,47,55,57,79,58,78,68,37
2022-05-18 09:00:00,0,0,61,51,65,45,51,58,49,52,32
2022-05-18 10:00:00,0,17,52,62,62,0,72,67,35,52,37
2022-05-18 11:00:00,16,8,57,59,61,36,54,54,49,69,36
2022-05-18 12:00:00,15,14,73,78,66,40,54,73,59,86,43
2022-05-18 13:00:00,14,7,79,73,63,44,56,70,56,76,52
2022-05-18 14:00:00,0,34,57,64,60,38,59,74,37,83,59
2022-05-18 15:00:00,14,28,69,83,65,32,62,68,50,72,64
2022-05-18 16:00:00,15,15,75,69,71,41,41,54,46,80,66
2022-05-18 17:00:00,0,0,61,85,66,35,36,72,65,69,68
2022-05-18 18:00:00,17,16,53,75,69,60,44,50,63,60,72
2022-05-18 19:00:00,38,0,61,85,68,75,54,58,63,57,75
2022-05-18 20:00:00,0,20,56,91,72,37,57,65,50,66,79
2022-05-18 21:00:00,0,22,42,73,74,20,68,58,68,67,78
2022-05-18 22:00:00,24,46,60,81,74,21,58,48,69,68,81
2022-05-18 23:00:00,0,0,69,81,66,37,19,49,33,84,75
2022-05-19 00:00:00,0,27,51,87,63,0,37,91,26,75,74
2022-05-19 01:00:00,0,0,59,85,58,47,58,66,41,96,65
2022-05-19 02:00:00,28,0,38,84,66,86,49,72,49,90,57
2022-05-19 03:00:00,0,41,59,84,59,37,57,54,40,84,56
2022-05-19 04:00:00,28,0,44,69,63,37,45,73,53,67,51
2022-05-19 05:00:00,0,39,60,56,58,36,70,81,42,81,52
2022-05-19 06:00:00,0,24,56,64,67,76,76,55,61,67,45
2022-05-19 07:00:00,0,33,67,49,61,50,95,63,43,68,39
2022-05-19 08:00:00,0,0,65,46,62,51,86,61,60,70,40
2022-05-19 09:00:00,42,21,78,47,62,28,69,44,38,65,40
2022-05-19 10:00:00,0,0,52,53,55,28,67,56,42,67,45
2022-05-19 11:00:00,19,0,54,60,56,34,54,52,27,68,48
2022-05-19 12:00:00,0,8,48,60,58,31,45,54,48,65,54
2022-05-19 13:00:00,0,0,51,67,54,22,42,59,35,73,65
2022-05-19 14:00:00,0,15,59,83,59,28,63,60,46,70,64
2022-05-19 15:00:00,0,8,66,83,54,48,65,75,78,67,67
2022-05-19 16:00:00,0,22,43,68,61,47,41,61,74,66,62
2022-05-19 17:00:00,46,15,52,71,57,41,56,70,97,66,63
2022-05-19 18:00:00,0,23,72,78,57,21,54,57,90,62,61
2022-05-19 19:00:00,17,8,71,72,60,30,41,61,100,63,69
2022-05-19 20:00:00,36,18,49,74,64,57,49,59,98,55,71
2022-05-19 21:00:00,0,0,43,79,71,28,14,64,91,72,64
2022-05-19 22:00:00,24,23,59,87,64,31,41,67,87,65,62
2022-05-19 23:00:00,25,0,34,100,49,11,33,59,59,71,63
2022-05-20 00:00:00,0,0,49,73,55,54,52,73,78,81,56
2022-05-20 01:00:00,23,11,35,82,53,31,51,61,42,87,59
2022-05-20 02:00:00,0,34,41,83,52,31,61,78,45,74,56
2022-05-20 03:00:00,0,24,45,77,54,44,50,89,65,85,50
2022-05-20 04:00:00,0,12,39,78,58,33,44,71,41,74,45
2022-05-20 05:00:00,0,11,73,64,51,21,76,65,84,76,38
2022-05-20 06:00:00,0,10,76,55,57,10,76,67,67,78,39
2022-05-20 07:00:00,0,10,62,54,55,9,57,84,78,67,39
2022-05-20 08:00:00,0,0,82,51,52,9,58,100,92,64,38
2022-05-20 09:00:00,0,0,52,53,52,43,50,80,69,57,38
2022-05-20 10:00:00,0,0,60,44,55,16,67,73,64,55,40
2022-05-20 11:00:00,34,8,44,39,51,23,60,53,61,62,40
2022-05-20 12:00:00,0,8,66,67,55,42,55,65,75,71,46
2022-05-20 13:00:00,15,7,69,57,49,39,50,67,83,64,58
2022-05-20 14:00:00,0,0,75,71,52,26,41,59,61,72,74
2022-05-20 15:00:00,15,0,62,73,45,52,42,61,75,73,82
2022-05-20 16:00:00,15,7,51,69,56,7,38,57,64,61,89
2022-05-20 17:00:00,0,0,43,63,57,35,50,53,69,52,100
2022-05-20 18:00:00,0,8,71,68,62,38,44,51,63,63,95
2022-05-20 19:00:00,36,17,48,63,60,48,32,79,82,58,96
2022-05-20 20:00:00,40,29,48,66,55,18,35,49,64,52,89
2022-05-20 21:00:00,44,11,53,55,55,69,30,78,85,68,84
2022-05-20 22:00:00,49,0,32,66,52,22,63,74,79,62,78
2022-05-20 23:00:00,27,26,32,73,60,83,47,88,67,56,76
2022-05-21 00:00:00,0,13,39,60,56,35,36,73,47,64,71
2022-05-21 01:00:00,0,0,48,57,50,46,42,60,46,78,63
2022-05-21 02:00:00,26,25,50,74,54,58,21,58,78,79,63
2022-05-21 03:00:00,0,13,32,58,50,12,32,65,50,66,60
2022-05-21 04:00:00,0,13,57,56,55,24,51,52,65,61,54
2022-05-21 05:00:00,26,12,40,46,47,23,42,48,52,73,48
2022-05-21 06:00:00,0,12,50,45,47,43,56,57,41,67,42
2022-05-21 07:00:00,0,0,45,42,48,33,57,61,50,69,38
2022-05-21 08:00:00,23,0,69,44,51,52,35,58,73,69,35
2022-05-21 09:00:00,22,0,37,39,50,59,27,51,84,67,38
2022-05-21 10:00:00,0,10,45,40,53,56,29,72,83,63,32
2022-05-21 11:00:00,0,19,42,37,49,26,42,62,73,58,41
2022-05-21 12:00:00,0,9,37,44,49,41,27,68,75,48,40
2022-05-21 13:00:00,0,0,41,46,45,38,30,55,72,67,42
2022-05-21 14:00:00,33,0,46,37,51,59,43,75,60,54,42
2022-05-21 15:00:00,0,16,50,48,43,37,48,50,92,53,44
2022-05-21 16:00:00,17,17,45,45,46,69,44,55,52,63,45
2022-05-21 17:00:00,0,9,40,48,45,40,35,48,74,47,42
2022-05-21 18:00:00,0,0,32,49,48,36,25,57,63,38,53
2022-05-21 19:00:00,22,0,37,50,55,29,33,39,87,38,53
2022-05-21 20:00:00,47,0,32,51,49,21,41,87,79,57,56
2022-05-21 21:00:00,0,12,41,46,49,56,41,87,90,51,60
2022-05-21 22:00:00,56,41,39,58,49,100,34,67,91,63,57
2022-05-21 23:00:00,0,28,42,58,56,51,39,47,52,53,61
2022-05-22 00:00:00,0,29,36,51,44,53,24,70,97,58,55
2022-05-22 00:00:00,0,82,45,56,62,64,26,74,100,63,70
2022-05-22 01:00:00,0,78,22,61,62,46,21,62,47,54,64
2022-05-22 02:00:00,100,40,35,74,71,64,31,74,56,60,72
2022-05-22 03:00:00,0,0,42,61,59,16,27,48,45,68,53
2022-05-22 04:00:00,0,84,40,69,76,17,51,64,47,74,51
2022-05-22 05:00:00,0,0,59,62,72,65,50,93,95,62,49
2022-05-22 06:00:00,0,38,65,46,71,75,63,53,63,83,47
2022-05-22 07:00:00,44,36,65,68,79,57,40,57,60,64,49
2022-05-22 08:00:00,0,35,60,49,71,55,50,66,51,61,42
2022-05-22 09:00:00,41,0,45,65,68,40,44,61,59,57,37
2022-05-22 10:00:00,40,0,46,49,78,38,32,57,86,56,41
2022-05-22 11:00:00,0,30,43,42,68,48,40,55,75,62,44
2022-05-22 12:00:00,35,0,51,54,83,33,31,67,47,65,47
2022-05-22 13:00:00,0,0,37,46,70,10,40,64,53,64,45
2022-05-22 14:00:00,30,24,69,45,69,19,45,53,65,57,49
2022-05-22 15:00:00,29,24,40,56,63,28,44,60,63,61,53
2022-05-22 16:00:00,0,46,37,53,65,55,31,76,49,54,55
2022-05-22 17:00:00,29,24,38,46,73,28,47,76,63,65,61
2022-05-22 18:00:00,32,0,47,57,72,31,52,56,70,60,62
2022-05-22 19:00:00,0,27,47,63,79,54,57,67,40,52,70
2022-05-22 20:00:00,0,58,45,76,78,58,45,83,70,54,59
2022-05-22 21:00:00,83,0,32,82,84,27,59,75,72,65,67
2022-05-22 22:00:00,0,0,59,81,80,29,41,63,58,71,68
2022-05-22 23:00:00,0,0,56,82,72,62,30,70,47,64,79
2022-05-23 00:00:00,0,0,43,93,76,15,25,69,49,63,67
2022-05-23 01:00:00,0,71,54,76,69,42,39,52,26,81,61
2022-05-23 02:00:00,0,36,51,100,65,71,28,100,67,95,65
2022-05-23 03:00:00,0,0,81,74,75,0,41,61,44,80,60
2022-05-23 04:00:00,0,73,66,56,69,73,57,77,54,88,52
2022-05-23 05:00:00,0,0,69,64,80,14,46,46,26,77,45
2022-05-23 06:00:00,0,31,62,50,75,86,62,67,46,78,47
2022-05-23 07:00:00,0,58,75,60,73,57,61,75,35,68,44
2022-05-23 08:00:00,0,0,68,41,76,23,82,76,29,69,45
2022-05-23 09:00:00,0,0,74,45,78,55,61,53,61,67,49
2022-05-23 10:00:00,0,0,96,47,77,21,67,45,49,66,50
2022-05-23 11:00:00,30,24,62,45,77,57,63,65,62,62,49
2022-05-23 12:00:00,0,0,61,62,71,26,47,69,47,69,58
2022-05-23 13:00:00,26,0,52,78,76,17,79,48,62,71,79
2022-05-23 14:00:00,0,21,63,66,74,66,69,81,65,66,83
2022-05-23 15:00:00,26,0,72,68,79,34,54,69,73,78,84
2022-05-23 16:00:00,54,0,71,70,83,44,63,61,71,65,78
2022-05-23 17:00:00,0,23,50,77,81,9,63,59,62,76,79
2022-05-23 18:00:00,29,0,61,81,86,9,26,62,59,65,82
2022-05-23 19:00:00,0,0,55,54,84,99,58,73,49,58,85
2022-05-23 20:00:00,0,28,58,68,77,55,80,79,67,59,91
2022-05-23 21:00:00,0,32,70,85,85,38,28,75,62,76,86
2022-05-23 22:00:00,0,0,55,83,80,43,40,80,64,76,90
2022-05-23 23:00:00,0,0,62,97,80,60,38,60,63,90,83
2022-05-24 00:00:00,0,37,63,92,76,73,20,63,58,88,83
2022-05-24 01:00:00,0,35,71,88,73,0,54,58,55,82,76
2022-05-24 02:00:00,0,0,59,73,79,14,48,80,40,97,71
2022-05-24 03:00:00,0,37,78,84,69,30,37,76,59,95,61
2022-05-24 04:00:00,0,0,76,65,80,43,40,78,47,73,59
2022-05-24 05:00:00,0,35,83,67,81,55,62,79,58,78,52
2022-05-24 06:00:00,39,31,63,53,68,37,77,72,41,87,51
2022-05-24 07:00:00,0,30,94,53,66,47,89,85,55,70,46
2022-05-24 08:00:00,0,0,88,59,71,11,86,79,51,56,47
2022-05-24 09:00:00,69,0,64,52,78,55,83,76,36,84,44
2022-05-24 10:00:00,33,0,67,60,74,0,60,63,47,69,54
2022-05-24 11:00:00,30,24,65,51,69,48,59,67,66,62,54
2022-05-24 12:00:00,27,21,80,54,67,26,88,54,46,71,57
2022-05-24 13:00:00,0,21,50,71,77,58,58,60,51,70,71
2022-05-24 14:00:00,0,41,71,70,73,49,80,60,61,77,90
2022-05-24 15:00:00,0,0,55,77,72,51,33,71,53,58,86
2022-05-24 16:00:00,0,44,69,68,69,78,78,56,67,80,79
2022-05-24 17:00:00,0,46,70,85,73,18,58,67,55,71,78
2022-05-24 18:00:00,0,47,81,69,73,46,52,52,69,78,89
2022-05-24 19:00:00,31,100,45,86,80,30,47,65,74,64,95
2022-05-24 20:00:00,0,28,53,80,84,22,56,65,65,65,97
2022-05-24 21:00:00,0,63,51,94,76,25,66,93,44,68,100
2022-05-24 22:00:00,44,0,78,79,80,42,62,60,62,73,96
2022-05-24 23:00:00,0,0,56,92,58,15,37,77,62,65,87
2022-05-25 00:00:00,0,0,67,83,63,84,58,78,59,77,77
2022-05-25 01:00:00,0,34,52,87,65,41,60,63,47,78,62
2022-05-25 02:00:00,0,35,66,91,69,83,61,90,58,100,62
2022-05-25 03:00:00,0,74,60,91,75,0,45,84,55,91,72
2022-05-25 04:00:00,0,37,56,76,60,44,69,42,37,81,53
2022-05-25 05:00:00,0,35,79,68,73,14,72,63,51,70,45
2022-05-25 06:00:00,39,32,93,54,66,100,70,82,35,87,46
2022-05-25 07:00:00,0,60,77,63,64,12,59,70,36,79,51
2022-05-25 08:00:00,37,0,90,55,59,47,72,84,68,66,46
2022-05-25 09:00:00,0,0,88,63,75,11,74,53,49,70,52
2022-05-25 10:00:00,0,0,75,51,75,32,48,60,48,63,54
2022-05-25 11:00:00,0,0,74,61,68,29,51,46,49,69,61
2022-05-25 12:00:00,54,66,69,62,63,35,53,57,69,68,58
2022-05-25 13:00:00,25,0,97,66,66,45,52,85,66,62,73
2022-05-25 14:00:00,0,0,53,67,71,53,52,49,56,75,86
2022-05-25 15:00:00,0,24,72,75,64,46,31,58,43,73,81
2022-05-25 16:00:00,0,0,65,68,61,37,50,72,45,79,78
2022-05-25 17:00:00,0,0,63,82,69,47,54,56,76,67,73
2022-05-25 18:00:00,28,25,55,77,69,20,64,70,55,74,76
2022-05-25 19:00:00,0,0,75,66,69,53,52,74,66,67,84
2022-05-25 20:00:00,33,31,79,96,81,48,59,76,56,68,99
2022-05-25 21:00:00,0,0,92,95,83,79,65,64,52,77,82
2022-05-25 22:00:00,0,38,95,79,68,59,31,79,36,55,81
2022-05-25 23:00:00,0,0,57,79,70,30,63,70,57,76,74
2022-05-26 00:00:00,0,0,55,75,70,15,38,76,46,81,73
2022-05-26 01:00:00,0,0,54,99,72,43,49,54,64,79,64
2022-05-26 02:00:00,0,39,72,75,65,30,51,88,64,93,66
2022-05-26 03:00:00,0,40,68,84,75,62,56,67,59,81,60
2022-05-26 04:00:00,44,0,52,88,78,48,70,80,70,96,51
2022-05-26 05:00:00,0,0,78,70,77,75,62,78,43,85,49
2022-05-26 06:00:00,38,70,73,53,79,0,88,71,45,77,44
2022-05-26 07:00:00,0,33,93,52,71,90,100,74,40,75,43
2022-05-26 08:00:00,0,0,84,61,82,38,98,60,64,62,56
2022-05-26 09:00:00,34,0,100,50,77,24,44,75,43,66,44
2022-05-26 10:00:00,64,0,66,48,65,34,56,66,30,67,48
2022-05-26 11:00:00,0,27,84,57,76,10,75,88,74,64,51
2022-05-26 12:00:00,56,0,51,68,80,10,54,53,57,70,56
2022-05-26 13:00:00,0,48,75,70,81,37,75,61,66,80,77
2022-05-26 14:00:00,0,0,69,72,69,18,57,75,53,71,77
2022-05-26 15:00:00,0,24,70,91,80,9,56,58,43,76,84
2022-05-26 16:00:00,0,25,82,79,82,19,50,63,51,74,76
2022-05-26 17:00:00,28,0,76,80,84,40,44,66,60,61,81
2022-05-26 18:00:00,29,0,63,77,83,52,51,76,69,65,81
2022-05-26 19:00:00,0,28,52,78,81,54,51,63,67,67,84
2022-05-26 20:00:00,34,0,55,77,97,0,47,80,48,67,98
2022-05-26 21:00:00,76,0,56,95,86,55,81,83,72,73,90
2022-05-26 22:00:00,0,0,74,98,84,45,69,75,56,74,77
2022-05-26 23:00:00,0,40,48,71,87,16,57,62,55,70,78
2022-05-27 00:00:00,0,78,66,80,76,0,31,67,50,74,69
2022-05-27 01:00:00,0,38,54,69,77,0,64,78,42,77,64
2022-05-27 02:00:00,42,0,69,70,98,45,59,65,33,95,68
2022-05-27 03:00:00,0,0,58,74,91,47,53,86,59,94,57
2022-05-27 04:00:00,45,0,66,86,72,80,50,76,50,91,54
2022-05-27 05:00:00,43,0,76,59,94,15,67,66,68,81,48
2022-05-27 06:00:00,0,0,76,48,85,0,56,81,57,70,45
2022-05-27 07:00:00,72,0,72,47,80,65,70,84,57,75,47
2022-05-27 08:00:00,0,32,85,54,79,50,71,74,47,70,51
2022-05-27 09:00:00,0,0,76,35,81,24,54,62,43,69,48
2022-05-27 10:00:00,0,0,67,42,76,12,39,77,38,65,48
2022-05-27 11:00:00,0,0,75,48,72,21,61,49,59,63,52
2022-05-27 12:00:00,0,0,82,51,75,30,49,57,48,67,59
2022-05-27 13:00:00,0,0,77,54,70,86,44,68,48,56,66
2022-05-27 14:00:00,26,24,75,61,66,65,38,62,55,72,79
2022-05-27 15:00:00,26,0,52,60,67,37,43,57,31,68,82
2022-05-27 16:00:00,0,50,64,68,69,48,47,63,55,60,77
2022-05-27 17:00:00,28,26,43,58,68,40,49,53,70,64,78
2022-05-27 18:00:00,0,55,49,51,80,43,28,68,47,69,84
2022-05-27 19:00:00,0,30,67,55,74,69,48,50,82,70,93
2022-05-27 20:00:00,0,32,56,67,82,37,61,77,52,46,91
2022-05-27 21:00:00,0,36,49,77,78,14,54,44,47,57,89
2022-05-27 22:00:00,0,0,60,80,75,77,32,88,61,70,78
2022-05-27 23:00:00,0,0,74,71,83,49,30,78,62,57,80
2022-05-28 00:00:00,0,42,51,79,76,16,43,42,62,83,70
2022-05-28 01:00:00,91,0,60,78,73,32,34,77,43,71,67
2022-05-28 02:00:00,0,84,37,74,69,49,42,85,58,52,63
2022-05-28 03:00:00,0,43,73,54,71,34,30,55,67,55,59
2022-05-28 04:00:00,48,0,53,76,71,34,53,63,38,73,58
2022-05-28 05:00:00,0,0,68,60,78,0,68,71,40,75,52
2022-05-28 06:00:00,0,0,62,57,79,47,37,63,70,83,41
2022-05-28 07:00:00,42,0,65,39,89,60,62,68,53,69,45
2022-05-28 08:00:00,0,0,45,31,89,15,45,71,39,63,37
2022-05-28 09:00:00,0,0,49,49,89,42,54,43,59,62,47
2022-05-28 10:00:00,0,0,62,49,92,41,32,63,78,59,43
2022-05-28 11:00:00,0,32,64,37,86,62,32,57,47,50,42
2022-05-28 12:00:00,0,0,65,33,82,47,30,62,52,55,47
2022-05-28 13:00:00,0,29,57,33,98,44,37,56,74,60,49
2022-05-28 14:00:00,0,0,58,40,89,22,33,61,62,64,53
2022-05-28 15:00:00,31,0,52,53,100,33,37,79,48,61,54
2022-05-28 16:00:00,0,28,74,56,88,54,34,50,82,56,51
2022-05-28 17:00:00,0,0,50,39,92,33,51,51,41,57,57
2022-05-28 18:00:00,32,29,37,54,86,56,44,47,70,66,53
2022-05-28 19:00:00,0,0,36,43,77,0,34,55,65,43,53
2022-05-28 20:00:00,34,0,40,51,85,36,19,56,54,49,60
2022-05-28 21:00:00,0,0,43,52,77,26,17,76,61,41,50
2022-05-28 22:00:00,0,0,44,67,82,0,24,66,68,55,55
2022-05-28 23:00:00,0,42,64,67,74,82,34,85,65,74,70
2022-05-29 00:00:00,0,0,46,60,71,34,27,74,53,76,61
2022-05-29 00:00:00,0,0,41,59,64,27,27,67,44,72,56
2022-05-29 01:00:00,0,0,37,57,67,51,31,38,36,71,50
2022-05-29 02:00:00,51,57,47,53,65,26,35,55,24,72,46
2022-05-29 03:00:00,0,0,45,65,63,26,32,72,59,68,58
2022-05-29 04:00:00,0,59,43,69,80,13,32,41,35,65,47
2022-05-29 05:00:00,0,0,61,58,75,39,36,58,65,72,42
2022-05-29 06:00:00,0,0,60,36,68,0,38,85,60,68,37
2022-05-29 07:00:00,0,0,76,46,75,23,8,55,48,61,41
2022-05-29 08:00:00,44,49,32,36,57,66,76,70,47,69,37
2022-05-29 09:00:00,0,0,58,29,67,21,33,55,28,62,35
2022-05-29 10:00:00,0,0,56,38,68,41,28,57,63,61,39
2022-05-29 11:00:00,0,0,28,49,56,47,46,61,34,65,38
2022-05-29 12:00:00,0,0,52,36,66,35,40,52,46,63,39
2022-05-29 13:00:00,0,36,54,52,59,41,25,38,40,69,43
2022-05-29 14:00:00,0,69,42,58,61,23,27,50,37,63,39
2022-05-29 15:00:00,0,0,33,41,65,47,40,60,52,54,47
2022-05-29 16:00:00,31,0,50,47,64,39,46,54,53,51,46
2022-05-29 17:00:00,0,0,40,49,59,8,22,46,52,65,43
2022-05-29 18:00:00,33,0,42,60,63,16,45,57,39,55,48
2022-05-29 19:00:00,0,0,61,44,69,44,34,36,44,59,52
2022-05-29 20:00:00,38,0,45,64,68,58,43,51,66,56,51
2022-05-29 21:00:00,0,0,63,67,62,11,30,70,43,60,56
2022-05-29 22:00:00,0,0,43,64,61,35,36,56,52,53,50
2022-05-29 23:00:00,0,0,30,70,52,24,63,59,52,70,52
2022-05-30 00:00:00,0,52,41,66,54,24,20,61,47,80,51
2022-05-30 01:00:00,45,50,53,54,58,56,23,48,43,89,49
2022-05-30 02:00:00,0,99,50,82,64,34,74,50,40,71,49
2022-05-30 03:00:00,0,100,47,78,59,23,74,48,43,99,51
2022-05-30 04:00:00,0,50,81,64,62,34,70,63,32,80,45
2022-05-30 05:00:00,0,48,48,53,57,21,74,54,48,75,44
2022-05-30 06:00:00,0,43,62,44,60,29,50,50,59,71,36
2022-05-30 07:00:00,0,40,44,51,67,72,84,64,28,66,39
2022-05-30 08:00:00,0,0,55,48,77,45,77,65,53,70,44
2022-05-30 09:00:00,34,0,74,40,67,17,68,67,28,64,40
2022-05-30 10:00:00,33,0,51,46,73,42,66,46,35,62,39
2022-05-30 11:00:00,0,0,52,56,60,31,49,39,35,76,40
2022-05-30 12:00:00,58,0,55,51,61,51,53,50,34,68,45
2022-05-30 13:00:00,0,0,70,70,57,48,45,56,47,71,47
2022-05-30 14:00:00,54,0,61,66,64,33,51,55,46,81,53
2022-05-30 15:00:00,0,61,39,73,61,21,31,54,44,70,58
2022-05-30 16:00:00,0,0,46,76,66,36,42,55,62,66,53
2022-05-30 17:00:00,29,0,43,83,71,51,53,44,39,72,51
2022-05-30 18:00:00,0,0,65,86,70,16,59,42,42,62,54
2022-05-30 19:00:00,32,0,46,73,70,49,50,40,75,67,58
2022-05-30 20:00:00,0,0,41,78,80,18,70,48,64,63,62
2022-05-30 21:00:00,0,0,35,81,83,41,74,51,43,69,59
2022-05-30 22:00:00,0,50,28,80,81,45,58,70,27,63,57
2022-05-30 23:00:00,0,0,60,73,72,0,40,62,38,89,61
2022-05-31 00:00:00,0,0,52,100,65,34,39,66,13,93,54
2022-05-31 01:00:00,0,49,46,80,58,44,61,61,42,87,52
2022-05-31 02:00:00,0,0,47,77,56,33,42,70,34,98,48
2022-05-31 03:00:00,46,0,68,91,71,34,67,63,43,90,48
2022-05-31 04:00:00,0,0,85,62,69,12,68,51,27,83,44
2022-05-31 05:00:00,0,0,61,46,80,22,64,74,23,79,39
2022-05-31 06:00:00,39,43,55,58,73,20,67,52,28,86,39
2022-05-31 07:00:00,73,40,79,47,73,73,79,62,24,83,41
2022-05-31 08:00:00,0,0,55,50,60,18,93,83,55,73,41
2022-05-31 09:00:00,0,38,79,48,70,17,57,80,49,63,43
2022-05-31 10:00:00,0,37,68,48,69,100,49,61,33,73,41
2022-05-31 11:00:00,0,0,48,58,67,68,52,53,30,61,47
2022-05-31 12:00:00,0,0,42,52,70,28,49,62,37,75,50
2022-05-31 13:00:00,27,0,69,64,59,34,78,64,61,71,68
2022-05-31 14:00:00,0,0,65,63,67,27,68,56,53,86,73
2022-05-31 15:00:00,28,0,71,65,70,42,53,37,48,65,71
2022-05-31 16:00:00,28,31,45,74,59,49,49,45,45,69,72
2022-05-31 17:00:00,29,32,54,72,60,22,48,61,65,69,75
2022-05-31 18:00:00,0,0,57,70,64,0,39,54,55,60,67
2022-05-31 19:00:00,0,0,52,62,66,24,41,62,50,57,70
2022-05-31 20:00:00,0,0,49,71,68,35,54,35,49,54,75
2022-05-31 21:00:00,0,43,40,67,67,19,43,69,55,68,69
2022-05-31 22:00:00,0,0,54,89,71,0,57,57,37,76,68
2022-05-31 23:00:00,0,0,40,95,66,35,36,70,41,83,65
2022-06-01 00:00:00,46,0,59,79,55,46,44,70,43,85,63
2022-06-01 01:00:00,0,49,44,94,56,33,61,71,29,83,61
2022-06-01 02:00:00,0,0,36,87,59,22,62,66,40,79,52
2022-06-01 03:00:00,0,0,51,85,64,58,76,97,52,88,46
2022-06-01 04:00:00,46,0,48,57,62,58,44,78,38,93,50
2022-06-01 05:00:00,0,0,75,56,63,65,67,42,56,75,42
2022-06-01 06:00:00,0,0,39,59,52,40,55,67,54,76,42
2022-06-01 07:00:00,0,41,81,52,60,9,99,100,46,62,42
2022-06-01 08:00:00,72,0,64,43,56,36,68,85,43,67,42
2022-06-01 09:00:00,0,0,81,32,100,26,57,58,47,78,41
2022-06-01 10:00:00,0,0,58,52,62,42,63,52,47,59,41
2022-06-01 11:00:00,30,0,43,53,54,15,79,69,38,66,49
2022-06-01 12:00:00,0,0,30,56,63,14,47,50,48,69,52
2022-06-01 13:00:00,27,28,60,50,59,20,80,58,45,71,66
2022-06-01 14:00:00,27,28,59,59,56,27,54,74,49,77,72
2022-06-01 15:00:00,28,0,59,64,57,0,36,63,34,76,74
2022-06-01 16:00:00,0,0,56,73,59,21,67,44,49,69,69
2022-06-01 17:00:00,0,0,60,65,54,30,41,48,37,65,78
2022-06-01 18:00:00,0,63,50,56,57,37,44,87,39,62,69
2022-06-01 19:00:00,0,32,62,47,56,0,53,70,54,62,78
2022-06-01 20:00:00,0,70,39,78,60,8,58,71,54,61,78
2022-06-01 21:00:00,0,41,38,76,65,10,40,54,39,69,71
2022-06-01 22:00:00,0,0,59,71,51,11,61,73,60,69,84
2022-06-01 23:00:00,91,0,42,88,65,11,20,81,51,77,73
2022-06-02 00:00:00,0,0,41,72,65,22,38,58,63,82,69
2022-06-02 01:00:00,0,46,59,69,56,43,42,57,49,87,70
2022-06-02 02:00:00,45,47,41,92,56,11,66,93,37,81,67
2022-06-02 03:00:00,46,48,40,68,59,34,32,64,43,86,58
2022-06-02 04:00:00,0,0,71,67,57,46,52,62,44,95,56
2022-06-02 05:00:00,0,0,51,55,63,22,46,67,39,73,57
2022-06-02 06:00:00,0,83,59,44,57,49,100,46,45,77,45
2022-06-02 07:00:00,38,0,68,51,54,28,69,65,65,73,42
2022-06-02 08:00:00,0,0,48,46,53,37,64,68,41,78,45
2022-06-02 09:00:00,0,38,49,50,56,27,54,65,26,68,41
2022-06-02 10:00:00,0,0,63,52,59,34,77,62,47,72,44
2022-06-02 11:00:00,0,0,58,39,59,16,54,48,50,71,50
2022-06-02 12:00:00,0,31,55,46,56,66,44,66,47,75,53
2022-06-02 13:00:00,0,30,52,63,55,28,34,57,35,78,60
2022-06-02 14:00:00,55,0,54,63,53,21,60,51,60,63,70
2022-06-02 15:00:00,29,0,93,64,51,29,50,44,46,65,74
2022-06-02 16:00:00,0,0,57,73,49,14,45,48,45,63,74
2022-06-02 17:00:00,0,0,59,68,53,36,51,47,48,71,70
2022-06-02 18:00:00,0,33,40,71,54,0,46,52,44,69,72
2022-06-02 19:00:00,0,0,65,71,49,16,55,47,51,62,76
2022-06-02 20:00:00,35,0,45,66,60,17,42,55,52,77,89
2022-06-02 21:00:00,0,0,74,80,63,10,49,65,76,62,77
2022-06-02 22:00:00,0,46,76,79,51,66,54,74,45,79,81
2022-06-02 23:00:00,47,49,100,85,48,23,48,86,69,83,72
2022-06-03 00:00:00,0,48,34,88,48,11,48,61,49,84,71
2022-06-03 01:00:00,0,0,46,89,53,22,38,78,44,95,67
2022-06-03 02:00:00,0,0,44,83,45,11,27,59,64,90,58
2022-06-03 03:00:00,0,0,59,67,45,46,36,62,73,84,59
2022-06-03 04:00:00,47,0,26,65,49,47,61,72,100,70,55
2022-06-03 05:00:00,89,0,66,45,53,44,42,76,29,82,52
2022-06-03 06:00:00,41,0,65,63,58,41,50,66,48,81,48
2022-06-03 07:00:00,39,41,79,57,54,48,57,50,37,69,49
2022-06-03 08:00:00,0,0,63,43,55,48,53,60,47,66,59
2022-06-03 09:00:00,0,0,97,36,67,46,64,81,61,70,55
2022-06-03 10:00:00,0,0,55,48,51,18,71,56,42,62,56
2022-06-03 11:00:00,0,0,61,51,48,33,54,44,52,62,61
2022-06-03 12:00:00,0,0,43,43,50,15,60,46,48,60,64
2022-06-03 13:00:00,0,0,50,48,58,36,56,43,41,75,78
2022-06-03 14:00:00,0,30,46,66,52,21,70,66,59,82,87
2022-06-03 15:00:00,0,0,57,75,52,22,33,57,39,58,94
2022-06-03 16:00:00,31,32,64,66,52,46,56,29,74,68,86
2022-06-03 17:00:00,0,33,44,59,49,31,68,60,40,76,85
2022-06-03 18:00:00,0,0,38,69,57,33,48,70,44,66,93
2022-06-03 19:00:00,0,36,51,63,56,26,33,54,39,65,96
2022-06-03 20:00:00,38,39,37,69,58,19,36,62,42,61,100
2022-06-03 21:00:00,42,0,54,58,56,21,44,45,45,74,91
2022-06-03 22:00:00,0,49,57,63,59,12,52,65,44,62,97
2022-06-03 23:00:00,0,51,45,70,48,37,55,71,64,73,84
2022-06-04 00:00:00,100,0,43,68,50,12,35,67,44,72,78
2022-06-04 01:00:00,50,0,58,68,54,25,52,51,26,85,82
2022-06-04 02:00:00,0,53,65,58,49,25,39,61,50,71,79
2022-06-04 03:00:00,0,54,54,52,60,26,40,79,40,100,72
2022-06-04 04:00:00,0,0,62,52,53,40,74,95,22,73,68
2022-06-04 05:00:00,0,53,59,54,64,25,31,45,45,72,53
2022-06-04 06:00:00,0,0,53,35,50,36,41,73,34,78,47
2022-06-04 07:00:00,0,0,48,35,58,34,44,68,51,74,52
2022-06-04 08:00:00,89,46,46,35,62,22,42,45,49,68,50
2022-06-04 09:00:00,43,0,39,48,49,32,48,40,78,75,49
2022-06-04 10:00:00,41,43,55,38,58,20,43,64,31,83,49
2022-06-04 11:00:00,0,40,54,41,49,28,43,44,38,68,44
2022-06-04 12:00:00,0,0,51,39,52,27,35,59,53,61,42
2022-06-04 13:00:00,0,0,53,39,47,26,42,92,41,63,48
2022-06-04 14:00:00,34,0,35,46,51,8,44,65,53,68,55
2022-06-04 15:00:00,0,0,43,56,47,42,23,63,39,52,59
2022-06-04 16:00:00,67,0,37,39,42,33,32,47,26,67,61
2022-06-04 17:00:00,0,36,25,52,51,26,24,57,57,60,62
2022-06-04 18:00:00,0,0,42,51,48,63,44,47,55,58,60
2022-06-04 19:00:00,0,40,47,49,52,38,30,53,59,59,65
2022-06-04 20:00:00,0,42,59,53,49,10,31,52,62,51,62
2022-06-04 21:00:00,44,0,53,49,52,32,49,74,46,62,71
2022-06-04 22:00:00,0,0,66,74,57,36,29,85,46,77,60
2022-06-04 23:00:00,0,0,44,65,55,38,35,52,45,63,58
2022-06-05 00:00:00,52,0,60,51,52,26,22,65,64,70,60
2022-06-05 00:00:00,59,11,78,73,76,83,40,79,92,64,64
2022-06-05 01:00:00,55,7,64,74,78,71,31,83,87,64,62
2022-06-05 02:00:00,44,8,53,74,76,79,40,82,79,68,61
2022-06-05 03:00:00,71,6,63,75,75,84,38,87,87,73,58
2022-06-05 04:00:00,59,10,65,70,76,82,45,85,81,75,56
2022-06-05 05:00:00,70,7,67,63,81,74,51,87,83,68,49
2022-06-05 06:00:00,70,5,70,55,78,79,49,83,79,67,46
2022-06-05 07:00:00,82,3,66,52,78,86,54,73,91,65,44
2022-06-05 08:00:00,90,8,61,48,80,84,57,77,90,61,43
2022-06-05 09:00:00,68,8,71,49,83,100,53,75,94,62,43
2022-06-05 10:00:00,58,7,66,48,82,98,54,72,97,62,43
2022-06-05 11:00:00,47,13,69,50,83,91,48,70,91,64,42
2022-06-05 12:00:00,68,14,60,51,81,79,44,71,98,67,46
2022-06-05 13:00:00,53,7,57,55,80,77,45,71,92,70,47
2022-06-05 14:00:00,77,4,66,61,79,80,44,73,93,69,51
2022-06-05 15:00:00,81,7,59,63,70,75,46,72,96,67,52
2022-06-05 16:00:00,92,9,58,64,75,76,44,72,95,67,55
2022-06-05 17:00:00,47,9,60,66,75,66,43,76,98,66,57
2022-06-05 18:00:00,52,8,61,66,72,72,45,73,100,58,58
2022-06-05 19:00:00,33,6,55,70,76,68,42,73,98,57,58
2022-06-05 20:00:00,53,11,54,72,81,72,47,78,94,56,62
2022-06-05 21:00:00,62,12,57,77,88,81,48,77,99,59,63
2022-06-05 22:00:00,47,11,60,86,79,74,45,81,97,61,66
2022-06-05 23:00:00,63,12,58,87,75,72,44,84,89,67,63
2022-06-06 00:00:00,29,9,60,86,72,70,46,82,84,79,62
2022-06-06 01:00:00,42,8,70,89,78,65,65,82,80,82,60
2022-06-06 02:00:00,59,9,69,88,81,81,60,89,79,90,59
2022-06-06 03:00:00,51,11,77,87,82,85,65,90,80,88,56
2022-06-06 04:00:00,83,11,81,82,80,91,74,91,77,86,55
2022-06-06 05:00:00,78,5,81,68,90,83,78,85,73,80,48
2022-06-06 06:00:00,58,7,89,61,82,72,87,88,84,80,44
2022-06-06 07:00:00,42,7,86,56,81,75,83,87,86,78,41
2022-06-06 08:00:00,32,5,91,57,83,73,86,85,85,75,46
2022-06-06 09:00:00,45,5,90,58,88,76,84,83,90,75,48
2022-06-06 10:00:00,84,7,86,55,85,74,73,73,81,70,49
2022-06-06 11:00:00,84,6,74,61,80,71,64,72,81,70,52
2022-06-06 12:00:00,75,5,72,60,76,70,63,68,86,74,55
2022-06-06 13:00:00,79,3,75,69,77,65,65,74,84,75,74
2022-06-06 14:00:00,62,6,74,76,77,73,65,73,89,77,84
2022-06-06 15:00:00,72,6,75,81,79,68,65,77,89,73,79
2022-06-06 16:00:00,51,6,76,80,78,68,62,70,89,74,76
2022-06-06 17:00:00,67,7,74,82,79,61,60,69,91,74,77
2022-06-06 18:00:00,59,7,67,77,81,58,59,77,94,66,77
2022-06-06 19:00:00,60,4,65,80,81,64,63,79,89,68,79
2022-06-06 20:00:00,56,6,70,82,88,64,64,80,89,70,83
2022-06-06 21:00:00,58,8,65,89,86,67,57,87,88,69,81
2022-06-06 22:00:00,65,11,66,97,84,68,59,88,88,72,79
2022-06-06 23:00:00,39,7,69,96,78,68,54,91,85,76,73
2022-06-07 00:00:00,74,10,67,97,79,73,63,91,81,95,68
2022-06-07 01:00:00,51,14,74,97,89,55,64,98,82,95,64
2022-06-07 02:00:00,42,19,78,95,91,77,76,94,78,98,61
2022-06-07 03:00:00,68,13,74,89,83,67,77,96,77,92,57
2022-06-07 04:00:00,83,15,78,81,91,68,79,94,75,85,52
2022-06-07 05:00:00,55,15,86,71,91,64,86,92,73,81,46
2022-06-07 06:00:00,62,9,89,63,82,59,89,97,73,78,43
2022-06-07 07:00:00,38,9,98,58,83,70,94,93,81,76,44
2022-06-07 08:00:00,90,8,96,56,81,59,92,92,77,74,46
2022-06-07 09:00:00,57,8,100,57,86,57,98,86,77,70,46
2022-06-07 10:00:00,79,10,87,57,83,63,85,79,78,71,48
2022-06-07 11:00:00,63,7,75,61,82,61,80,77,75,71,51
2022-06-07 12:00:00,49,10,77,63,78,56,71,74,74,72,54
2022-06-07 13:00:00,77,6,76,78,79,53,75,77,81,76,69
2022-06-07 14:00:00,57,8,84,84,79,67,70,83,86,77,78
2022-06-07 15:00:00,78,6,80,87,79,74,69,81,87,74,74
2022-06-07 16:00:00,85,8,80,84,81,74,64,75,89,77,71
2022-06-07 17:00:00,61,7,74,90,78,69,64,72,91,74,72
2022-06-07 18:00:00,70,5,72,83,83,65,58,77,92,70,75
2022-06-07 19:00:00,69,8,67,82,83,74,60,75,87,68,77
2022-06-07 20:00:00,71,8,67,86,97,68,65,76,85,70,81
2022-06-07 21:00:00,83,6,67,94,100,78,58,86,93,69,81
2022-06-07 22:00:00,65,10,67,99,97,75,62,85,83,71,78
2022-06-07 23:00:00,58,8,61,100,89,77,61,85,86,79,74
2022-06-08 00:00:00,63,10,60,100,83,67,58,88,86,93,70
2022-06-08 01:00:00,68,8,71,97,81,72,65,91,76,99,65
2022-06-08 02:00:00,63,9,69,96,80,87,81,98,79,99,61
2022-06-08 03:00:00,76,8,70,93,82,68,73,100,80,96,58
2022-06-08 04:00:00,65,10,78,79,84,79,71,90,74,86,52
2022-06-08 05:00:00,82,5,84,68,89,65,84,87,72,78,45
2022-06-08 06:00:00,52,8,90,59,83,61,100,91,75,79,42
2022-06-08 07:00:00,51,6,90,58,85,59,95,93,80,74,40
2022-06-08 08:00:00,56,6,98,58,84,67,95,92,81,70,43
2022-06-08 09:00:00,57,6,98,58,83,69,95,85,84,71,45
2022-06-08 10:00:00,47,5,82,57,83,68,79,76,82,70,45
2022-06-08 11:00:00,46,6,80,63,80,59,72,76,80,74,50
2022-06-08 12:00:00,56,7,77,65,82,64,69,74,78,73,51
2022-06-08 13:00:00,50,7,87,76,79,65,78,73,81,77,68
2022-06-08 14:00:00,47,4,81,87,74,58,70,77,85,80,74
2022-06-08 15:00:00,75,5,80,86,76,65,71,79,85,76,77
2022-06-08 16:00:00,82,6,74,85,75,53,62,75,87,77,72
2022-06-08 17:00:00,42,7,78,87,78,58,63,84,92,76,72
2022-06-08 18:00:00,74,8,69,81,79,64,62,74,94,68,72
2022-06-08 19:00:00,67,7,76,85,82,51,56,76,93,68,75
2022-06-08 20:00:00,51,6,75,88,85,64,60,80,88,68,80
2022-06-08 21:00:00,87,7,87,97,91,67,61,82,94,68,80
2022-06-08 22:00:00,65,9,66,96,83,66,60,87,90,73,77
2022-06-08 23:00:00,73,7,74,99,77,69,59,85,82,77,72
2022-06-09 00:00:00,87,8,63,92,72,59,60,84,75,96,64
2022-06-09 01:00:00,44,8,67,94,74,67,59,86,76,100,59
2022-06-09 02:00:00,28,8,73,96,78,66,70,95,78,98,61
2022-06-09 03:00:00,43,8,75,89,78,65,67,94,70,93,56
2022-06-09 04:00:00,62,9,75,82,78,56,75,89,70,85,52
2022-06-09 05:00:00,48,8,87,69,82,58,79,88,69,82,45
2022-06-09 06:00:00,74,5,89,61,76,61,86,91,74,76,43
2022-06-09 07:00:00,61,4,98,59,76,58,96,92,84,72,42
2022-06-09 08:00:00,45,4,95,60,73,64,99,96,80,70,45
2022-06-09 09:00:00,66,4,90,58,79,63,91,87,83,67,47
2022-06-09 10:00:00,63,3,80,57,74,59,79,76,77,67,50
2022-06-09 11:00:00,81,5,81,59,71,58,73,74,78,69,51
2022-06-09 12:00:00,51,4,76,67,72,56,72,75,89,74,58
2022-06-09 13:00:00,43,6,80,72,74,62,76,75,83,77,71
2022-06-09 14:00:00,60,4,81,81,73,62,74,82,79,79,77
2022-06-09 15:00:00,63,4,72,83,73,60,72,76,84,74,74
2022-06-09 16:00:00,57,6,72,81,76,69,58,73,90,75,72
2022-06-09 17:00:00,54,6,71,82,78,65,59,75,95,74,75
2022-06-09 18:00:00,65,6,71,80,82,66,60,77,94,69,76
2022-06-09 19:00:00,64,7,64,79,75,62,59,78,94,66,80
2022-06-09 20:00:00,76,10,62,86,83,67,57,77,93,64,83
2022-06-09 21:00:00,48,6,65,94,83,72,60,85,96,68,78
2022-06-09 22:00:00,74,10,65,94,82,71,57,83,94,73,76
2022-06-09 23:00:00,53,7,59,95,75,74,58,83,84,76,74
2022-06-10 00:00:00,56,9,60,93,72,67,59,89,88,96,68
2022-06-10 01:00:00,31,5,67,96,75,65,63,90,81,92,68
2022-06-10 02:00:00,70,8,66,95,71,63,66,96,83,94,70
2022-06-10 03:00:00,55,10,74,90,74,75,67,93,80,89,61
2022-06-10 04:00:00,43,9,75,80,82,66,74,90,74,72,56
2022-06-10 05:00:00,82,7,78,68,81,70,74,91,80,72,52
2022-06-10 06:00:00,59,5,85,61,76,65,90,93,80,74,49
2022-06-10 07:00:00,24,6,95,58,74,55,91,99,76,72,49
2022-06-10 08:00:00,52,7,91,56,75,70,92,93,84,64,50
2022-06-10 09:00:00,84,5,85,57,74,64,94,87,87,62,49
2022-06-10 10:00:00,60,4,81,58,75,64,78,78,79,60,52
2022-06-10 11:00:00,50,6,76,63,69,53,63,72,81,62,54
2022-06-10 12:00:00,84,7,71,60,69,58,70,73,83,64,56
2022-06-10 13:00:00,53,7,70,67,71,59,70,72,83,69,73
2022-06-10 14:00:00,54,9,77,71,76,65,71,79,91,73,83
2022-06-10 15:00:00,71,7,71,76,69,59,67,78,93,69,77
2022-06-10 16:00:00,73,8,68,73,77,53,56,76,94,70,79
2022-06-10 17:00:00,64,7,61,73,80,58,55,73,94,67,76
2022-06-10 18:00:00,62,11,58,74,76,60,60,75,97,66,77
2022-06-10 19:00:00,44,9,59,74,76,56,59,79,93,59,83
2022-06-10 20:00:00,63,9,58,91,81,68,55,79,94,56,100
2022-06-10 21:00:00,80,13,61,80,80,68,54,87,94,57,100
2022-06-10 22:00:00,86,13,59,80,77,71,51,85,96,60,92
2022-06-10 23:00:00,61,11,54,81,74,64,47,86,87,61,87
2022-06-11 00:00:00,50,10,55,80,70,70,44,79,85,70,84
2022-06-11 01:00:00,34,9,55,78,72,67,43,85,86,81,72
2022-06-11 02:00:00,26,12,59,76,69,71,49,81,80,77,69
2022-06-11 03:00:00,46,9,53,73,68,60,46,88,80,75,62
2022-06-11 04:00:00,56,10,65,72,67,73,52,91,84,76,64
2022-06-11 05:00:00,55,5,65,64,73,68,51,87,85,72,54
2022-06-11 06:00:00,48,6,65,58,72,54,58,80,89,69,50
2022-06-11 07:00:00,52,9,71,54,74,69,48,77,85,69,46
2022-06-11 08:00:00,55,8,62,48,72,68,50,76,88,64,41
2022-06-11 09:00:00,100,6,65,45,77,59,53,75,90,60,42
2022-06-11 10:00:00,54,8,63,47,75,76,46,70,89,59,41
2022-06-11 11:00:00,47,9,54,52,80,63,48,71,90,61,46
2022-06-11 12:00:00,53,7,61,51,82,59,42,69,87,65,48
2022-06-11 13:00:00,66,16,56,57,81,65,42,69,95,64,48
2022-06-11 14:00:00,65,10,61,59,81,56,46,69,89,65,50
2022-06-11 15:00:00,68,35,60,61,95,58,44,77,95,64,53
2022-06-11 16:00:00,44,21,52,63,91,69,48,74,94,65,57
2022-06-11 17:00:00,65,15,63,64,84,64,45,74,97,61,59
2022-06-11 18:00:00,36,13,52,66,83,71,48,78,97,59,62
2022-06-11 19:00:00,58,24,50,68,78,65,44,76,94,55,63
2022-06-11 20:00:00,40,37,51,70,82,64,44,77,97,53,65
2022-06-11 21:00:00,64,28,55,78,86,65,44,80,97,56,68
2022-06-11 22:00:00,55,100,58,78,79,60,43,84,99,60,69
2022-06-11 23:00:00,51,72,51,75,75,69,42,84,95,61,69
2022-06-12 00:00:00,67,94,47,75,75,78,34,81,80,62,66
2022-06-12 00:00:00,35,23,36,33,30,88,33,77,75,67,62
2022-06-12 01:00:00,44,6,45,34,32,68,38,75,79,71,61
2022-06-12 02:00:00,15,8,42,35,40,76,34,81,77,72,57
2022-06-12 03:00:00,35,10,36,34,45,84,34,85,80,73,53
2022-06-12 04:00:00,51,9,41,32,47,75,44,82,81,74,49
2022-06-12 05:00:00,57,13,51,30,56,85,49,89,81,75,45
2022-06-12 06:00:00,32,10,55,26,49,68,51,80,79,73,41
2022-06-12 07:00:00,44,9,50,24,46,78,48,76,80,73,40
2022-06-12 08:00:00,30,9,55,24,44,84,50,75,82,71,42
2022-06-12 09:00:00,47,8,49,22,41,83,57,74,90,63,41
2022-06-12 10:00:00,29,12,47,22,41,77,47,67,86,66,39
2022-06-12 11:00:00,21,9,49,23,40,64,43,68,81,63,39
2022-06-12 12:00:00,35,14,42,24,40,71,50,67,85,67,42
2022-06-12 13:00:00,37,15,45,27,38,80,50,70,84,69,43
2022-06-12 14:00:00,37,8,46,27,38,68,45,76,83,73,47
2022-06-12 15:00:00,41,5,51,29,34,73,41,71,85,71,49
2022-06-12 16:00:00,31,6,43,30,32,68,44,67,88,73,51
2022-06-12 17:00:00,28,5,47,30,32,70,41,74,86,68,53
2022-06-12 18:00:00,38,4,41,31,32,71,43,73,93,64,54
2022-06-12 19:00:00,26,5,40,33,34,66,43,75,91,61,58
2022-06-12 20:00:00,45,7,39,34,35,69,44,74,85,61,59
2022-06-12 21:00:00,33,7,43,38,38,52,47,80,88,62,63
2022-06-12 22:00:00,49,7,45,40,40,85,46,85,86,66,65
2022-06-12 23:00:00,42,10,46,41,37,72,49,80,82,72,63
2022-06-13 00:00:00,24,15,44,42,40,68,43,81,82,79,62
2022-06-13 01:00:00,40,19,49,41,53,71,55,84,81,93,59
2022-06-13 02:00:00,56,22,55,42,59,81,62,88,76,93,58
2022-06-13 03:00:00,68,31,60,41,73,88,63,88,75,96,56
2022-06-13 04:00:00,65,19,53,38,64,82,70,85,70,81,52
2022-06-13 05:00:00,76,18,65,32,64,81,72,84,76,80,46
2022-06-13 06:00:00,50,16,71,27,60,73,82,81,72,81,42
2022-06-13 07:00:00,34,17,76,26,58,73,82,89,81,78,44
2022-06-13 08:00:00,46,21,72,27,67,76,89,84,76,78,48
2022-06-13 09:00:00,64,33,72,26,76,74,87,82,74,75,47
2022-06-13 10:00:00,69,34,65,26,73,72,81,73,76,70,49
2022-06-13 11:00:00,81,40,57,30,77,68,72,74,75,73,53
2022-06-13 12:00:00,56,36,66,30,73,75,67,73,79,75,60
2022-06-13 13:00:00,51,100,62,33,69,71,74,70,76,79,75
2022-06-13 14:00:00,66,44,65,36,74,68,72,73,83,81,87
2022-06-13 15:00:00,65,53,61,36,82,83,64,74,81,77,87
2022-06-13 16:00:00,89,36,62,38,73,67,58,76,83,77,79
2022-06-13 17:00:00,89,33,63,36,71,64,56,72,88,79,76
2022-06-13 18:00:00,64,30,58,36,68,72,59,73,88,74,76
2022-06-13 19:00:00,99,28,52,36,70,70,59,76,92,69,83
2022-06-13 20:00:00,77,32,55,39,67,76,60,78,87,90,88
2022-06-13 21:00:00,79,31,54,44,66,73,56,81,82,84,85
2022-06-13 22:00:00,77,40,48,46,68,77,60,83,87,80,84
2022-06-13 23:00:00,88,45,47,45,64,75,53,85,84,81,74
2022-06-14 00:00:00,74,38,52,43,68,70,60,81,82,87,73
2022-06-14 01:00:00,67,56,54,43,73,83,64,90,74,97,66
2022-06-14 02:00:00,60,64,59,43,100,100,67,93,71,98,67
2022-06-14 03:00:00,76,39,59,41,73,82,77,88,71,93,59
2022-06-14 04:00:00,70,37,58,39,63,96,71,86,66,91,56
2022-06-14 05:00:00,69,29,62,32,60,86,79,87,70,83,50
2022-06-14 06:00:00,61,21,63,28,56,71,86,89,72,84,45
2022-06-14 07:00:00,71,18,73,28,52,65,97,91,75,82,44
2022-06-14 08:00:00,49,16,77,28,50,59,96,91,77,78,45
2022-06-14 09:00:00,62,18,75,28,48,71,92,88,76,80,46
2022-06-14 10:00:00,49,16,68,26,49,58,77,74,72,74,46
2022-06-14 11:00:00,40,19,60,28,48,64,75,73,76,72,50
2022-06-14 12:00:00,59,17,60,29,47,61,71,71,75,77,55
2022-06-14 13:00:00,53,15,63,33,50,63,71,77,79,82,67
2022-06-14 14:00:00,42,17,61,36,48,71,73,76,83,82,76
2022-06-14 15:00:00,64,15,64,39,47,59,68,75,86,82,74
2022-06-14 16:00:00,62,14,59,36,49,61,59,76,80,81,70
2022-06-14 17:00:00,60,15,58,36,49,65,59,73,84,76,72
2022-06-14 18:00:00,55,17,53,39,53,67,66,74,89,73,74
2022-06-14 19:00:00,45,17,53,37,52,68,58,79,87,76,82
2022-06-14 20:00:00,65,18,52,39,53,72,63,75,85,77,80
2022-06-14 21:00:00,69,19,51,41,56,70,59,78,86,81,77
2022-06-14 22:00:00,58,22,53,44,54,67,55,88,87,80,78
2022-06-14 23:00:00,45,21,50,45,47,80,52,92,84,82,74
2022-06-15 00:00:00,26,16,44,42,45,70,54,82,77,92,67
2022-06-15 01:00:00,51,18,56,42,44,63,64,90,74,97,63
2022-06-15 02:00:00,52,14,57,45,46,73,77,93,77,100,59
2022-06-15 03:00:00,48,17,56,42,48,71,74,90,71,96,55
2022-06-15 04:00:00,51,18,64,38,51,75,73,85,73,88,52
2022-06-15 05:00:00,58,19,66,33,55,63,80,86,69,82,46
2022-06-15 06:00:00,31,17,67,29,51,74,89,91,71,82,43
2022-06-15 07:00:00,58,16,73,29,47,57,90,88,73,81,40
2022-06-15 08:00:00,45,24,100,29,82,74,100,93,78,89,44
2022-06-15 09:00:00,56,28,76,28,64,72,89,83,78,76,44
2022-06-15 10:00:00,66,25,69,28,57,65,81,79,78,77,47
2022-06-15 11:00:00,42,17,57,28,49,68,72,73,76,74,49
2022-06-15 12:00:00,51,16,63,29,53,67,73,75,86,79,52
2022-06-15 13:00:00,66,14,62,33,49,74,78,75,80,82,69
2022-06-15 14:00:00,41,12,64,37,51,61,73,78,88,84,73
2022-06-15 15:00:00,41,12,62,38,53,63,68,79,88,82,71
2022-06-15 16:00:00,66,14,61,39,54,58,62,77,94,82,73
2022-06-15 17:00:00,61,17,59,38,52,61,60,76,98,78,75
2022-06-15 18:00:00,47,17,51,37,53,60,62,75,94,75,85
2022-06-15 19:00:00,68,14,52,39,51,61,61,77,96,75,93
2022-06-15 20:00:00,52,14,56,41,53,72,59,82,94,76,87
2022-06-15 21:00:00,62,14,53,46,49,66,53,85,98,75,82
2022-06-15 22:00:00,57,14,51,45,50,68,59,88,99,75,77
2022-06-15 23:00:00,53,12,45,43,43,64,52,86,89,78,75
2022-06-16 00:00:00,40,9,45,44,42,63,57,82,84,92,71
2022-06-16 01:00:00,29,8,52,44,43,54,58,87,82,90,64
2022-06-16 02:00:00,45,10,56,44,41,65,65,92,82,97,62
2022-06-16 03:00:00,25,11,56,43,41,78,62,92,81,89,56
2022-06-16 04:00:00,37,14,60,39,46,76,76,97,76,88,53
2022-06-16 05:00:00,43,11,67,34,45,52,69,89,79,85,49
2022-06-16 06:00:00,50,9,66,31,42,63,79,94,83,79,44
2022-06-16 07:00:00,42,9,76,29,41,57,87,92,91,79,43
2022-06-16 08:00:00,40,10,67,29,38,78,86,92,86,74,46
2022-06-16 09:00:00,58,9,71,28,39,69,86,87,82,71,46
2022-06-16 10:00:00,44,11,63,28,41,52,73,83,86,68,50
2022-06-16 11:00:00,49,10,56,30,40,50,65,77,86,70,54
2022-06-16 12:00:00,38,9,62,31,39,61,68,76,89,74,59
2022-06-16 13:00:00,51,8,62,34,38,53,71,79,90,78,73
2022-06-16 14:00:00,39,12,62,38,40,63,70,77,85,81,81
2022-06-16 15:00:00,47,12,60,39,39,55,63,79,91,79,83
2022-06-16 16:00:00,49,11,58,39,40,66,57,78,91,78,81
2022-06-16 17:00:00,51,9,54,39,39,58,59,78,98,75,80
2022-06-16 18:00:00,58,12,51,38,42,67,57,81,99,71,89
2022-06-16 19:00:00,61,12,50,36,43,60,55,79,99,68,93
2022-06-16 20:00:00,66,19,52,38,47,62,56,84,97,70,100
2022-06-16 21:00:00,48,17,51,42,49,65,59,90,97,66,90
2022-06-16 22:00:00,50,18,50,100,45,64,54,86,95,66,85
2022-06-16 23:00:00,66,16,44,84,50,54,57,93,91,74,80
2022-06-17 00:00:00,54,15,47,72,43,69,52,96,93,79,72
2022-06-17 01:00:00,46,11,57,60,44,78,53,98,87,85,68
2022-06-17 02:00:00,42,12,55,55,40,59,64,100,83,86,62
2022-06-17 03:00:00,49,10,55,49,41,65,58,93,75,83,57
2022-06-17 04:00:00,50,11,56,46,43,70,65,93,86,82,54
2022-06-17 05:00:00,44,11,65,42,46,75,76,88,78,79,51
2022-06-17 06:00:00,42,8,64,39,41,62,84,91,78,80,47
2022-06-17 07:00:00,41,7,66,35,38,59,87,91,79,74,45
2022-06-17 08:00:00,31,5,67,37,36,53,88,92,89,72,46
2022-06-17 09:00:00,39,6,70,32,37,63,83,86,82,65,46
2022-06-17 10:00:00,37,7,62,33,38,51,70,80,90,65,48
2022-06-17 11:00:00,36,6,56,33,36,56,64,71,84,65,51
2022-06-17 12:00:00,37,6,54,35,37,58,63,74,84,69,53
2022-06-17 13:00:00,39,7,50,40,36,57,62,76,93,72,70
2022-06-17 14:00:00,45,7,56,41,38,65,64,78,89,75,73
2022-06-17 15:00:00,41,6,55,42,36,58,58,76,84,72,68
2022-06-17 16:00:00,45,7,50,40,35,60,53,78,94,72,69
2022-06-17 17:00:00,46,8,54,38,36,52,56,76,96,70,70
2022-06-17 18:00:00,38,7,48,40,37,57,54,79,99,62,75
2022-06-17 19:00:00,41,8,46,38,37,62,53,81,97,62,78
2022-06-17 20:00:00,46,9,46,39,39,56,51,82,99,61,82
2022-06-17 21:00:00,47,7,43,40,40,66,51,87,98,63,80
2022-06-17 22:00:00,44,9,42,43,38,60,47,85,100,66,77
2022-06-17 23:00:00,37,9,40,42,36,57,42,84,97,73,74
2022-06-18 00:00:00,48,7,42,42,35,74,40,82,94,77,67
2022-06-18 01:00:00,28,8,44,41,37,65,42,85,85,84,62
2022-06-18 02:00:00,48,8,45,43,36,72,40,83,87,85,59
2022-06-18 03:00:00,51,8,48,42,37,64,42,81,85,85,56
2022-06-18 04:00:00,47,8,46,33,35,63,41,73,81,79,48
2022-06-18 05:00:00,30,6,50,31,34,55,45,73,78,75,43
2022-06-18 06:00:00,32,8,46,29,35,44,47,71,67,70,41
2022-06-18 07:00:00,62,25,48,28,56,57,46,73,75,70,38
2022-06-18 08:00:00,64,32,45,24,53,58,47,68,84,65,42
2022-06-18 09:00:00,56,23,47,24,52,62,43,72,85,66,36
2022-06-18 10:00:00,60,18,43,23,46,65,41,62,78,64,36
2022-06-18 11:00:00,48,16,39,23,47,60,39,64,80,62,38
2022-06-18 12:00:00,53,19,38,24,49,57,38,63,87,63,41
2022-06-18 13:00:00,52,18,40,25,47,58,35,65,78,65,43
2022-06-18 14:00:00,74,15,41,26,47,63,42,67,85,66,46
2022-06-18 15:00:00,49,17,43,27,47,65,41,68,88,68,50
2022-06-18 16:00:00,71,22,39,28,50,66,37,72,87,66,52
2022-06-18 17:00:00,74,21,43,29,51,60,37,72,90,70,54
2022-06-18 18:00:00,63,30,42,30,60,57,39,73,86,63,59
2022-06-18 19:00:00,64,34,41,30,66,64,31,77,86,59,62
2022-06-18 20:00:00,78,52,41,30,77,70,40,77,88,58,64
2022-06-18 21:00:00,100,45,40,32,67,67,45,81,90,58,62
2022-06-18 22:00:00,90,27,37,33,55,70,42,84,87,58,65
2022-06-18 23:00:00,67,21,37,34,48,62,37,80,81,59,61
2022-06-19 00:00:00,66,21,36,33,46,56,32,78,82,64,59
2022-06-19 00:00:00,88,91,87,90,79,87,82,92,100,86,100
